21.966,6.1662,5.6884,5.7341,2.9434,7.3582,8.7432,3.2016,3.9316,2.6069,2.6049,3.9232,2.688,2.6017,2.7996,4.8057,3.604,2.7254,2.4372,3.145,3.2731,5.9752,3.0757,3.365,2.6432,2.7731,1.0685,4.3707,30.622,1.1299,2.7735,1.559,1.6371,2.2667,3.258,7.4909,3.9276,3.9048,3.0325,3.2956,1.0612,8.7758,2.5951,2.5045,1.1573,3.6724,3.4591,2.7136,5.9352,4.9333,0.82563,1.5115,2.4553,3.5065,3.232,4.026,1.1596,1.0988,1.1875,1.1763,2.876,1.5688,6.6014,0.69134,2.9238,2.4425,2.6031,1.0262,5.672,2.6009,4.9318,2.9635,5.8719,2.7395
23.559,7.9881,6.3592,6.4763,4.0266,7.8882,9.5653,6.5722,4.1364,3.9011,5.874,4.1953,4.0277,2.7372,2.9054,9.1636,8.0929,2.8307,3.2375,3.9056,3.9094,8.2425,3.3614,6.2681,3.3008,8.8991,1.5708,6.3331,30.763,1.8942,4.1749,3.4698,1.7731,2.3704,4.412,7.6337,4.8351,6.5725,3.1385,3.9342,1.9361,10.992,2.8241,2.6224,2.2412,5.024,5.9958,5.4907,6.6012,7.9425,2.434,1.6291,2.765,4.5613,3.893,11.23,1.276,1.2428,1.3013,1.2707,4.0336,1.6708,8.8898,3.2781,4.1667,2.5262,3.0627,2.5735,5.7751,10.872,7.0872,4.3348,7.0591,4.0077
23.699,8.7278,7.4677,7.2975,4.1338,8.0063,9.7385,6.826,8.0609,8.9555,6.5576,6.972,4.1701,2.8366,11.134,9.4621,9.6052,6.3373,3.3552,4.0025,4.0027,8.3285,6.8235,6.3673,3.9058,10.875,1.725,6.9965,34.331,2.2399,4.9255,4.4005,2.6682,2.6444,6.595,20.917,7.3604,7.5726,5.6286,4.0414,2.6904,11.104,2.9068,2.8201,2.8714,6.6382,6.1092,5.6664,6.8416,8.5071,2.8055,2.0761,3.1326,4.8915,6.097,11.991,2.7623,1.5012,3.0747,5.7879,5.0393,3.2723,8.9954,3.456,5.0559,5.0257,3.1992,2.6939,5.928,23.257,7.9354,5.5552,8.3407,5.7666
29.774,9.0623,7.6074,7.9064,9.4249,8.1294,10.169,7.0902,8.1669,20.432,6.64,7.2197,5.1616,3.0774,18.341,9.5951,10.943,6.47,3.4978,8.906,4.3676,14.605,8.8571,6.6342,4.4017,11,2.1352,7.1329,36.801,2.4379,5.031,4.5381,3.2247,2.8571,6.932,21.043,7.4984,7.6655,5.7718,4.4706,2.9757,14.356,5.6977,3.002,4.8311,6.8645,6.8246,7.1602,6.9903,11.593,2.9347,3.257,3.9017,7.9076,6.8069,12.311,2.9098,1.6947,3.1648,7.3211,5.263,3.3898,13.357,4.0093,5.3769,6.6534,4.8052,4.4309,9.413,25.904,11.132,5.7543,8.6955,13.024
29.864,9.404,7.9864,9.1605,10.492,14.562,10.961,8.904,9.1642,20.661,7.4294,7.495,6.0634,6.9727,18.463,10.432,17.339,7.9972,6.4286,9.0428,6.6359,16.87,9.0599,6.7747,5.3925,17.254,2.2289,7.9681,36.932,2.5949,5.4696,8.8928,3.6292,3.0952,10.928,23.14,7.6979,8.9626,8.7045,4.6089,3.6939,17.428,5.8062,7.2907,4.9937,8.6923,8.1386,8.6654,8.2293,11.972,3.3722,4.1696,6.9385,8.2605,7.0013,12.801,3.3032,1.8677,3.4371,7.4392,5.3712,4.9411,17.687,5.3353,5.945,9.3269,5.0582,4.902,11.494,32.726,11.265,7.8607,8.8017,13.134
33.858,9.7395,8.1083,9.2662,10.939,20.495,11.528,20.399,9.2689,23.598,7.5693,9.7102,6.9432,7.1001,18.759,10.628,20.207,9.2242,8.0566,17.224,6.7264,23.266,14.508,8.6867,7.8932,20.708,2.6591,8.0919,39.264,3.1433,5.8058,8.9974,5.2426,3.8251,11.093,23.267,8.5095,9.0731,8.8028,6.8095,6.2651,20.904,6.89,7.5292,5.7678,8.7973,8.2659,8.8091,9.7971,12.231,6.2661,4.6047,7.6669,8.6699,8.699,14.438,4.5633,2.2979,3.6398,11.736,11.089,5.1007,17.838,7.2947,8.5024,9.4965,5.2961,5.9652,13.454,34.786,13.034,12.102,9.4047,13.971
34.029,11.125,10.366,9.9704,11.104,20.638,11.998,20.725,9.7203,23.728,7.9436,9.9621,7.9768,8.8957,20.07,11.025,20.333,9.4365,18.328,20.389,8.8985,34.106,20.4,8.8104,8.9359,25.869,3.8997,8.7723,40.388,3.7344,5.9306,11.058,5.3634,4.7688,11.191,28.688,8.7073,11.607,9.4193,7.0415,6.4392,21.032,7.0346,8.3587,6.11,12.126,9.0955,9.4431,11.006,12.426,6.4004,4.8315,8.8013,8.906,9.2357,14.539,5.5626,3.4323,4.5904,11.842,11.264,5.3743,19.761,7.4683,8.6389,10.376,5.9673,7.197,13.574,36.16,13.505,12.228,9.7283,17.499
36.124,11.373,10.531,10.079,11.599,21.106,12.329,23.594,10.071,25.554,8.7701,10.077,8.0951,9.0076,25.738,11.503,20.462,9.5673,18.458,20.501,10.975,34.225,20.736,9.7018,20.395,30.768,8.7929,12.298,41.793,4.4376,7.9606,11.655,6.9891,4.834,13.739,28.791,9.7094,11.736,11.763,7.8006,7.9673,29.058,8.6631,9.1561,6.2307,13.339,9.3887,10.871,11.908,13.036,8.539,5.4009,13.459,12.733,14.667,29.821,5.7989,5.2643,5.2035,14.701,14.04,5.8319,19.89,10.64,8.8394,10.496,6.2593,7.9236,13.975,36.269,14.091,12.966,10.568,17.632
36.566,11.53,21.466,10.402,12.161,21.599,13.19,23.738,10.958,25.775,10.828,10.301,8.7428,16.467,25.888,11.763,21.587,9.7399,21.423,25.828,11.192,37.952,25.783,9.8066,20.828,30.858,8.9683,23.462,42.72,4.8038,8.8432,12.29,7.6934,5.7591,20.156,29.858,9.837,20.397,11.86,8.5967,8.268,34.188,9.1095,9.7565,6.8266,15.768,9.4891,11.137,14.562,13.265,8.6625,5.5005,14.376,13.605,15.761,46.219,6.7025,5.8056,6.1247,18.956,14.224,5.9295,20.067,10.777,8.9632,11.085,6.4964,8.459,14.102,39.439,21.018,13.135,10.673,18.164
39.869,12.126,21.6,10.962,12.309,23.362,13.337,24.838,11.105,25.932,10.976,10.795,9.7008,16.599,38.899,11.871,28.569,10.591,21.566,26.403,11.639,38.031,28.738,10.927,21.254,32.734,10.404,25.82,43.105,5.2383,8.9731,16.388,8.1672,12.434,20.665,37.524,11.762,20.491,17.524,9.3748,9.7628,38.25,10.932,9.8743,6.8967,15.933,11.022,11.804,14.67,13.406,10.803,5.6958,20.324,13.728,16.332,72.465,6.8556,6.0789,6.7972,20.803,20.964,7.0222,20.695,11.735,10.799,11.21,6.8095,8.5585,14.231,40.524,21.162,13.397,11.065,21.588
40.235,12.338,32.664,11.404,13.806,24.691,14.061,24.927,11.868,31.334,13.165,11.062,10.421,20.836,50.684,12.366,48.394,10.833,22.5,32.731,11.777,39.971,32.858,11.075,22.292,32.841,14.525,27.335,43.86,5.9038,9.9896,16.51,8.3632,13.227,20.994,37.595,11.867,20.735,18.243,9.5012,10.642,38.367,11.168,10.002,7.6034,16.929,12.699,12.131,16.453,14.753,11.667,5.9354,20.771,21.406,16.993,72.567,7.0676,6.5982,6.9399,28.454,21.106,7.3097,20.827,16.524,11.622,14.96,6.9046,8.8274,14.368,41.072,25.894,17.528,14.176,21.669
40.428,13.691,32.801,11.768,14.52,26.37,14.405,25.778,12.104,31.439,13.294,11.871,10.978,20.972,52.485,12.776,50.238,11.136,23.472,32.842,17.554,40.826,44.684,12.097,22.662,36.226,14.638,31.387,45.896,6.1355,10.504,17.666,9.2929,14.331,21.729,46.261,12.203,21.261,18.366,10.93,16.039,39.002,11.842,12.734,8.6715,17.097,12.826,14.39,16.907,14.893,12.13,6.1361,21.235,22.574,21.222,78.05,7.5008,6.796,7.4369,28.67,25.663,7.4077,23.606,17.029,12.23,17.46,10.177,9.4334,14.667,43.401,27.229,21.231,15.206,22.101
40.74,14.065,78.928,12.305,16.961,29.659,14.542,32.723,12.793,32.728,13.498,11.99,12.332,25.825,59.296,13.694,51.727,11.36,24.001,37.81,18.325,45.528,44.79,13.724,24.762,36.335,16.992,31.489,46.15,7.3941,10.74,18.331,9.3881,20.063,22.569,66.332,13.841,21.408,19.003,11.076,16.509,40.236,12.074,13.367,9.0671,22.241,12.93,15.321,19.768,16.403,12.393,6.5287,22.104,22.732,22.525,78.933,7.9293,7.4981,8.2276,29.831,25.899,8.2998,23.702,17.136,13.131,22.537,13.424,12.125,16.398,43.593,28.551,21.367,15.824,23.499
41.356,14.411,78.995,12.777,17.195,29.762,39.121,32.839,12.995,42.775,14.064,14.402,12.439,32.721,70.754,14.425,53.295,11.526,24.136,37.928,20.4,45.672,60.435,14.597,26.463,39.472,17.162,34.003,46.302,7.49,10.873,20.666,9.5315,20.24,24.63,68.195,19.006,25.13,19.252,11.995,16.607,44.765,12.561,13.562,9.4009,23.19,13.604,17.129,22.527,16.521,12.829,6.6702,22.82,23.735,23.907,87.23,8.4872,7.6293,8.3279,31.224,34.259,10.63,24.803,19.69,13.6,25.686,13.597,14.954,20.553,43.795,29.694,22.528,18.094,23.663
41.531,14.542,87.22,13.16,17.728,35.538,45.329,37.761,14.406,42.896,14.159,14.543,14.471,32.84,73.834,14.538,53.398,11.765,24.439,42.761,21.242,50.123,64.035,16.203,29.569,42.655,17.287,34.17,47.253,7.6247,11.143,20.766,9.7256,20.626,25.089,77.271,19.124,38.266,21.204,12.14,19.767,44.903,13.124,16.433,9.4984,23.805,13.726,17.734,22.631,17.384,12.978,7.3945,24.831,23.921,24.834,87.291,9.1678,8.0586,9.5241,31.366,34.358,11.131,25.837,21.068,20.41,25.831,19.169,16.237,21.575,44.636,30.852,23.555,21.098,24.225
41.822,NaN,87.337,13.873,18.059,35.641,45.467,42.767,14.531,48.887,14.396,NaN,16.362,37.82,77.153,15.033,59.762,12.101,25.842,42.868,21.339,51.852,64.133,17.789,30.771,42.828,17.788,38.37,49.954,8.1343,11.276,25.838,10.897,21.297,25.205,77.394,19.696,38.766,22.555,15.508,21.126,46.397,13.3,16.799,9.7243,23.939,14.626,19.47,23.838,17.508,13.233,7.6755,26.44,25.939,26.988,NaN,9.431,9.2398,9.795,34.523,36.161,11.263,25.934,21.257,22.098,25.937,19.291,18.229,22.662,46.264,30.972,23.689,21.664,28.567
43.467,NaN,NaN,14.409,18.23,38.968,61.392,42.862,15.038,51.1,14.539,NaN,18.288,39.934,79.783,23.531,60.472,12.335,25.971,43.601,24.362,52.061,64.438,17.902,32.159,43.568,17.941,38.495,50.159,8.7963,11.59,26.001,11.123,21.819,25.891,78.922,21.306,38.92,22.654,16.633,22.47,46.519,13.433,18.354,10.825,26.956,14.896,20.765,24.565,17.654,13.434,7.8011,26.56,26.054,28.33,NaN,9.8858,9.4999,11.026,34.669,36.317,12.225,28.971,22.532,23.669,26.636,20.395,20.743,23.434,46.599,36.258,24.628,22.489,30.833
45.327,NaN,NaN,14.538,18.338,39.067,61.564,43.584,15.176,53.127,20.77,NaN,18.402,40.064,80.237,26.287,70.287,13.105,27.336,43.691,25.832,52.3,64.56,20.742,32.296,44.685,18.6,38.974,50.495,9.0618,11.854,26.376,11.899,22.173,26.432,87.206,21.568,39.867,22.907,17.038,22.936,47.731,14.409,19.676,11.765,29.59,19.84,20.972,24.831,17.798,13.561,7.9568,29.517,26.631,28.4,NaN,10.635,11.987,17.036,35.495,39.365,12.706,32.724,23.801,24.197,27.667,22.558,21.033,25.106,47.995,36.357,24.97,23.824,31.83
46.331,NaN,NaN,15.042,19.098,44.827,64.666,43.689,20.374,59.039,20.974,NaN,20.337,47.585,80.783,30.093,78.929,13.5,30.661,44.683,26.126,58.326,70.082,20.865,32.728,47.628,18.707,39.892,50.587,9.174,12.6,29.057,12.134,22.621,28.859,87.329,25.425,40.002,23.809,21.166,28.522,49.566,14.541,19.898,13.565,29.694,20.068,21.363,24.938,17.958,14.53,8.7897,34.068,27.291,32.729,NaN,10.727,12.972,17.234,35.623,39.492,12.833,44.573,24.161,24.469,28.097,22.691,21.396,25.905,48.09,38.8,25.224,24.592,31.975
47.195,NaN,NaN,15.173,20.431,44.954,64.798,44.583,21.487,61.127,21.236,NaN,20.474,47.891,80.885,32.829,79.034,13.933,34.337,44.784,26.399,59.83,70.197,20.992,34.019,47.761,18.833,40.253,50.759,9.3233,12.768,29.641,13.566,22.923,30.769,NaN,25.99,44.569,24.806,22.229,28.897,49.664,18.294,22.504,19.699,40.065,21.21,21.601,26.972,20.494,16.122,9.1366,34.236,27.394,35.632,NaN,11.66,13.394,17.499,36.663,40.507,13.455,48.873,24.233,24.926,29.592,23.798,22.173,26.756,50.492,38.927,25.732,24.965,39.294
50.728,NaN,NaN,NaN,20.531,48.588,NaN,44.768,21.594,62.925,24.607,NaN,21.604,52.906,83.329,37.827,81.255,14.062,39.973,47.905,36.232,60.068,73.866,21.639,37.525,47.92,18.993,40.366,54.138,9.4693,12.901,29.901,13.822,27.898,30.995,NaN,26.432,44.703,26.967,23.805,29.661,50.83,18.59,23.128,19.809,40.675,21.357,23.07,30.056,20.633,17.804,10.09,34.335,28.741,39.369,NaN,12.425,14.622,17.639,37.657,40.756,15.302,48.992,25.702,25.419,29.727,24.831,22.302,29.458,51.552,40.424,26.864,25.626,42.03
51.333,NaN,NaN,NaN,21.543,53.165,NaN,59.561,25.832,65.683,24.864,NaN,22.368,54.102,83.457,38.321,81.86,14.158,40.087,47.996,36.334,60.159,73.959,22.106,38.235,48.069,20.064,43.563,54.39,10.87,14.705,31.032,17.089,28.265,31.519,NaN,28.53,44.825,28,25.925,30.902,54.597,20.09,23.804,23.262,41.829,22.292,23.17,30.992,21.753,18.971,10.393,36.019,30.336,40.272,NaN,12.736,16.656,18.701,37.803,40.997,17.49,52.888,25.974,26.134,30.335,24.976,23.095,29.6,51.79,42.838,28.555,29.674,42.265
51.402,NaN,NaN,NaN,26.064,55.302,NaN,61.895,29.908,68.52,29.421,NaN,23.934,59.563,87.037,39.821,82.002,14.398,40.218,59.569,38.234,66.331,76.036,24.986,39.99,59.516,20.46,44.766,55.99,11.107,16.423,31.387,17.264,28.64,37.56,NaN,30.933,47.901,28.562,26.024,31.024,54.786,21.969,23.942,24.592,46.36,22.397,24.498,32.104,21.901,19.477,10.798,38.26,30.475,44.596,NaN,14.029,17.209,19.634,37.966,41.16,19.035,53.036,26.157,26.335,30.468,26.77,23.696,30.489,52.766,43.327,30.622,29.828,58.348
53.134,NaN,NaN,NaN,27.02,57.038,NaN,62.039,30.022,68.595,38.263,NaN,24.458,59.655,NaN,40.157,87.262,14.728,42.322,73.755,38.359,66.42,82.146,25.534,43.428,59.636,21.129,45.424,56.098,12.061,18.192,34.059,18.691,28.862,39.892,NaN,31.463,52.435,28.659,26.191,34.155,55.828,22.135,25.504,25.665,46.494,22.944,25.101,32.73,22.138,20.157,11.091,52.165,32.023,44.825,NaN,14.199,19.303,20.867,45.035,41.369,19.173,57.368,26.3,27.393,31.224,27.258,25.76,32.155,52.963,49.66,31.704,30.321,58.435
54.531,NaN,NaN,NaN,27.622,60.488,NaN,64.382,78.911,70.232,41.365,NaN,24.84,60.185,NaN,40.29,87.395,15.203,42.564,73.965,42.722,66.555,83.623,25.92,43.694,61.461,21.223,46.257,56.451,12.331,18.636,34.194,18.841,30.501,39.996,NaN,32.464,53.269,30.969,26.539,34.337,58.253,25.092,25.632,25.961,47.467,23.225,25.964,35.85,23.039,20.401,11.226,53.019,32.886,45.693,NaN,15.47,20.394,21.099,45.559,41.753,20.19,61.396,28.294,27.502,33.103,29.628,26.225,32.32,54.393,57.963,33.905,31.361,58.796
54.664,NaN,NaN,NaN,28.327,64.499,NaN,68.513,79.035,72.824,41.505,NaN,25.057,60.333,NaN,42.13,90.35,15.56,42.986,74.689,42.825,68.262,87.028,28.156,44.557,68.528,22.229,49.56,56.725,12.592,18.765,37.392,18.992,33.801,43.554,NaN,32.566,60.939,31.241,27.93,36.021,58.363,26.03,26.604,27.995,47.632,23.774,26.827,36.199,23.922,22.029,11.523,58.722,33.087,46.458,NaN,16.419,20.529,21.166,45.858,43.356,24.2,68.53,30.901,27.626,33.236,30.796,26.49,35.295,54.734,62.55,34.133,32.64,58.926
56.091,NaN,NaN,NaN,28.898,64.617,NaN,70.028,89.367,73.788,44.665,NaN,25.859,60.961,NaN,42.295,NaN,16.067,43.699,77.567,46.055,68.403,87.632,29.6,45.162,68.633,22.555,49.692,57.118,13.839,20.401,37.764,19.758,36.328,43.691,NaN,34.129,61.164,31.365,28.297,36.138,59.919,27.358,26.992,29.756,48.004,24.841,26.959,38.863,24.572,22.158,11.842,59.485,33.232,46.596,NaN,16.53,21.163,21.363,49.62,46.24,24.592,71.829,31.924,29.37,37.968,30.996,27.396,38,55.225,62.67,34.271,32.734,63.935
57.226,NaN,NaN,NaN,30.098,70.801,NaN,73.792,89.462,73.901,53.259,NaN,25.959,61.1,NaN,44.421,NaN,16.16,43.874,78.381,47.874,70.449,88.116,29.704,45.534,69.517,23.265,54.539,57.399,14.097,20.525,38.991,19.994,37.235,44.858,NaN,34.309,68.5,34.028,29.962,36.566,60.525,28.035,27.19,30.27,50.037,24.935,27.268,39.385,24.665,23.367,11.968,59.568,34.026,47.861,NaN,16.856,22.176,22.926,49.801,46.366,24.764,73.85,32.628,30.391,38.06,31.366,27.765,40.021,55.335,63.305,34.364,34.103,64.094
57.725,NaN,NaN,NaN,31.505,75.417,NaN,81.994,NaN,82.023,59.439,NaN,26.297,61.472,NaN,47.521,NaN,17.437,45.564,78.485,47.996,74.066,NaN,30.072,46.17,69.7,23.89,54.671,57.827,15.003,20.639,40.256,20.099,37.732,44.991,NaN,40.44,72.766,34.129,30.373,37.621,61.483,28.171,27.339,31.727,50.124,26.257,27.867,39.761,24.934,23.508,12.229,59.724,36.132,48.323,NaN,17.01,24.538,23.807,51.72,49.688,24.861,73.957,33.831,34.026,42.136,36.229,28.028,40.134,55.763,66.897,35.537,42.036,64.851
58.669,NaN,NaN,NaN,33.129,76.09,NaN,87.021,NaN,87.024,60.957,NaN,27.641,64.371,NaN,48.267,NaN,17.568,47.654,81.999,52.462,76.131,NaN,30.339,46.267,70.114,24.038,54.826,58.596,15.336,21.954,42.731,20.573,38.528,45.13,NaN,43.637,72.825,35.992,31.536,38.584,61.557,29.69,29.6,39.395,50.922,28.831,28.168,40.067,26.038,23.604,12.399,59.869,36.235,48.69,NaN,18.763,25.033,23.933,52.063,49.799,25.829,75.562,34.07,34.964,42.237,38.434,28.359,41.121,55.89,68.597,36.116,42.503,65.003
58.821,NaN,NaN,NaN,33.275,76.487,NaN,87.169,NaN,87.665,73.728,NaN,28.609,65.681,NaN,50.263,NaN,54.617,50.468,82.161,53.032,77.231,NaN,31.033,46.483,70.238,24.832,54.901,58.77,15.528,22.105,53.556,21.593,38.691,45.456,NaN,43.762,73.837,37.24,32.755,40.462,62.203,29.897,29.699,40.821,51.068,31.74,30.996,40.864,27.528,24.233,12.971,60.965,39.09,49.851,NaN,20.252,27.544,24.195,52.491,50.122,25.96,75.995,34.137,35.167,44.121,38.866,28.495,44.896,58.833,77.185,36.395,43.266,73.565
59.099,NaN,NaN,NaN,38.593,78.431,NaN,87.627,NaN,87.801,74.205,NaN,28.767,69.728,NaN,51.025,NaN,62.189,50.596,87,53.326,77.367,NaN,31.232,46.63,73.827,26.254,58.281,58.994,15.708,22.635,54.805,22.295,38.967,45.591,NaN,47.383,73.968,37.427,33.142,40.735,62.288,30.725,30.888,40.94,53.26,32.862,31.562,42.104,28.259,25.766,16.392,61.387,39.459,50.033,NaN,20.436,27.803,26.258,53.352,50.287,26.1,NaN,34.308,35.894,44.26,44.089,29.769,45.587,60.091,81.092,38.296,43.603,73.65
59.392,NaN,NaN,NaN,38.994,79.004,NaN,NaN,NaN,NaN,78.846,NaN,29.61,70.092,NaN,51.794,NaN,62.291,51.287,NaN,53.432,78.724,NaN,31.639,47.102,74.865,27.663,58.391,59.128,16.825,23.461,54.897,22.403,41.532,46.39,NaN,47.524,77.05,39.232,36.122,40.83,70.933,32.23,31.767,43.562,54.732,36.229,37.362,42.238,28.567,26.267,16.569,61.521,39.599,50.157,NaN,22.564,28.497,26.632,53.47,50.44,27.263,NaN,35.557,36.1,47.329,44.197,29.897,48.959,61.364,84.672,38.401,47.391,75.5
60.002,NaN,NaN,NaN,43.031,81.068,NaN,NaN,NaN,NaN,81.525,NaN,29.861,73.799,NaN,51.931,NaN,65.534,54.658,NaN,60.937,81.197,NaN,32.805,47.861,82.293,28.698,61.987,61.364,17.728,24.073,55.455,23.074,42.325,47.883,NaN,48.139,77.155,40.919,38.761,45.305,78.926,32.337,33.935,46.34,56.65,45.089,37.496,46.466,29.432,27.023,16.731,64.656,42.005,52.918,NaN,22.701,28.805,28.094,61.852,50.72,27.598,NaN,38.787,36.858,47.632,48.53,30.097,50.063,62.236,84.821,39.49,48.004,76.635
60.356,NaN,NaN,NaN,44.79,81.193,NaN,NaN,NaN,NaN,81.655,NaN,30.867,73.961,NaN,58.448,NaN,78.913,55.203,NaN,61.992,81.568,NaN,33.56,48,87.021,30.067,62.386,62.733,19.228,24.263,58.251,25.2,42.796,47.988,NaN,48.326,77.568,41.255,39.706,46.167,NaN,33.972,34.203,48.073,58.431,47.122,38.335,47.231,29.628,27.288,16.965,64.801,42.598,54.733,NaN,23.419,29.599,28.47,62.2,52.252,27.696,NaN,39.284,37.094,49.788,48.66,31.47,52.198,62.568,87.093,39.634,48.095,78.916
60.5,NaN,NaN,NaN,47.46,81.997,NaN,NaN,NaN,NaN,NaN,NaN,31.058,81.985,NaN,58.564,NaN,79.029,58.29,NaN,62.102,81.663,NaN,33.756,51.383,87.087,31.34,65.129,62.928,19.565,25.497,58.368,25.665,42.864,51.386,NaN,54.637,82.039,41.94,39.869,50.463,NaN,34.389,34.561,48.571,58.554,47.221,38.825,49.828,29.703,28.636,17.3,66.47,43.526,56.586,NaN,24.201,29.901,31.196,62.851,54.602,28.041,NaN,40.395,37.427,49.904,49.932,31.601,52.396,62.966,90.098,41.655,49.219,79.08
61.388,NaN,NaN,NaN,48.157,82.13,NaN,NaN,NaN,NaN,NaN,NaN,31.375,87.635,NaN,58.929,NaN,NaN,59.666,NaN,64.967,83.887,NaN,35.056,52.503,87.65,31.465,66.993,63.427,20.158,25.604,61.219,25.941,43.063,52.503,NaN,54.766,82.172,42.058,39.997,51.756,NaN,35.228,37.696,49.861,59.183,48.097,39.234,50.034,30.194,29.627,17.489,72.294,45.335,57.05,NaN,25.404,30.97,32.52,67.517,60.989,28.406,NaN,40.526,37.899,50.924,50.434,33.996,54.022,63.288,NaN,43.463,52.661,80.594
61.504,NaN,NaN,NaN,48.296,82.749,NaN,NaN,NaN,NaN,NaN,NaN,31.485,NaN,NaN,59.56,NaN,NaN,59.789,NaN,73.587,86.049,NaN,36.053,53.265,87.782,32.894,67.396,64.097,21.17,25.954,61.468,27.836,43.33,53.284,NaN,60.366,87.035,42.532,40.692,51.886,NaN,35.432,38.56,59.126,62.56,49.902,39.371,54.732,30.774,29.695,17.668,72.763,45.732,58.936,NaN,25.674,34.096,32.674,69.355,61.486,29.702,NaN,40.929,37.965,51.262,50.6,34.164,54.138,63.388,NaN,44.497,52.8,82.798
62.197,NaN,NaN,NaN,49.121,82.896,NaN,NaN,NaN,NaN,NaN,NaN,34.129,NaN,NaN,60.496,NaN,NaN,61.592,NaN,73.865,86.125,NaN,38.234,53.39,NaN,33.031,67.682,64.59,23.574,26.068,61.985,28.002,44.938,53.417,NaN,60.458,87.134,43.485,40.961,52.335,NaN,39.155,38.701,59.251,62.639,54.753,39.896,54.826,32.605,30.072,18.194,72.852,46.199,59.189,NaN,25.872,36.23,38.32,69.627,61.855,29.841,NaN,41.233,40.458,52.538,52.363,34.436,54.261,63.523,NaN,44.761,52.935,82.935
62.494,NaN,NaN,NaN,49.337,91.226,NaN,NaN,NaN,NaN,NaN,NaN,34.235,NaN,NaN,64.631,NaN,NaN,61.665,NaN,74.122,87.685,NaN,39.257,54.794,NaN,34.142,67.819,65.431,23.732,27.17,62.106,28.437,45.292,53.5,NaN,66.05,NaN,43.663,41.289,52.899,NaN,39.298,39.267,60.397,64.028,54.892,39.994,56.624,34.237,30.898,18.333,73.923,47.093,60.402,NaN,26.293,37.802,38.807,70.094,62.825,31.187,NaN,41.925,41.874,52.639,56.848,34.559,55.233,64.158,NaN,45.334,53.071,83.165
62.597,NaN,NaN,NaN,50.241,91.362,NaN,NaN,NaN,NaN,NaN,NaN,36.072,NaN,NaN,69.172,NaN,NaN,64.439,NaN,76.134,87.788,NaN,39.375,54.932,NaN,34.262,68.603,65.586,24.494,27.523,64.96,28.554,45.794,54.795,NaN,66.351,NaN,46.237,41.631,53.072,NaN,39.388,39.586,61.515,64.097,55.664,42.468,56.858,34.43,31.36,18.99,77.028,47.221,60.535,NaN,27.287,43.567,38.932,70.428,63.068,31.357,NaN,42.397,44.633,52.992,57.551,36.234,60.134,64.451,NaN,45.626,53.226,83.268
63.362,NaN,NaN,NaN,50.371,NaN,NaN,NaN,NaN,NaN,NaN,NaN,38.934,NaN,NaN,69.3,NaN,NaN,64.603,NaN,77.571,90.729,NaN,39.873,58.694,NaN,35.392,70.931,65.827,25.959,27.639,70.46,28.967,48.468,54.908,NaN,66.451,NaN,47.427,41.906,53.789,NaN,40,39.902,62.559,64.764,55.888,42.822,59.422,34.8,31.732,19.471,77.158,48.15,61.451,NaN,27.994,43.657,41.805,71.754,64.867,32.136,NaN,43.362,45.004,53.552,57.699,36.369,60.455,64.753,NaN,46.39,53.297,84.828
63.595,NaN,NaN,NaN,51.669,NaN,NaN,NaN,NaN,NaN,NaN,NaN,39.968,NaN,NaN,72.388,NaN,NaN,64.736,NaN,82.627,NaN,NaN,41.259,58.972,NaN,38.335,76.167,66.332,26.253,28.611,70.937,29.231,50.929,55.802,NaN,67.497,NaN,48.118,42.819,54.631,NaN,40.363,41.303,64.539,64.926,59.421,43.068,59.532,35.197,32.239,20.496,81.584,48.3,61.667,NaN,28.16,44.371,43.624,77.283,65.616,32.297,NaN,43.663,45.524,53.691,60.461,37.321,61.803,65.028,NaN,46.725,56.22,88.192
64.061,NaN,NaN,NaN,51.803,NaN,NaN,NaN,NaN,NaN,NaN,NaN,40.099,NaN,NaN,73.155,NaN,NaN,65.487,NaN,82.762,NaN,NaN,41.602,61.889,NaN,39.236,76.297,66.556,27.922,28.764,73.87,29.631,51.293,60.89,NaN,67.629,NaN,48.233,43.053,58.784,NaN,41.496,41.468,64.667,65.065,59.887,46.369,59.886,35.704,32.963,20.641,87.019,48.653,61.963,NaN,30.131,44.526,44.129,77.427,66.817,33.968,NaN,43.77,45.731,58.321,61.69,38.487,65.564,65.422,NaN,52.129,56.437,90.349
64.651,NaN,NaN,NaN,53.272,NaN,NaN,NaN,NaN,NaN,NaN,NaN,40.242,NaN,NaN,73.371,NaN,NaN,66.997,NaN,82.86,NaN,NaN,42.403,63.995,NaN,39.363,77.484,66.993,28.098,29.686,74.652,32.659,51.399,61.469,NaN,70.39,NaN,49.994,44.97,58.894,NaN,42.454,42.402,66.357,66.426,60.029,46.5,60.058,36.164,33.092,21.464,NaN,49.234,64.059,NaN,30.269,45.198,44.236,79.98,74.697,34.12,NaN,45.289,46.697,58.464,62.098,40.421,65.697,67.366,NaN,54.771,57.962,NaN
64.793,NaN,NaN,NaN,53.406,NaN,NaN,NaN,NaN,NaN,NaN,NaN,44.762,NaN,NaN,78.699,NaN,NaN,67.119,NaN,87.035,NaN,NaN,42.596,64.893,NaN,40.427,78.928,67.249,28.524,30.687,74.763,35.331,51.536,61.557,NaN,72.559,NaN,50.289,46.34,61.425,NaN,42.864,50.04,66.458,68.733,60.971,48.094,61.573,36.369,33.23,21.809,NaN,51.228,64.965,NaN,30.672,45.46,46.336,82.69,74.857,35.704,NaN,45.497,50.387,70.171,64.206,41.271,70.005,68.092,NaN,57.854,59.6,NaN
65.387,NaN,NaN,NaN,53.563,NaN,NaN,NaN,NaN,NaN,NaN,NaN,48.018,NaN,NaN,78.929,NaN,NaN,67.967,NaN,87.165,NaN,NaN,42.791,65.092,NaN,41.062,79.026,67.833,28.769,30.772,75.668,35.422,51.79,61.969,NaN,73.397,NaN,50.441,46.473,61.937,NaN,45.39,50.297,67.757,70.17,61.964,50.997,61.895,37.188,33.987,22.704,NaN,52.056,65.537,NaN,30.895,46.355,46.469,86.216,77.227,36.235,NaN,46.563,51.265,71.652,64.295,41.401,71.56,68.558,NaN,58.036,59.755,NaN
65.695,NaN,NaN,NaN,53.988,NaN,NaN,NaN,NaN,NaN,NaN,NaN,48.152,NaN,NaN,82.756,NaN,NaN,69.361,NaN,90.281,NaN,NaN,43.625,67.668,NaN,42.456,79.262,68.125,29.74,32.872,76.15,36.163,52.022,62.091,NaN,73.956,NaN,50.573,47.49,63.929,NaN,45.627,53.121,67.827,74.065,68.726,51.884,62.103,37.798,34.765,23.274,NaN,52.531,65.639,NaN,30.967,46.471,47.934,88.6,80.216,36.336,NaN,46.667,51.787,74.068,65.171,41.606,73.403,69.653,NaN,59.869,59.854,NaN
66.162,NaN,NaN,NaN,55.22,NaN,NaN,NaN,NaN,NaN,NaN,NaN,48.258,NaN,NaN,83.318,NaN,NaN,69.565,NaN,NaN,NaN,NaN,43.794,68.531,NaN,42.591,82.726,87.995,29.826,33.395,76.283,39.459,52.43,65.585,NaN,74.093,NaN,54.593,48.188,64.835,NaN,47.949,55.218,72.933,76.13,74.252,52.001,63.726,38.954,34.992,23.397,NaN,52.921,66.029,NaN,31.467,49.59,48.06,89.358,87.033,43.538,NaN,46.952,52.436,74.221,65.455,41.968,76.752,70.224,NaN,60.157,60.102,NaN
66.49,NaN,NaN,NaN,55.631,NaN,NaN,NaN,NaN,NaN,NaN,NaN,49.35,NaN,NaN,86.089,NaN,NaN,70.06,NaN,NaN,NaN,NaN,45.184,68.667,NaN,45.439,82.963,88.124,31.102,33.537,76.795,40,53.402,69.486,NaN,75.55,NaN,55.564,50.922,65,NaN,48.128,55.47,73.329,79.588,75.317,52.564,64.052,39.236,35.287,23.527,NaN,55.354,66.163,NaN,32.263,49.922,48.489,90,NaN,43.621,NaN,47.107,54.16,75.027,65.964,42.365,77.127,73.429,NaN,60.283,60.397,NaN
66.999,NaN,NaN,NaN,55.761,NaN,NaN,NaN,NaN,NaN,NaN,NaN,50.192,NaN,NaN,86.912,NaN,NaN,70.782,NaN,NaN,NaN,NaN,46.098,69.495,NaN,45.572,83.899,88.523,31.468,34.188,77.188,40.192,53.964,70.628,NaN,75.657,NaN,55.694,51.094,65.587,NaN,48.294,55.759,73.528,80.147,75.654,54.062,64.918,39.967,36.061,23.734,NaN,59.203,67.19,NaN,32.429,50.121,49.902,90.158,NaN,45.198,NaN,47.42,54.692,75.161,66.464,42.562,81.193,73.826,NaN,60.451,60.853,NaN
67.62,NaN,NaN,NaN,57.218,NaN,NaN,NaN,NaN,NaN,NaN,NaN,51.86,NaN,NaN,87.035,NaN,NaN,70.904,NaN,NaN,NaN,NaN,46.334,69.639,NaN,48.895,84.031,NaN,31.736,35.225,77.559,42.234,54.162,70.773,NaN,77.43,NaN,58.327,53.33,68.688,NaN,49.423,56.028,73.958,80.299,77.994,54.2,65.484,41.521,36.237,24.842,NaN,60.328,67.728,NaN,36.272,50.434,50.119,NaN,NaN,45.356,NaN,47.889,58.783,76.496,66.797,42.824,82.217,73.928,NaN,60.97,60.969,NaN
67.698,NaN,NaN,NaN,57.364,NaN,NaN,NaN,NaN,NaN,NaN,NaN,52.393,NaN,NaN,87.192,NaN,NaN,71.868,NaN,NaN,NaN,NaN,47.631,73.482,NaN,49.837,86.112,NaN,31.867,35.333,78.789,42.401,54.325,70.932,NaN,77.567,NaN,59.129,53.518,68.83,NaN,50.592,57.563,74.649,81.158,78.387,55.586,66.082,41.895,36.653,25.9,NaN,60.464,68.501,NaN,37.657,50.929,50.666,NaN,NaN,47.891,NaN,47.99,59.227,76.761,67.171,42.935,83.263,79.956,NaN,61.123,62.566,NaN
68.386,NaN,NaN,NaN,57.502,NaN,NaN,NaN,NaN,NaN,NaN,NaN,53.225,NaN,NaN,88.149,NaN,NaN,75.669,NaN,NaN,NaN,NaN,48.061,73.733,NaN,49.969,86.362,NaN,32.54,37.866,78.931,44.396,54.655,73.903,NaN,84.582,NaN,59.256,54.062,69.621,NaN,50.795,59.728,74.793,81.487,78.722,55.703,66.4,44.766,37.725,26.025,NaN,61.494,68.625,NaN,38.767,51.795,50.793,NaN,NaN,48.089,NaN,48.197,59.351,77.298,67.336,43.54,83.462,81.025,NaN,62.392,64.233,NaN
68.493,NaN,NaN,NaN,63.526,NaN,NaN,NaN,NaN,NaN,NaN,NaN,55.461,NaN,NaN,89.353,NaN,NaN,77.49,NaN,NaN,NaN,NaN,49.832,73.858,NaN,50.47,NaN,NaN,32.8,37.988,79.033,44.522,54.869,74.025,NaN,85.219,NaN,60.44,54.695,69.761,NaN,51.386,60.951,75.436,81.967,79.583,56.499,67.324,45.167,37.87,27.02,NaN,62.364,70.162,NaN,41.292,51.987,50.941,NaN,NaN,50.467,NaN,49.162,59.714,78.167,73.789,43.626,84.43,81.516,NaN,63.464,64.363,NaN
68.663,NaN,NaN,NaN,65.452,NaN,NaN,NaN,NaN,NaN,NaN,NaN,55.659,NaN,NaN,89.464,NaN,NaN,77.588,NaN,NaN,NaN,NaN,50.463,73.994,NaN,50.592,NaN,NaN,33.187,38.691,80.714,44.955,54.998,76.172,NaN,85.352,NaN,60.657,56.486,72.101,NaN,51.528,73.116,75.556,83.158,79.722,58.338,67.787,45.597,38.349,27.165,NaN,62.639,70.857,NaN,45.358,59.8,51.101,NaN,NaN,50.974,NaN,49.854,59.863,78.717,73.93,44.986,86.821,81.668,NaN,63.568,66.12,NaN
70.128,NaN,NaN,NaN,66.331,NaN,NaN,NaN,NaN,NaN,NaN,NaN,56.19,NaN,NaN,90.361,NaN,NaN,78.394,NaN,NaN,NaN,NaN,50.57,74.096,NaN,50.951,NaN,NaN,37.374,39.994,81.856,47.338,55.265,76.283,NaN,NaN,NaN,61.494,56.615,73.231,NaN,56.535,73.657,76.778,83.328,80.154,59.604,68.229,46.361,38.496,29.666,NaN,62.774,73.518,NaN,46.208,62.494,51.537,NaN,NaN,51.066,NaN,50.057,60.938,81.169,75.301,45.127,87.058,83.551,NaN,64.029,66.364,NaN
70.263,NaN,NaN,NaN,66.458,NaN,NaN,NaN,NaN,NaN,NaN,NaN,59.726,NaN,NaN,90.428,NaN,NaN,78.928,NaN,NaN,NaN,NaN,50.884,74.22,NaN,51.064,NaN,NaN,37.494,40.139,82.061,47.466,55.391,79.023,NaN,NaN,NaN,61.791,56.785,73.356,NaN,56.667,73.824,77.296,84.862,81.464,59.695,70.361,46.504,38.594,29.866,NaN,62.959,73.62,NaN,46.935,63.932,52.933,NaN,NaN,51.485,NaN,50.893,61.387,81.296,75.481,46.023,88.2,83.691,NaN,64.152,66.453,NaN
73.221,NaN,NaN,NaN,69.355,NaN,NaN,NaN,NaN,NaN,NaN,NaN,59.864,NaN,NaN,91.69,NaN,NaN,79.02,NaN,NaN,NaN,NaN,51.004,76.985,NaN,51.539,NaN,NaN,38.458,40.288,82.851,47.954,55.704,79.164,NaN,NaN,NaN,62.549,58.917,77.532,NaN,56.764,74.116,77.493,84.994,83.897,62.567,73.751,46.997,39.065,32.152,NaN,63.16,73.865,NaN,47.718,64.761,53.061,NaN,NaN,51.737,NaN,51.088,61.53,81.493,78.562,48.071,90.046,87.294,NaN,64.298,68.186,NaN
73.366,NaN,NaN,NaN,69.502,NaN,NaN,NaN,NaN,NaN,NaN,NaN,61.229,NaN,NaN,NaN,NaN,NaN,81.315,NaN,NaN,NaN,NaN,52.93,77.596,NaN,53.334,NaN,NaN,38.585,40.393,82.963,48.036,56.326,81.99,NaN,NaN,NaN,64.6,59.091,77.83,NaN,58.732,74.389,78.802,86.157,83.994,62.666,74.121,47.066,39.222,32.73,NaN,63.23,73.965,NaN,47.854,64.904,53.526,NaN,NaN,51.965,NaN,51.394,61.76,81.663,79.117,48.221,90.169,87.797,NaN,65.291,69.421,NaN
73.617,NaN,NaN,NaN,69.766,NaN,NaN,NaN,NaN,NaN,NaN,NaN,62.152,NaN,NaN,NaN,NaN,NaN,81.961,NaN,NaN,NaN,NaN,53.293,78.401,NaN,55.63,NaN,NaN,40.825,40.531,83.724,49.664,56.53,82.085,NaN,NaN,NaN,65.626,61.561,78.954,NaN,58.988,74.585,80.061,86.396,85.525,66.156,74.36,48.225,39.493,33.727,NaN,63.698,76.427,NaN,50.105,65.032,55.359,NaN,NaN,52.428,NaN,53.104,61.958,81.846,79.226,49.787,NaN,NaN,NaN,66.132,70.255,NaN
82.22,NaN,NaN,NaN,69.996,NaN,NaN,NaN,NaN,NaN,NaN,NaN,64.119,NaN,NaN,NaN,NaN,NaN,85.758,NaN,NaN,NaN,NaN,55.806,80.495,NaN,60.026,NaN,NaN,43.662,41.321,83.991,52.531,56.668,83.818,NaN,NaN,NaN,65.833,62.784,79.07,NaN,59.301,79.056,81.103,87.668,85.659,66.424,75.458,48.302,40.094,35.309,NaN,63.927,76.729,NaN,50.43,66.265,55.469,NaN,NaN,52.926,NaN,54.433,62.897,82.281,80.47,49.954,NaN,NaN,NaN,66.37,70.327,NaN
83.958,NaN,NaN,NaN,73.083,NaN,NaN,NaN,NaN,NaN,NaN,NaN,64.223,NaN,NaN,NaN,NaN,NaN,87.196,NaN,NaN,NaN,NaN,56.158,80.605,NaN,62,NaN,NaN,44.396,41.827,84.688,52.79,57.022,83.994,NaN,NaN,NaN,66.35,62.933,79.246,NaN,60.432,79.661,81.702,87.779,86.592,66.5,78.094,50.861,40.459,35.602,NaN,65.469,76.896,NaN,50.804,74.49,59.893,NaN,NaN,53.184,NaN,58.973,63.124,83.258,82.021,50.086,NaN,NaN,NaN,66.528,70.457,NaN
85.855,NaN,NaN,NaN,73.804,NaN,NaN,NaN,NaN,NaN,NaN,NaN,65.286,NaN,NaN,NaN,NaN,NaN,88.669,NaN,NaN,NaN,NaN,56.517,87.014,NaN,62.128,NaN,NaN,44.956,42.253,84.949,53.528,57.359,90.994,NaN,NaN,NaN,66.423,63.817,79.435,NaN,61.387,79.826,82.764,90.68,86.723,69.486,79.062,50.983,41.065,35.761,NaN,66.391,78.125,NaN,53.929,76.13,60.428,NaN,NaN,53.389,NaN,59.331,63.225,83.96,82.091,50.991,NaN,NaN,NaN,66.724,74.354,NaN
87.216,NaN,NaN,NaN,74.027,NaN,NaN,NaN,NaN,NaN,NaN,NaN,65.524,NaN,NaN,NaN,NaN,NaN,88.78,NaN,NaN,NaN,NaN,56.632,NaN,NaN,63.055,NaN,NaN,45.09,43.091,85.721,53.796,57.86,91.264,NaN,NaN,NaN,66.883,63.966,81.769,NaN,62.066,80.626,82.934,NaN,90.658,69.654,81.163,52.016,41.868,36.03,NaN,66.491,79.052,NaN,56.926,77.217,61.723,NaN,NaN,59.605,NaN,59.586,63.326,85.73,82.467,51.119,NaN,NaN,NaN,66.865,74.516,NaN
87.465,NaN,NaN,NaN,79.847,NaN,NaN,NaN,NaN,NaN,NaN,NaN,66.317,NaN,NaN,NaN,NaN,NaN,NaN,NaN,NaN,NaN,NaN,58.191,NaN,NaN,63.255,NaN,NaN,46.165,43.394,87.289,54.371,58.098,91.353,NaN,NaN,NaN,73.382,64.452,85.728,NaN,62.885,83.897,83.497,NaN,90.754,69.799,81.295,52.463,42.267,36.272,NaN,67.186,81.333,NaN,58.035,78.69,61.968,NaN,NaN,59.853,NaN,59.755,64.729,86.27,82.596,51.526,NaN,NaN,NaN,67.154,74.919,NaN
88.05,NaN,NaN,NaN,80,NaN,NaN,NaN,NaN,NaN,NaN,NaN,66.985,NaN,NaN,NaN,NaN,NaN,NaN,NaN,NaN,NaN,NaN,61.538,NaN,NaN,63.717,NaN,NaN,46.266,45.899,89.403,54.794,58.219,91.696,NaN,NaN,NaN,74.102,65.353,85.855,NaN,63.86,84.926,83.92,NaN,NaN,70.189,81.588,52.622,43.186,36.37,NaN,67.322,81.724,NaN,58.172,81.935,62.09,NaN,NaN,60.001,NaN,60.098,64.864,87.279,85.768,51.896,NaN,NaN,NaN,67.257,75.201,NaN
88.184,NaN,NaN,NaN,81.189,NaN,NaN,NaN,NaN,NaN,NaN,NaN,67.219,NaN,NaN,NaN,NaN,NaN,NaN,NaN,NaN,NaN,NaN,63.236,NaN,NaN,64.429,NaN,NaN,50.999,46.23,89.901,54.867,60.132,NaN,NaN,NaN,NaN,74.225,65.5,87.401,NaN,64.301,86.025,83.989,NaN,NaN,70.337,86.291,53.064,43.761,37.262,NaN,67.459,81.987,NaN,59.153,82.851,62.564,NaN,NaN,63.185,NaN,60.465,65.294,88.251,87.695,52.158,NaN,NaN,NaN,67.419,75.425,NaN
88.334,NaN,NaN,NaN,81.255,NaN,NaN,NaN,NaN,NaN,NaN,NaN,67.293,NaN,NaN,NaN,NaN,NaN,NaN,NaN,NaN,NaN,NaN,64.185,NaN,NaN,64.786,NaN,NaN,51.136,46.997,90.322,55.887,60.254,NaN,NaN,NaN,NaN,74.713,66.449,90.284,NaN,64.653,86.229,84.883,NaN,NaN,71.619,87.687,53.421,44.228,37.823,NaN,67.827,82.09,NaN,59.295,83.123,62.65,NaN,NaN,63.383,NaN,60.992,65.658,89.185,87.787,55.201,NaN,NaN,NaN,67.625,76.718,NaN
NaN,NaN,NaN,NaN,82.816,NaN,NaN,NaN,NaN,NaN,NaN,NaN,69.955,NaN,NaN,NaN,NaN,NaN,NaN,NaN,NaN,NaN,NaN,64.291,NaN,NaN,66.389,NaN,NaN,51.27,47.094,90.466,56.121,62.525,NaN,NaN,NaN,NaN,74.823,72.867,NaN,NaN,64.887,86.36,84.999,NaN,NaN,74.022,88.255,53.933,45.222,38.636,NaN,68.402,83.356,NaN,59.865,83.257,64.922,NaN,NaN,65.632,NaN,61.418,66.333,89.324,NaN,55.73,NaN,NaN,NaN,67.836,78.762,NaN
NaN,NaN,NaN,NaN,87.223,NaN,NaN,NaN,NaN,NaN,NaN,NaN,70.494,NaN,NaN,NaN,NaN,NaN,NaN,NaN,NaN,NaN,NaN,64.855,NaN,NaN,66.502,NaN,NaN,51.485,47.66,NaN,56.556,62.699,NaN,NaN,NaN,NaN,75.749,72.993,NaN,NaN,66.264,86.894,85.786,NaN,NaN,75.261,89.731,54.263,45.524,38.798,NaN,68.619,83.525,NaN,60.158,83.391,65.049,NaN,NaN,65.728,NaN,61.532,67.425,89.427,NaN,57.132,NaN,NaN,NaN,68.587,79.431,NaN
NaN,NaN,NaN,NaN,87.395,NaN,NaN,NaN,NaN,NaN,NaN,NaN,70.963,NaN,NaN,NaN,NaN,NaN,NaN,NaN,NaN,NaN,NaN,65.058,NaN,NaN,67.924,NaN,NaN,52.336,49.533,NaN,58.334,63.262,NaN,NaN,NaN,NaN,76.792,73.149,NaN,NaN,66.352,87.055,85.934,NaN,NaN,76.03,89.903,54.723,45.971,39.301,NaN,70.838,83.959,NaN,60.267,83.887,66.36,NaN,NaN,66.089,NaN,61.653,67.698,89.763,NaN,59.799,NaN,NaN,NaN,70.431,79.823,NaN
NaN,NaN,NaN,NaN,88.729,NaN,NaN,NaN,NaN,NaN,NaN,NaN,73.23,NaN,NaN,NaN,NaN,NaN,NaN,NaN,NaN,NaN,NaN,65.661,NaN,NaN,68.028,NaN,NaN,53.216,50.895,NaN,59.041,63.425,NaN,NaN,NaN,NaN,76.93,74.868,NaN,NaN,66.504,88.664,86.156,NaN,NaN,77.6,90.687,55.259,46.823,39.893,NaN,70.934,84.131,NaN,60.501,83.984,66.534,NaN,NaN,66.355,NaN,62.633,68.128,89.894,NaN,60.434,NaN,NaN,NaN,73.299,80.295,NaN
NaN,NaN,NaN,NaN,88.827,NaN,NaN,NaN,NaN,NaN,NaN,NaN,73.919,NaN,NaN,NaN,NaN,NaN,NaN,NaN,NaN,NaN,NaN,66.023,NaN,NaN,68.188,NaN,NaN,55.558,52.937,NaN,59.822,64.297,NaN,NaN,NaN,NaN,77.155,75.351,NaN,NaN,66.768,88.788,87.255,NaN,NaN,77.699,NaN,59.028,46.961,40.932,NaN,72.365,84.329,NaN,60.991,NaN,67.691,NaN,NaN,66.428,NaN,63.432,68.597,90.731,NaN,60.526,NaN,NaN,NaN,75.019,81.069,NaN
NaN,NaN,NaN,NaN,NaN,NaN,NaN,NaN,NaN,NaN,NaN,NaN,74.603,NaN,NaN,NaN,NaN,NaN,NaN,NaN,NaN,NaN,NaN,66.218,NaN,NaN,68.3,NaN,NaN,55.665,54.268,NaN,62.353,64.626,NaN,NaN,NaN,NaN,77.463,75.468,NaN,NaN,67.024,89.689,89.415,NaN,NaN,78.723,NaN,59.565,50.825,41.062,NaN,73.135,84.47,NaN,65.128,NaN,67.83,NaN,NaN,67.17,NaN,64.619,68.949,NaN,NaN,61.762,NaN,NaN,NaN,75.561,81.164,NaN
NaN,NaN,NaN,NaN,NaN,NaN,NaN,NaN,NaN,NaN,NaN,NaN,78.024,NaN,NaN,NaN,NaN,NaN,NaN,NaN,NaN,NaN,NaN,66.338,NaN,NaN,69.83,NaN,NaN,59.531,54.361,NaN,62.569,65.359,NaN,NaN,NaN,NaN,78.968,76.06,NaN,NaN,67.253,89.791,89.533,NaN,NaN,79.72,NaN,59.798,51.424,42.027,NaN,73.738,84.597,NaN,65.635,NaN,69.261,NaN,NaN,68.264,NaN,65.294,69.198,NaN,NaN,62.316,NaN,NaN,NaN,75.73,82.156,NaN
NaN,NaN,NaN,NaN,NaN,NaN,NaN,NaN,NaN,NaN,NaN,NaN,78.786,NaN,NaN,NaN,NaN,NaN,NaN,NaN,NaN,NaN,NaN,66.433,NaN,NaN,70.019,NaN,NaN,61.955,56.72,NaN,63.624,66.201,NaN,NaN,NaN,NaN,79.15,76.17,NaN,NaN,67.401,NaN,90.383,NaN,NaN,79.826,NaN,60.432,51.53,42.303,NaN,74.258,86.492,NaN,65.728,NaN,69.46,NaN,NaN,69.255,NaN,66.172,69.589,NaN,NaN,62.801,NaN,NaN,NaN,77.269,82.603,NaN
NaN,NaN,NaN,NaN,NaN,NaN,NaN,NaN,NaN,NaN,NaN,NaN,79.028,NaN,NaN,NaN,NaN,NaN,NaN,NaN,NaN,NaN,NaN,67.255,NaN,NaN,70.803,NaN,NaN,62.558,59.774,NaN,64.032,66.35,NaN,NaN,NaN,NaN,80.99,77.124,NaN,NaN,67.651,NaN,90.5,NaN,NaN,81.493,NaN,61.13,53.03,43.721,NaN,74.981,87.695,NaN,69.132,NaN,71.623,NaN,NaN,69.357,NaN,66.327,69.663,NaN,NaN,63.255,NaN,NaN,NaN,77.364,82.758,NaN
NaN,NaN,NaN,NaN,NaN,NaN,NaN,NaN,NaN,NaN,NaN,NaN,81.954,NaN,NaN,NaN,NaN,NaN,NaN,NaN,NaN,NaN,NaN,69.587,NaN,NaN,71.535,NaN,NaN,62.632,59.892,NaN,64.104,66.497,NaN,NaN,NaN,NaN,81.194,78.722,NaN,NaN,67.801,NaN,NaN,NaN,NaN,81.628,NaN,61.52,53.225,45.06,NaN,75.287,90.65,NaN,69.286,NaN,71.832,NaN,NaN,73.935,NaN,66.598,71.317,NaN,NaN,63.835,NaN,NaN,NaN,81.132,83.929,NaN
NaN,NaN,NaN,NaN,NaN,NaN,NaN,NaN,NaN,NaN,NaN,NaN,82.758,NaN,NaN,NaN,NaN,NaN,NaN,NaN,NaN,NaN,NaN,69.761,NaN,NaN,74.252,NaN,NaN,62.787,60.936,NaN,64.529,69.404,NaN,NaN,NaN,NaN,84.402,81.266,NaN,NaN,68.256,NaN,NaN,NaN,NaN,81.685,NaN,63.266,53.66,45.203,NaN,75.395,91.024,NaN,69.704,NaN,73.632,NaN,NaN,75.316,NaN,67.933,73.653,NaN,NaN,64.034,NaN,NaN,NaN,82.119,84.357,NaN
NaN,NaN,NaN,NaN,NaN,NaN,NaN,NaN,NaN,NaN,NaN,NaN,85.734,NaN,NaN,NaN,NaN,NaN,NaN,NaN,NaN,NaN,NaN,70.23,NaN,NaN,74.62,NaN,NaN,64.058,61.258,NaN,64.631,70.194,NaN,NaN,NaN,NaN,84.866,82.537,NaN,NaN,69.028,NaN,NaN,NaN,NaN,82.547,NaN,63.867,54.12,45.567,NaN,75.558,91.126,NaN,73.368,NaN,75.669,NaN,NaN,77.414,NaN,68.199,73.832,NaN,NaN,64.293,NaN,NaN,NaN,82.43,84.984,NaN
NaN,NaN,NaN,NaN,NaN,NaN,NaN,NaN,NaN,NaN,NaN,NaN,86.065,NaN,NaN,NaN,NaN,NaN,NaN,NaN,NaN,NaN,NaN,70.36,NaN,NaN,74.828,NaN,NaN,65.995,61.524,NaN,64.728,71.55,NaN,NaN,NaN,NaN,84.971,82.654,NaN,NaN,69.194,NaN,NaN,NaN,NaN,86.315,NaN,64.72,54.616,46.433,NaN,76.922,NaN,NaN,74.563,NaN,75.837,NaN,NaN,77.691,NaN,72.699,76.419,NaN,NaN,64.623,NaN,NaN,NaN,82.567,85.661,NaN
NaN,NaN,NaN,NaN,NaN,NaN,NaN,NaN,NaN,NaN,NaN,NaN,87.197,NaN,NaN,NaN,NaN,NaN,NaN,NaN,NaN,NaN,NaN,71.024,NaN,NaN,75.658,NaN,NaN,66.287,61.936,NaN,66.403,71.798,NaN,NaN,NaN,NaN,85.23,84.92,NaN,NaN,69.29,NaN,NaN,NaN,NaN,87.757,NaN,65.165,54.795,46.735,NaN,77.202,NaN,NaN,76.083,NaN,82.266,NaN,NaN,78.225,NaN,72.894,77.083,NaN,NaN,64.932,NaN,NaN,NaN,83.56,85.781,NaN
NaN,NaN,NaN,NaN,NaN,NaN,NaN,NaN,NaN,NaN,NaN,NaN,NaN,NaN,NaN,NaN,NaN,NaN,NaN,NaN,NaN,NaN,NaN,71.502,NaN,NaN,77.86,NaN,NaN,69.464,62.504,NaN,66.518,71.926,NaN,NaN,NaN,NaN,85.352,85.787,NaN,NaN,70.801,NaN,NaN,NaN,NaN,87.864,NaN,65.65,55.001,47.437,NaN,78.25,NaN,NaN,76.184,NaN,82.388,NaN,NaN,79.952,NaN,73.864,78.051,NaN,NaN,65.454,NaN,NaN,NaN,84.456,86.164,NaN
NaN,NaN,NaN,NaN,NaN,NaN,NaN,NaN,NaN,NaN,NaN,NaN,NaN,NaN,NaN,NaN,NaN,NaN,NaN,NaN,NaN,NaN,NaN,71.627,NaN,NaN,79.399,NaN,NaN,71.03,62.951,NaN,69.519,72.42,NaN,NaN,NaN,NaN,87.119,87.858,NaN,NaN,73.193,NaN,NaN,NaN,NaN,90.419,NaN,66.337,58.152,47.804,NaN,81.782,NaN,NaN,76.333,NaN,83.898,NaN,NaN,80.061,NaN,74,78.517,NaN,NaN,66.129,NaN,NaN,NaN,85.214,87.161,NaN
NaN,NaN,NaN,NaN,NaN,NaN,NaN,NaN,NaN,NaN,NaN,NaN,NaN,NaN,NaN,NaN,NaN,NaN,NaN,NaN,NaN,NaN,NaN,73.53,NaN,NaN,81.227,NaN,NaN,71.915,63.088,NaN,70.168,72.536,NaN,NaN,NaN,NaN,87.224,87.996,NaN,NaN,73.763,NaN,NaN,NaN,NaN,NaN,NaN,67.924,58.69,47.961,NaN,84.93,NaN,NaN,77.298,NaN,84.099,NaN,NaN,81.1,NaN,74.521,78.734,NaN,NaN,66.303,NaN,NaN,NaN,85.351,87.785,NaN
NaN,NaN,NaN,NaN,NaN,NaN,NaN,NaN,NaN,NaN,NaN,NaN,NaN,NaN,NaN,NaN,NaN,NaN,NaN,NaN,NaN,NaN,NaN,73.656,NaN,NaN,81.366,NaN,NaN,72.128,64.917,NaN,70.287,73.163,NaN,NaN,NaN,NaN,88.132,NaN,NaN,NaN,73.89,NaN,NaN,NaN,NaN,NaN,NaN,68.286,58.897,48.327,NaN,85.1,NaN,NaN,78.03,NaN,84.822,NaN,NaN,81.596,NaN,74.668,80.16,NaN,NaN,66.418,NaN,NaN,NaN,89.9,88.19,NaN
NaN,NaN,NaN,NaN,NaN,NaN,NaN,NaN,NaN,NaN,NaN,NaN,NaN,NaN,NaN,NaN,NaN,NaN,NaN,NaN,NaN,NaN,NaN,76.758,NaN,NaN,81.82,NaN,NaN,72.262,65.055,NaN,71.353,73.358,NaN,NaN,NaN,NaN,88.221,NaN,NaN,NaN,74.502,NaN,NaN,NaN,NaN,NaN,NaN,68.661,61.388,48.526,NaN,86.533,NaN,NaN,79.198,NaN,84.989,NaN,NaN,82.65,NaN,76.089,80.949,NaN,NaN,66.536,NaN,NaN,NaN,90.193,88.632,NaN
NaN,NaN,NaN,NaN,NaN,NaN,NaN,NaN,NaN,NaN,NaN,NaN,NaN,NaN,NaN,NaN,NaN,NaN,NaN,NaN,NaN,NaN,NaN,77.558,NaN,NaN,81.933,NaN,NaN,72.653,65.568,NaN,72.654,73.758,NaN,NaN,NaN,NaN,90.422,NaN,NaN,NaN,74.996,NaN,NaN,NaN,NaN,NaN,NaN,68.957,61.504,49.099,NaN,86.723,NaN,NaN,79.336,NaN,85.818,NaN,NaN,84.098,NaN,77.192,81.602,NaN,NaN,67.196,NaN,NaN,NaN,90.958,89.794,NaN
NaN,NaN,NaN,NaN,NaN,NaN,NaN,NaN,NaN,NaN,NaN,NaN,NaN,NaN,NaN,NaN,NaN,NaN,NaN,NaN,NaN,NaN,NaN,78.756,NaN,NaN,82.067,NaN,NaN,72.992,66.337,NaN,73.725,74.693,NaN,NaN,NaN,NaN,90.487,NaN,NaN,NaN,76.3,NaN,NaN,NaN,NaN,NaN,NaN,69.567,62.139,49.205,NaN,NaN,NaN,NaN,79.514,NaN,88.513,NaN,NaN,84.591,NaN,77.389,82.165,NaN,NaN,67.327,NaN,NaN,NaN,91.121,NaN,NaN
NaN,NaN,NaN,NaN,NaN,NaN,NaN,NaN,NaN,NaN,NaN,NaN,NaN,NaN,NaN,NaN,NaN,NaN,NaN,NaN,NaN,NaN,NaN,78.87,NaN,NaN,82.453,NaN,NaN,73.251,66.452,NaN,73.861,74.833,NaN,NaN,NaN,NaN,NaN,NaN,NaN,NaN,76.463,NaN,NaN,NaN,NaN,NaN,NaN,70.891,62.367,49.336,NaN,NaN,NaN,NaN,79.622,NaN,88.63,NaN,NaN,85.188,NaN,80.735,84.5,NaN,NaN,67.966,NaN,NaN,NaN,NaN,NaN,NaN
NaN,NaN,NaN,NaN,NaN,NaN,NaN,NaN,NaN,NaN,NaN,NaN,NaN,NaN,NaN,NaN,NaN,NaN,NaN,NaN,NaN,NaN,NaN,81.53,NaN,NaN,82.603,NaN,NaN,75.081,68.603,NaN,74.353,75.952,NaN,NaN,NaN,NaN,NaN,NaN,NaN,NaN,77.65,NaN,NaN,NaN,NaN,NaN,NaN,70.956,62.505,49.723,NaN,NaN,NaN,NaN,80.817,NaN,NaN,NaN,NaN,85.629,NaN,80.923,84.923,NaN,NaN,68.429,NaN,NaN,NaN,NaN,NaN,NaN
NaN,NaN,NaN,NaN,NaN,NaN,NaN,NaN,NaN,NaN,NaN,NaN,NaN,NaN,NaN,NaN,NaN,NaN,NaN,NaN,NaN,NaN,NaN,81.595,NaN,NaN,83.923,NaN,NaN,75.233,69.765,NaN,75.053,77.255,NaN,NaN,NaN,NaN,NaN,NaN,NaN,NaN,77.899,NaN,NaN,NaN,NaN,NaN,NaN,71.527,63.091,50.255,NaN,NaN,NaN,NaN,80.889,NaN,NaN,NaN,NaN,85.781,NaN,81.023,85.168,NaN,NaN,68.757,NaN,NaN,NaN,NaN,NaN,NaN
NaN,NaN,NaN,NaN,NaN,NaN,NaN,NaN,NaN,NaN,NaN,NaN,NaN,NaN,NaN,NaN,NaN,NaN,NaN,NaN,NaN,NaN,NaN,82.132,NaN,NaN,86.312,NaN,NaN,75.361,70.852,NaN,75.401,77.456,NaN,NaN,NaN,NaN,NaN,NaN,NaN,NaN,80.59,NaN,NaN,NaN,NaN,NaN,NaN,72.817,64.358,52.059,NaN,NaN,NaN,NaN,81.767,NaN,NaN,NaN,NaN,88.395,NaN,81.166,86.232,NaN,NaN,69.355,NaN,NaN,NaN,NaN,NaN,NaN
NaN,NaN,NaN,NaN,NaN,NaN,NaN,NaN,NaN,NaN,NaN,NaN,NaN,NaN,NaN,NaN,NaN,NaN,NaN,NaN,NaN,NaN,NaN,82.531,NaN,NaN,86.432,NaN,NaN,75.488,73.734,NaN,75.499,78.09,NaN,NaN,NaN,NaN,NaN,NaN,NaN,NaN,80.825,NaN,NaN,NaN,NaN,NaN,NaN,73.53,64.484,52.33,NaN,NaN,NaN,NaN,83.192,NaN,NaN,NaN,NaN,88.584,NaN,81.565,88.817,NaN,NaN,70.329,NaN,NaN,NaN,NaN,NaN,NaN
NaN,NaN,NaN,NaN,NaN,NaN,NaN,NaN,NaN,NaN,NaN,NaN,NaN,NaN,NaN,NaN,NaN,NaN,NaN,NaN,NaN,NaN,NaN,82.687,NaN,NaN,87.699,NaN,NaN,76.049,73.866,NaN,76.123,78.323,NaN,NaN,NaN,NaN,NaN,NaN,NaN,NaN,81.161,NaN,NaN,NaN,NaN,NaN,NaN,73.826,64.731,53.156,NaN,NaN,NaN,NaN,84.622,NaN,NaN,NaN,NaN,NaN,NaN,82.153,89.281,NaN,NaN,70.636,NaN,NaN,NaN,NaN,NaN,NaN
NaN,NaN,NaN,NaN,NaN,NaN,NaN,NaN,NaN,NaN,NaN,NaN,NaN,NaN,NaN,NaN,NaN,NaN,NaN,NaN,NaN,NaN,NaN,82.784,NaN,NaN,87.79,NaN,NaN,77.589,74.819,NaN,77.72,78.748,NaN,NaN,NaN,NaN,NaN,NaN,NaN,NaN,82.204,NaN,NaN,NaN,NaN,NaN,NaN,74.936,65.219,53.332,NaN,NaN,NaN,NaN,84.828,NaN,NaN,NaN,NaN,NaN,NaN,82.857,89.397,NaN,NaN,72.325,NaN,NaN,NaN,NaN,NaN,NaN
NaN,NaN,NaN,NaN,NaN,NaN,NaN,NaN,NaN,NaN,NaN,NaN,NaN,NaN,NaN,NaN,NaN,NaN,NaN,NaN,NaN,NaN,NaN,83.482,NaN,NaN,89.152,NaN,NaN,77.86,74.926,NaN,78.697,79.06,NaN,NaN,NaN,NaN,NaN,NaN,NaN,NaN,82.363,NaN,NaN,NaN,NaN,NaN,NaN,75.103,65.463,54.596,NaN,NaN,NaN,NaN,85.335,NaN,NaN,NaN,NaN,NaN,NaN,82.96,89.587,NaN,NaN,73.423,NaN,NaN,NaN,NaN,NaN,NaN
NaN,NaN,NaN,NaN,NaN,NaN,NaN,NaN,NaN,NaN,NaN,NaN,NaN,NaN,NaN,NaN,NaN,NaN,NaN,NaN,NaN,NaN,NaN,84.359,NaN,NaN,89.25,NaN,NaN,78.72,75.071,NaN,78.815,79.661,NaN,NaN,NaN,NaN,NaN,NaN,NaN,NaN,82.791,NaN,NaN,NaN,NaN,NaN,NaN,75.299,65.665,54.701,NaN,NaN,NaN,NaN,86.016,NaN,NaN,NaN,NaN,NaN,NaN,84.458,89.689,NaN,NaN,73.528,NaN,NaN,NaN,NaN,NaN,NaN
NaN,NaN,NaN,NaN,NaN,NaN,NaN,NaN,NaN,NaN,NaN,NaN,NaN,NaN,NaN,NaN,NaN,NaN,NaN,NaN,NaN,NaN,NaN,87.756,NaN,NaN,91.254,NaN,NaN,79.565,75.457,NaN,80.047,80.159,NaN,NaN,NaN,NaN,NaN,NaN,NaN,NaN,82.921,NaN,NaN,NaN,NaN,NaN,NaN,75.695,66.694,59.633,NaN,NaN,NaN,NaN,87.036,NaN,NaN,NaN,NaN,NaN,NaN,84.827,NaN,NaN,NaN,77.194,NaN,NaN,NaN,NaN,NaN,NaN
NaN,NaN,NaN,NaN,NaN,NaN,NaN,NaN,NaN,NaN,NaN,NaN,NaN,NaN,NaN,NaN,NaN,NaN,NaN,NaN,NaN,NaN,NaN,89.391,NaN,NaN,NaN,NaN,NaN,79.667,78.162,NaN,80.181,81.027,NaN,NaN,NaN,NaN,NaN,NaN,NaN,NaN,83.163,NaN,NaN,NaN,NaN,NaN,NaN,76.365,66.933,60.028,NaN,NaN,NaN,NaN,87.16,NaN,NaN,NaN,NaN,NaN,NaN,85.261,NaN,NaN,NaN,77.52,NaN,NaN,NaN,NaN,NaN,NaN
NaN,NaN,NaN,NaN,NaN,NaN,NaN,NaN,NaN,NaN,NaN,NaN,NaN,NaN,NaN,NaN,NaN,NaN,NaN,NaN,NaN,NaN,NaN,89.498,NaN,NaN,NaN,NaN,NaN,80.435,78.99,NaN,80.291,81.859,NaN,NaN,NaN,NaN,NaN,NaN,NaN,NaN,83.692,NaN,NaN,NaN,NaN,NaN,NaN,76.997,67.364,61.099,NaN,NaN,NaN,NaN,88.165,NaN,NaN,NaN,NaN,NaN,NaN,85.352,NaN,NaN,NaN,77.702,NaN,NaN,NaN,NaN,NaN,NaN
NaN,NaN,NaN,NaN,NaN,NaN,NaN,NaN,NaN,NaN,NaN,NaN,NaN,NaN,NaN,NaN,NaN,NaN,NaN,NaN,NaN,NaN,NaN,90.558,NaN,NaN,NaN,NaN,NaN,81.26,79.094,NaN,80.96,82.296,NaN,NaN,NaN,NaN,NaN,NaN,NaN,NaN,84.037,NaN,NaN,NaN,NaN,NaN,NaN,77.989,68.621,62.056,NaN,NaN,NaN,NaN,88.258,NaN,NaN,NaN,NaN,NaN,NaN,87.221,NaN,NaN,NaN,78.723,NaN,NaN,NaN,NaN,NaN,NaN
NaN,NaN,NaN,NaN,NaN,NaN,NaN,NaN,NaN,NaN,NaN,NaN,NaN,NaN,NaN,NaN,NaN,NaN,NaN,NaN,NaN,NaN,NaN,91.061,NaN,NaN,NaN,NaN,NaN,81.392,79.42,NaN,81.165,82.554,NaN,NaN,NaN,NaN,NaN,NaN,NaN,NaN,84.194,NaN,NaN,NaN,NaN,NaN,NaN,78.121,68.757,62.421,NaN,NaN,NaN,NaN,90.354,NaN,NaN,NaN,NaN,NaN,NaN,88.185,NaN,NaN,NaN,78.829,NaN,NaN,NaN,NaN,NaN,NaN
NaN,NaN,NaN,NaN,NaN,NaN,NaN,NaN,NaN,NaN,NaN,NaN,NaN,NaN,NaN,NaN,NaN,NaN,NaN,NaN,NaN,NaN,NaN,91.334,NaN,NaN,NaN,NaN,NaN,81.591,80.987,NaN,81.664,82.856,NaN,NaN,NaN,NaN,NaN,NaN,NaN,NaN,84.827,NaN,NaN,NaN,NaN,NaN,NaN,78.632,69.101,62.626,NaN,NaN,NaN,NaN,90.562,NaN,NaN,NaN,NaN,NaN,NaN,88.698,NaN,NaN,NaN,80.301,NaN,NaN,NaN,NaN,NaN,NaN
NaN,NaN,NaN,NaN,NaN,NaN,NaN,NaN,NaN,NaN,NaN,NaN,NaN,NaN,NaN,NaN,NaN,NaN,NaN,NaN,NaN,NaN,NaN,91.456,NaN,NaN,NaN,NaN,NaN,82.728,81.767,NaN,83.331,83.659,NaN,NaN,NaN,NaN,NaN,NaN,NaN,NaN,85.446,NaN,NaN,NaN,NaN,NaN,NaN,79.861,69.263,63.025,NaN,NaN,NaN,NaN,91.351,NaN,NaN,NaN,NaN,NaN,NaN,89.32,NaN,NaN,NaN,80.722,NaN,NaN,NaN,NaN,NaN,NaN
NaN,NaN,NaN,NaN,NaN,NaN,NaN,NaN,NaN,NaN,NaN,NaN,NaN,NaN,NaN,NaN,NaN,NaN,NaN,NaN,NaN,NaN,NaN,NaN,NaN,NaN,NaN,NaN,NaN,82.897,82.783,NaN,83.927,83.727,NaN,NaN,NaN,NaN,NaN,NaN,NaN,NaN,85.599,NaN,NaN,NaN,NaN,NaN,NaN,80.095,72.353,64.883,NaN,NaN,NaN,NaN,NaN,NaN,NaN,NaN,NaN,NaN,NaN,NaN,NaN,NaN,NaN,80.901,NaN,NaN,NaN,NaN,NaN,NaN
NaN,NaN,NaN,NaN,NaN,NaN,NaN,NaN,NaN,NaN,NaN,NaN,NaN,NaN,NaN,NaN,NaN,NaN,NaN,NaN,NaN,NaN,NaN,NaN,NaN,NaN,NaN,NaN,NaN,83.224,82.997,NaN,84.818,83.894,NaN,NaN,NaN,NaN,NaN,NaN,NaN,NaN,85.798,NaN,NaN,NaN,NaN,NaN,NaN,80.233,72.765,65.003,NaN,NaN,NaN,NaN,NaN,NaN,NaN,NaN,NaN,NaN,NaN,NaN,NaN,NaN,NaN,81.697,NaN,NaN,NaN,NaN,NaN,NaN
NaN,NaN,NaN,NaN,NaN,NaN,NaN,NaN,NaN,NaN,NaN,NaN,NaN,NaN,NaN,NaN,NaN,NaN,NaN,NaN,NaN,NaN,NaN,NaN,NaN,NaN,NaN,NaN,NaN,84.113,83.056,NaN,85.629,84.187,NaN,NaN,NaN,NaN,NaN,NaN,NaN,NaN,85.948,NaN,NaN,NaN,NaN,NaN,NaN,81.787,73.258,65.703,NaN,NaN,NaN,NaN,NaN,NaN,NaN,NaN,NaN,NaN,NaN,NaN,NaN,NaN,NaN,81.827,NaN,NaN,NaN,NaN,NaN,NaN
NaN,NaN,NaN,NaN,NaN,NaN,NaN,NaN,NaN,NaN,NaN,NaN,NaN,NaN,NaN,NaN,NaN,NaN,NaN,NaN,NaN,NaN,NaN,NaN,NaN,NaN,NaN,NaN,NaN,86.266,84.856,NaN,85.733,84.5,NaN,NaN,NaN,NaN,NaN,NaN,NaN,NaN,86.086,NaN,NaN,NaN,NaN,NaN,NaN,81.963,73.383,65.884,NaN,NaN,NaN,NaN,NaN,NaN,NaN,NaN,NaN,NaN,NaN,NaN,NaN,NaN,NaN,82.701,NaN,NaN,NaN,NaN,NaN,NaN
NaN,NaN,NaN,NaN,NaN,NaN,NaN,NaN,NaN,NaN,NaN,NaN,NaN,NaN,NaN,NaN,NaN,NaN,NaN,NaN,NaN,NaN,NaN,NaN,NaN,NaN,NaN,NaN,NaN,90.101,84.997,NaN,85.856,84.856,NaN,NaN,NaN,NaN,NaN,NaN,NaN,NaN,86.198,NaN,NaN,NaN,NaN,NaN,NaN,82.596,73.797,66.364,NaN,NaN,NaN,NaN,NaN,NaN,NaN,NaN,NaN,NaN,NaN,NaN,NaN,NaN,NaN,83.927,NaN,NaN,NaN,NaN,NaN,NaN
NaN,NaN,NaN,NaN,NaN,NaN,NaN,NaN,NaN,NaN,NaN,NaN,NaN,NaN,NaN,NaN,NaN,NaN,NaN,NaN,NaN,NaN,NaN,NaN,NaN,NaN,NaN,NaN,NaN,NaN,87.237,NaN,86.284,87.094,NaN,NaN,NaN,NaN,NaN,NaN,NaN,NaN,86.489,NaN,NaN,NaN,NaN,NaN,NaN,84.947,73.892,66.429,NaN,NaN,NaN,NaN,NaN,NaN,NaN,NaN,NaN,NaN,NaN,NaN,NaN,NaN,NaN,86.285,NaN,NaN,NaN,NaN,NaN,NaN
NaN,NaN,NaN,NaN,NaN,NaN,NaN,NaN,NaN,NaN,NaN,NaN,NaN,NaN,NaN,NaN,NaN,NaN,NaN,NaN,NaN,NaN,NaN,NaN,NaN,NaN,NaN,NaN,NaN,NaN,NaN,NaN,88.536,88.367,NaN,NaN,NaN,NaN,NaN,NaN,NaN,NaN,86.588,NaN,NaN,NaN,NaN,NaN,NaN,85.679,74.594,66.918,NaN,NaN,NaN,NaN,NaN,NaN,NaN,NaN,NaN,NaN,NaN,NaN,NaN,NaN,NaN,86.536,NaN,NaN,NaN,NaN,NaN,NaN
NaN,NaN,NaN,NaN,NaN,NaN,NaN,NaN,NaN,NaN,NaN,NaN,NaN,NaN,NaN,NaN,NaN,NaN,NaN,NaN,NaN,NaN,NaN,NaN,NaN,NaN,NaN,NaN,NaN,NaN,NaN,NaN,88.865,88.617,NaN,NaN,NaN,NaN,NaN,NaN,NaN,NaN,87.084,NaN,NaN,NaN,NaN,NaN,NaN,85.816,74.689,67.093,NaN,NaN,NaN,NaN,NaN,NaN,NaN,NaN,NaN,NaN,NaN,NaN,NaN,NaN,NaN,87.496,NaN,NaN,NaN,NaN,NaN,NaN
NaN,NaN,NaN,NaN,NaN,NaN,NaN,NaN,NaN,NaN,NaN,NaN,NaN,NaN,NaN,NaN,NaN,NaN,NaN,NaN,NaN,NaN,NaN,NaN,NaN,NaN,NaN,NaN,NaN,NaN,NaN,NaN,89.099,89.117,NaN,NaN,NaN,NaN,NaN,NaN,NaN,NaN,87.26,NaN,NaN,NaN,NaN,NaN,NaN,86.596,74.833,68.054,NaN,NaN,NaN,NaN,NaN,NaN,NaN,NaN,NaN,NaN,NaN,NaN,NaN,NaN,NaN,88.496,NaN,NaN,NaN,NaN,NaN,NaN
NaN,NaN,NaN,NaN,NaN,NaN,NaN,NaN,NaN,NaN,NaN,NaN,NaN,NaN,NaN,NaN,NaN,NaN,NaN,NaN,NaN,NaN,NaN,NaN,NaN,NaN,NaN,NaN,NaN,NaN,NaN,NaN,89.251,89.528,NaN,NaN,NaN,NaN,NaN,NaN,NaN,NaN,88.158,NaN,NaN,NaN,NaN,NaN,NaN,89.26,75.528,68.594,NaN,NaN,NaN,NaN,NaN,NaN,NaN,NaN,NaN,NaN,NaN,NaN,NaN,NaN,NaN,89.227,NaN,NaN,NaN,NaN,NaN,NaN
NaN,NaN,NaN,NaN,NaN,NaN,NaN,NaN,NaN,NaN,NaN,NaN,NaN,NaN,NaN,NaN,NaN,NaN,NaN,NaN,NaN,NaN,NaN,NaN,NaN,NaN,NaN,NaN,NaN,NaN,NaN,NaN,89.413,89.661,NaN,NaN,NaN,NaN,NaN,NaN,NaN,NaN,88.262,NaN,NaN,NaN,NaN,NaN,NaN,89.361,75.66,68.762,NaN,NaN,NaN,NaN,NaN,NaN,NaN,NaN,NaN,NaN,NaN,NaN,NaN,NaN,NaN,89.415,NaN,NaN,NaN,NaN,NaN,NaN
NaN,NaN,NaN,NaN,NaN,NaN,NaN,NaN,NaN,NaN,NaN,NaN,NaN,NaN,NaN,NaN,NaN,NaN,NaN,NaN,NaN,NaN,NaN,NaN,NaN,NaN,NaN,NaN,NaN,NaN,NaN,NaN,89.522,89.851,NaN,NaN,NaN,NaN,NaN,NaN,NaN,NaN,88.696,NaN,NaN,NaN,NaN,NaN,NaN,90.893,76.184,69.064,NaN,NaN,NaN,NaN,NaN,NaN,NaN,NaN,NaN,NaN,NaN,NaN,NaN,NaN,NaN,NaN,NaN,NaN,NaN,NaN,NaN,NaN
NaN,NaN,NaN,NaN,NaN,NaN,NaN,NaN,NaN,NaN,NaN,NaN,NaN,NaN,NaN,NaN,NaN,NaN,NaN,NaN,NaN,NaN,NaN,NaN,NaN,NaN,NaN,NaN,NaN,NaN,NaN,NaN,90.689,90.067,NaN,NaN,NaN,NaN,NaN,NaN,NaN,NaN,89.591,NaN,NaN,NaN,NaN,NaN,NaN,91.026,77.853,70.813,NaN,NaN,NaN,NaN,NaN,NaN,NaN,NaN,NaN,NaN,NaN,NaN,NaN,NaN,NaN,NaN,NaN,NaN,NaN,NaN,NaN,NaN
NaN,NaN,NaN,NaN,NaN,NaN,NaN,NaN,NaN,NaN,NaN,NaN,NaN,NaN,NaN,NaN,NaN,NaN,NaN,NaN,NaN,NaN,NaN,NaN,NaN,NaN,NaN,NaN,NaN,NaN,NaN,NaN,NaN,90.329,NaN,NaN,NaN,NaN,NaN,NaN,NaN,NaN,89.723,NaN,NaN,NaN,NaN,NaN,NaN,NaN,78.501,70.964,NaN,NaN,NaN,NaN,NaN,NaN,NaN,NaN,NaN,NaN,NaN,NaN,NaN,NaN,NaN,NaN,NaN,NaN,NaN,NaN,NaN,NaN
NaN,NaN,NaN,NaN,NaN,NaN,NaN,NaN,NaN,NaN,NaN,NaN,NaN,NaN,NaN,NaN,NaN,NaN,NaN,NaN,NaN,NaN,NaN,NaN,NaN,NaN,NaN,NaN,NaN,NaN,NaN,NaN,NaN,90.458,NaN,NaN,NaN,NaN,NaN,NaN,NaN,NaN,90.303,NaN,NaN,NaN,NaN,NaN,NaN,NaN,78.929,72.85,NaN,NaN,NaN,NaN,NaN,NaN,NaN,NaN,NaN,NaN,NaN,NaN,NaN,NaN,NaN,NaN,NaN,NaN,NaN,NaN,NaN,NaN
NaN,NaN,NaN,NaN,NaN,NaN,NaN,NaN,NaN,NaN,NaN,NaN,NaN,NaN,NaN,NaN,NaN,NaN,NaN,NaN,NaN,NaN,NaN,NaN,NaN,NaN,NaN,NaN,NaN,NaN,NaN,NaN,NaN,90.561,NaN,NaN,NaN,NaN,NaN,NaN,NaN,NaN,91.627,NaN,NaN,NaN,NaN,NaN,NaN,NaN,79.521,73.196,NaN,NaN,NaN,NaN,NaN,NaN,NaN,NaN,NaN,NaN,NaN,NaN,NaN,NaN,NaN,NaN,NaN,NaN,NaN,NaN,NaN,NaN
NaN,NaN,NaN,NaN,NaN,NaN,NaN,NaN,NaN,NaN,NaN,NaN,NaN,NaN,NaN,NaN,NaN,NaN,NaN,NaN,NaN,NaN,NaN,NaN,NaN,NaN,NaN,NaN,NaN,NaN,NaN,NaN,NaN,NaN,NaN,NaN,NaN,NaN,NaN,NaN,NaN,NaN,NaN,NaN,NaN,NaN,NaN,NaN,NaN,NaN,79.661,73.352,NaN,NaN,NaN,NaN,NaN,NaN,NaN,NaN,NaN,NaN,NaN,NaN,NaN,NaN,NaN,NaN,NaN,NaN,NaN,NaN,NaN,NaN
NaN,NaN,NaN,NaN,NaN,NaN,NaN,NaN,NaN,NaN,NaN,NaN,NaN,NaN,NaN,NaN,NaN,NaN,NaN,NaN,NaN,NaN,NaN,NaN,NaN,NaN,NaN,NaN,NaN,NaN,NaN,NaN,NaN,NaN,NaN,NaN,NaN,NaN,NaN,NaN,NaN,NaN,NaN,NaN,NaN,NaN,NaN,NaN,NaN,NaN,80.768,73.904,NaN,NaN,NaN,NaN,NaN,NaN,NaN,NaN,NaN,NaN,NaN,NaN,NaN,NaN,NaN,NaN,NaN,NaN,NaN,NaN,NaN,NaN
NaN,NaN,NaN,NaN,NaN,NaN,NaN,NaN,NaN,NaN,NaN,NaN,NaN,NaN,NaN,NaN,NaN,NaN,NaN,NaN,NaN,NaN,NaN,NaN,NaN,NaN,NaN,NaN,NaN,NaN,NaN,NaN,NaN,NaN,NaN,NaN,NaN,NaN,NaN,NaN,NaN,NaN,NaN,NaN,NaN,NaN,NaN,NaN,NaN,NaN,82.262,74.256,NaN,NaN,NaN,NaN,NaN,NaN,NaN,NaN,NaN,NaN,NaN,NaN,NaN,NaN,NaN,NaN,NaN,NaN,NaN,NaN,NaN,NaN
NaN,NaN,NaN,NaN,NaN,NaN,NaN,NaN,NaN,NaN,NaN,NaN,NaN,NaN,NaN,NaN,NaN,NaN,NaN,NaN,NaN,NaN,NaN,NaN,NaN,NaN,NaN,NaN,NaN,NaN,NaN,NaN,NaN,NaN,NaN,NaN,NaN,NaN,NaN,NaN,NaN,NaN,NaN,NaN,NaN,NaN,NaN,NaN,NaN,NaN,82.401,74.533,NaN,NaN,NaN,NaN,NaN,NaN,NaN,NaN,NaN,NaN,NaN,NaN,NaN,NaN,NaN,NaN,NaN,NaN,NaN,NaN,NaN,NaN
NaN,NaN,NaN,NaN,NaN,NaN,NaN,NaN,NaN,NaN,NaN,NaN,NaN,NaN,NaN,NaN,NaN,NaN,NaN,NaN,NaN,NaN,NaN,NaN,NaN,NaN,NaN,NaN,NaN,NaN,NaN,NaN,NaN,NaN,NaN,NaN,NaN,NaN,NaN,NaN,NaN,NaN,NaN,NaN,NaN,NaN,NaN,NaN,NaN,NaN,82.634,74.796,NaN,NaN,NaN,NaN,NaN,NaN,NaN,NaN,NaN,NaN,NaN,NaN,NaN,NaN,NaN,NaN,NaN,NaN,NaN,NaN,NaN,NaN
NaN,NaN,NaN,NaN,NaN,NaN,NaN,NaN,NaN,NaN,NaN,NaN,NaN,NaN,NaN,NaN,NaN,NaN,NaN,NaN,NaN,NaN,NaN,NaN,NaN,NaN,NaN,NaN,NaN,NaN,NaN,NaN,NaN,NaN,NaN,NaN,NaN,NaN,NaN,NaN,NaN,NaN,NaN,NaN,NaN,NaN,NaN,NaN,NaN,NaN,82.853,75.324,NaN,NaN,NaN,NaN,NaN,NaN,NaN,NaN,NaN,NaN,NaN,NaN,NaN,NaN,NaN,NaN,NaN,NaN,NaN,NaN,NaN,NaN
NaN,NaN,NaN,NaN,NaN,NaN,NaN,NaN,NaN,NaN,NaN,NaN,NaN,NaN,NaN,NaN,NaN,NaN,NaN,NaN,NaN,NaN,NaN,NaN,NaN,NaN,NaN,NaN,NaN,NaN,NaN,NaN,NaN,NaN,NaN,NaN,NaN,NaN,NaN,NaN,NaN,NaN,NaN,NaN,NaN,NaN,NaN,NaN,NaN,NaN,83.217,76.165,NaN,NaN,NaN,NaN,NaN,NaN,NaN,NaN,NaN,NaN,NaN,NaN,NaN,NaN,NaN,NaN,NaN,NaN,NaN,NaN,NaN,NaN
NaN,NaN,NaN,NaN,NaN,NaN,NaN,NaN,NaN,NaN,NaN,NaN,NaN,NaN,NaN,NaN,NaN,NaN,NaN,NaN,NaN,NaN,NaN,NaN,NaN,NaN,NaN,NaN,NaN,NaN,NaN,NaN,NaN,NaN,NaN,NaN,NaN,NaN,NaN,NaN,NaN,NaN,NaN,NaN,NaN,NaN,NaN,NaN,NaN,NaN,83.52,77.152,NaN,NaN,NaN,NaN,NaN,NaN,NaN,NaN,NaN,NaN,NaN,NaN,NaN,NaN,NaN,NaN,NaN,NaN,NaN,NaN,NaN,NaN
NaN,NaN,NaN,NaN,NaN,NaN,NaN,NaN,NaN,NaN,NaN,NaN,NaN,NaN,NaN,NaN,NaN,NaN,NaN,NaN,NaN,NaN,NaN,NaN,NaN,NaN,NaN,NaN,NaN,NaN,NaN,NaN,NaN,NaN,NaN,NaN,NaN,NaN,NaN,NaN,NaN,NaN,NaN,NaN,NaN,NaN,NaN,NaN,NaN,NaN,83.988,79.2,NaN,NaN,NaN,NaN,NaN,NaN,NaN,NaN,NaN,NaN,NaN,NaN,NaN,NaN,NaN,NaN,NaN,NaN,NaN,NaN,NaN,NaN
NaN,NaN,NaN,NaN,NaN,NaN,NaN,NaN,NaN,NaN,NaN,NaN,NaN,NaN,NaN,NaN,NaN,NaN,NaN,NaN,NaN,NaN,NaN,NaN,NaN,NaN,NaN,NaN,NaN,NaN,NaN,NaN,NaN,NaN,NaN,NaN,NaN,NaN,NaN,NaN,NaN,NaN,NaN,NaN,NaN,NaN,NaN,NaN,NaN,NaN,84.253,79.891,NaN,NaN,NaN,NaN,NaN,NaN,NaN,NaN,NaN,NaN,NaN,NaN,NaN,NaN,NaN,NaN,NaN,NaN,NaN,NaN,NaN,NaN
NaN,NaN,NaN,NaN,NaN,NaN,NaN,NaN,NaN,NaN,NaN,NaN,NaN,NaN,NaN,NaN,NaN,NaN,NaN,NaN,NaN,NaN,NaN,NaN,NaN,NaN,NaN,NaN,NaN,NaN,NaN,NaN,NaN,NaN,NaN,NaN,NaN,NaN,NaN,NaN,NaN,NaN,NaN,NaN,NaN,NaN,NaN,NaN,NaN,NaN,85.818,80.332,NaN,NaN,NaN,NaN,NaN,NaN,NaN,NaN,NaN,NaN,NaN,NaN,NaN,NaN,NaN,NaN,NaN,NaN,NaN,NaN,NaN,NaN
NaN,NaN,NaN,NaN,NaN,NaN,NaN,NaN,NaN,NaN,NaN,NaN,NaN,NaN,NaN,NaN,NaN,NaN,NaN,NaN,NaN,NaN,NaN,NaN,NaN,NaN,NaN,NaN,NaN,NaN,NaN,NaN,NaN,NaN,NaN,NaN,NaN,NaN,NaN,NaN,NaN,NaN,NaN,NaN,NaN,NaN,NaN,NaN,NaN,NaN,86.395,80.482,NaN,NaN,NaN,NaN,NaN,NaN,NaN,NaN,NaN,NaN,NaN,NaN,NaN,NaN,NaN,NaN,NaN,NaN,NaN,NaN,NaN,NaN
NaN,NaN,NaN,NaN,NaN,NaN,NaN,NaN,NaN,NaN,NaN,NaN,NaN,NaN,NaN,NaN,NaN,NaN,NaN,NaN,NaN,NaN,NaN,NaN,NaN,NaN,NaN,NaN,NaN,NaN,NaN,NaN,NaN,NaN,NaN,NaN,NaN,NaN,NaN,NaN,NaN,NaN,NaN,NaN,NaN,NaN,NaN,NaN,NaN,NaN,87.062,81.617,NaN,NaN,NaN,NaN,NaN,NaN,NaN,NaN,NaN,NaN,NaN,NaN,NaN,NaN,NaN,NaN,NaN,NaN,NaN,NaN,NaN,NaN
NaN,NaN,NaN,NaN,NaN,NaN,NaN,NaN,NaN,NaN,NaN,NaN,NaN,NaN,NaN,NaN,NaN,NaN,NaN,NaN,NaN,NaN,NaN,NaN,NaN,NaN,NaN,NaN,NaN,NaN,NaN,NaN,NaN,NaN,NaN,NaN,NaN,NaN,NaN,NaN,NaN,NaN,NaN,NaN,NaN,NaN,NaN,NaN,NaN,NaN,87.26,81.826,NaN,NaN,NaN,NaN,NaN,NaN,NaN,NaN,NaN,NaN,NaN,NaN,NaN,NaN,NaN,NaN,NaN,NaN,NaN,NaN,NaN,NaN
NaN,NaN,NaN,NaN,NaN,NaN,NaN,NaN,NaN,NaN,NaN,NaN,NaN,NaN,NaN,NaN,NaN,NaN,NaN,NaN,NaN,NaN,NaN,NaN,NaN,NaN,NaN,NaN,NaN,NaN,NaN,NaN,NaN,NaN,NaN,NaN,NaN,NaN,NaN,NaN,NaN,NaN,NaN,NaN,NaN,NaN,NaN,NaN,NaN,NaN,88.15,82.115,NaN,NaN,NaN,NaN,NaN,NaN,NaN,NaN,NaN,NaN,NaN,NaN,NaN,NaN,NaN,NaN,NaN,NaN,NaN,NaN,NaN,NaN
NaN,NaN,NaN,NaN,NaN,NaN,NaN,NaN,NaN,NaN,NaN,NaN,NaN,NaN,NaN,NaN,NaN,NaN,NaN,NaN,NaN,NaN,NaN,NaN,NaN,NaN,NaN,NaN,NaN,NaN,NaN,NaN,NaN,NaN,NaN,NaN,NaN,NaN,NaN,NaN,NaN,NaN,NaN,NaN,NaN,NaN,NaN,NaN,NaN,NaN,88.256,82.233,NaN,NaN,NaN,NaN,NaN,NaN,NaN,NaN,NaN,NaN,NaN,NaN,NaN,NaN,NaN,NaN,NaN,NaN,NaN,NaN,NaN,NaN
NaN,NaN,NaN,NaN,NaN,NaN,NaN,NaN,NaN,NaN,NaN,NaN,NaN,NaN,NaN,NaN,NaN,NaN,NaN,NaN,NaN,NaN,NaN,NaN,NaN,NaN,NaN,NaN,NaN,NaN,NaN,NaN,NaN,NaN,NaN,NaN,NaN,NaN,NaN,NaN,NaN,NaN,NaN,NaN,NaN,NaN,NaN,NaN,NaN,NaN,NaN,82.691,NaN,NaN,NaN,NaN,NaN,NaN,NaN,NaN,NaN,NaN,NaN,NaN,NaN,NaN,NaN,NaN,NaN,NaN,NaN,NaN,NaN,NaN
NaN,NaN,NaN,NaN,NaN,NaN,NaN,NaN,NaN,NaN,NaN,NaN,NaN,NaN,NaN,NaN,NaN,NaN,NaN,NaN,NaN,NaN,NaN,NaN,NaN,NaN,NaN,NaN,NaN,NaN,NaN,NaN,NaN,NaN,NaN,NaN,NaN,NaN,NaN,NaN,NaN,NaN,NaN,NaN,NaN,NaN,NaN,NaN,NaN,NaN,NaN,82.862,NaN,NaN,NaN,NaN,NaN,NaN,NaN,NaN,NaN,NaN,NaN,NaN,NaN,NaN,NaN,NaN,NaN,NaN,NaN,NaN,NaN,NaN
NaN,NaN,NaN,NaN,NaN,NaN,NaN,NaN,NaN,NaN,NaN,NaN,NaN,NaN,NaN,NaN,NaN,NaN,NaN,NaN,NaN,NaN,NaN,NaN,NaN,NaN,NaN,NaN,NaN,NaN,NaN,NaN,NaN,NaN,NaN,NaN,NaN,NaN,NaN,NaN,NaN,NaN,NaN,NaN,NaN,NaN,NaN,NaN,NaN,NaN,NaN,82.999,NaN,NaN,NaN,NaN,NaN,NaN,NaN,NaN,NaN,NaN,NaN,NaN,NaN,NaN,NaN,NaN,NaN,NaN,NaN,NaN,NaN,NaN
NaN,NaN,NaN,NaN,NaN,NaN,NaN,NaN,NaN,NaN,NaN,NaN,NaN,NaN,NaN,NaN,NaN,NaN,NaN,NaN,NaN,NaN,NaN,NaN,NaN,NaN,NaN,NaN,NaN,NaN,NaN,NaN,NaN,NaN,NaN,NaN,NaN,NaN,NaN,NaN,NaN,NaN,NaN,NaN,NaN,NaN,NaN,NaN,NaN,NaN,NaN,84.432,NaN,NaN,NaN,NaN,NaN,NaN,NaN,NaN,NaN,NaN,NaN,NaN,NaN,NaN,NaN,NaN,NaN,NaN,NaN,NaN,NaN,NaN
NaN,NaN,NaN,NaN,NaN,NaN,NaN,NaN,NaN,NaN,NaN,NaN,NaN,NaN,NaN,NaN,NaN,NaN,NaN,NaN,NaN,NaN,NaN,NaN,NaN,NaN,NaN,NaN,NaN,NaN,NaN,NaN,NaN,NaN,NaN,NaN,NaN,NaN,NaN,NaN,NaN,NaN,NaN,NaN,NaN,NaN,NaN,NaN,NaN,NaN,NaN,84.555,NaN,NaN,NaN,NaN,NaN,NaN,NaN,NaN,NaN,NaN,NaN,NaN,NaN,NaN,NaN,NaN,NaN,NaN,NaN,NaN,NaN,NaN
NaN,NaN,NaN,NaN,NaN,NaN,NaN,NaN,NaN,NaN,NaN,NaN,NaN,NaN,NaN,NaN,NaN,NaN,NaN,NaN,NaN,NaN,NaN,NaN,NaN,NaN,NaN,NaN,NaN,NaN,NaN,NaN,NaN,NaN,NaN,NaN,NaN,NaN,NaN,NaN,NaN,NaN,NaN,NaN,NaN,NaN,NaN,NaN,NaN,NaN,NaN,84.732,NaN,NaN,NaN,NaN,NaN,NaN,NaN,NaN,NaN,NaN,NaN,NaN,NaN,NaN,NaN,NaN,NaN,NaN,NaN,NaN,NaN,NaN
NaN,NaN,NaN,NaN,NaN,NaN,NaN,NaN,NaN,NaN,NaN,NaN,NaN,NaN,NaN,NaN,NaN,NaN,NaN,NaN,NaN,NaN,NaN,NaN,NaN,NaN,NaN,NaN,NaN,NaN,NaN,NaN,NaN,NaN,NaN,NaN,NaN,NaN,NaN,NaN,NaN,NaN,NaN,NaN,NaN,NaN,NaN,NaN,NaN,NaN,NaN,84.964,NaN,NaN,NaN,NaN,NaN,NaN,NaN,NaN,NaN,NaN,NaN,NaN,NaN,NaN,NaN,NaN,NaN,NaN,NaN,NaN,NaN,NaN
NaN,NaN,NaN,NaN,NaN,NaN,NaN,NaN,NaN,NaN,NaN,NaN,NaN,NaN,NaN,NaN,NaN,NaN,NaN,NaN,NaN,NaN,NaN,NaN,NaN,NaN,NaN,NaN,NaN,NaN,NaN,NaN,NaN,NaN,NaN,NaN,NaN,NaN,NaN,NaN,NaN,NaN,NaN,NaN,NaN,NaN,NaN,NaN,NaN,NaN,NaN,85.426,NaN,NaN,NaN,NaN,NaN,NaN,NaN,NaN,NaN,NaN,NaN,NaN,NaN,NaN,NaN,NaN,NaN,NaN,NaN,NaN,NaN,NaN
NaN,NaN,NaN,NaN,NaN,NaN,NaN,NaN,NaN,NaN,NaN,NaN,NaN,NaN,NaN,NaN,NaN,NaN,NaN,NaN,NaN,NaN,NaN,NaN,NaN,NaN,NaN,NaN,NaN,NaN,NaN,NaN,NaN,NaN,NaN,NaN,NaN,NaN,NaN,NaN,NaN,NaN,NaN,NaN,NaN,NaN,NaN,NaN,NaN,NaN,NaN,85.649,NaN,NaN,NaN,NaN,NaN,NaN,NaN,NaN,NaN,NaN,NaN,NaN,NaN,NaN,NaN,NaN,NaN,NaN,NaN,NaN,NaN,NaN
NaN,NaN,NaN,NaN,NaN,NaN,NaN,NaN,NaN,NaN,NaN,NaN,NaN,NaN,NaN,NaN,NaN,NaN,NaN,NaN,NaN,NaN,NaN,NaN,NaN,NaN,NaN,NaN,NaN,NaN,NaN,NaN,NaN,NaN,NaN,NaN,NaN,NaN,NaN,NaN,NaN,NaN,NaN,NaN,NaN,NaN,NaN,NaN,NaN,NaN,NaN,86.232,NaN,NaN,NaN,NaN,NaN,NaN,NaN,NaN,NaN,NaN,NaN,NaN,NaN,NaN,NaN,NaN,NaN,NaN,NaN,NaN,NaN,NaN
NaN,NaN,NaN,NaN,NaN,NaN,NaN,NaN,NaN,NaN,NaN,NaN,NaN,NaN,NaN,NaN,NaN,NaN,NaN,NaN,NaN,NaN,NaN,NaN,NaN,NaN,NaN,NaN,NaN,NaN,NaN,NaN,NaN,NaN,NaN,NaN,NaN,NaN,NaN,NaN,NaN,NaN,NaN,NaN,NaN,NaN,NaN,NaN,NaN,NaN,NaN,87.266,NaN,NaN,NaN,NaN,NaN,NaN,NaN,NaN,NaN,NaN,NaN,NaN,NaN,NaN,NaN,NaN,NaN,NaN,NaN,NaN,NaN,NaN
NaN,NaN,NaN,NaN,NaN,NaN,NaN,NaN,NaN,NaN,NaN,NaN,NaN,NaN,NaN,NaN,NaN,NaN,NaN,NaN,NaN,NaN,NaN,NaN,NaN,NaN,NaN,NaN,NaN,NaN,NaN,NaN,NaN,NaN,NaN,NaN,NaN,NaN,NaN,NaN,NaN,NaN,NaN,NaN,NaN,NaN,NaN,NaN,NaN,NaN,NaN,88.255,NaN,NaN,NaN,NaN,NaN,NaN,NaN,NaN,NaN,NaN,NaN,NaN,NaN,NaN,NaN,NaN,NaN,NaN,NaN,NaN,NaN,NaN
NaN,NaN,NaN,NaN,NaN,NaN,NaN,NaN,NaN,NaN,NaN,NaN,NaN,NaN,NaN,NaN,NaN,NaN,NaN,NaN,NaN,NaN,NaN,NaN,NaN,NaN,NaN,NaN,NaN,NaN,NaN,NaN,NaN,NaN,NaN,NaN,NaN,NaN,NaN,NaN,NaN,NaN,NaN,NaN,NaN,NaN,NaN,NaN,NaN,NaN,NaN,88.418,NaN,NaN,NaN,NaN,NaN,NaN,NaN,NaN,NaN,NaN,NaN,NaN,NaN,NaN,NaN,NaN,NaN,NaN,NaN,NaN,NaN,NaN
