3.895700000000000163e+00,2.752499999999999858e+01,1.303500000000000014e+01,5.364700000000000024e+00,8.629599999999999937e+00,1.083999999999999986e+01,2.065800000000000125e+01,5.279099999999999682e+01,1.567099999999999937e+01,1.446799999999999997e+01,6.923199999999999932e+01,5.742399999999999949e+01,1.902899999999999991e+01,6.695100000000000051e+00,6.167500000000000426e+00,2.436700000000000088e+00,8.961700000000000221e-01,2.928900000000000059e+00,7.382900000000000018e-01,1.295700000000000074e+00,7.289600000000000080e+01,7.219199999999999307e+01,5.835899999999999643e+00,3.468300000000000161e+00,8.403600000000000847e+00,3.708200000000000074e+01,2.612300000000000111e+01,2.967099999999999937e+01,1.306200000000000028e+00,4.208500000000000085e+01,2.135600000000000165e+01,5.339400000000000368e+00,2.879299999999999926e+01,2.435399999999999920e+01,3.132900000000000063e+01,2.025400000000000134e+01,8.330500000000000682e+00,8.020099999999999341e+00,7.908999999999999808e+00,1.596999999999999975e+00,1.209099999999999930e+01,1.108900000000000041e+01,3.270099999999999785e+00,3.165900000000000158e+00,6.297200000000000131e+00,2.692200000000000060e+01,6.185699999999999932e+01,3.575600000000000023e+01,7.767300000000000315e-01,5.976900000000000546e-01,3.190999999999999837e+00,6.992700000000000138e+00,7.903400000000000425e-01,1.202900000000000080e+00,5.365800000000000125e+00,1.792699999999999960e+01,1.085899999999999999e+01,2.158699999999999974e+01,2.596000000000000085e+01,9.392500000000000071e+00,9.305100000000000193e+01,1.740399999999999991e+01,1.431099999999999994e+01,3.708599999999999852e+01,1.058300000000000018e+00,3.426800000000000068e+01,1.197799999999999976e+00,5.742900000000000205e+01,9.002200000000000202e-01,1.872900000000000009e+00,3.224200000000000177e+00,8.770500000000000185e+00,6.111699999999999733e+01,6.988599999999999923e+00,4.940100000000000158e+00,1.245700000000000074e+01,7.001899999999999791e-01,5.859200000000000408e+00,1.900300000000000011e+01,2.125799999999999912e+00,1.506900000000000084e+01,1.361799999999999899e+00,3.103099999999999881e+01,3.112199999999999989e+01,2.030399999999999849e+01,6.095799999999999663e+00,7.269099999999999895e+00,6.594899999999999984e+00,1.280000000000000071e+01
4.274000000000000021e+00,2.787300000000000111e+01,1.317800000000000082e+01,5.531100000000000350e+00,6.246000000000000085e+01,1.128999999999999915e+01,2.220100000000000051e+01,5.560499999999999687e+01,3.802199999999999847e+01,1.857400000000000162e+01,9.118800000000000239e+01,5.822500000000000142e+01,5.153300000000000125e+01,6.840300000000000047e+00,6.402700000000000280e+00,2.854000000000000092e+00,1.868999999999999995e+00,3.257400000000000073e+00,1.846600000000000108e+01,3.873400000000000176e+01,7.306799999999999784e+01,7.283100000000000307e+01,6.805900000000000283e+00,6.793099999999999739e+01,8.998599999999999710e+00,3.720000000000000284e+01,2.619999999999999929e+01,4.373100000000000165e+01,1.663499999999999979e+00,4.225900000000000034e+01,2.158999999999999986e+01,5.469500000000000028e+00,2.907199999999999918e+01,2.469000000000000128e+01,3.153500000000000014e+01,2.039900000000000091e+01,4.023700000000000188e+01,6.629399999999999693e+01,8.932900000000000063e+00,4.992399999999999949e+00,1.250000000000000000e+01,1.137500000000000000e+01,3.598899999999999988e+00,3.600400000000000045e+00,6.525999999999999801e+00,3.170200000000000173e+01,7.203100000000000591e+01,3.606700000000000017e+01,1.052499999999999991e+00,7.431699999999999973e-01,3.336899999999999977e+00,7.590799999999999770e+00,1.226799999999999891e+00,1.366000000000000103e+00,1.284200000000000053e+01,2.117299999999999827e+01,2.210000000000000142e+01,2.907199999999999918e+01,6.109799999999999898e+01,2.202700000000000102e+01,nan,1.766700000000000159e+01,1.562299999999999933e+01,6.939499999999999602e+01,1.368400000000000061e+00,5.089800000000000324e+01,2.806000000000000050e+00,5.778900000000000148e+01,1.404800000000000049e+00,2.067800000000000082e+00,3.442499999999999893e+00,1.169800000000000040e+01,6.248199999999999932e+01,7.171199999999999797e+00,6.540799999999999947e+00,1.293699999999999939e+01,8.467800000000000438e+00,6.194499999999999673e+00,2.685800000000000054e+01,4.791999999999999815e+00,1.588899999999999935e+01,1.533600000000000074e+00,3.173100000000000165e+01,3.186899999999999977e+01,3.456099999999999994e+01,6.433399999999999785e+00,7.694200000000000372e+00,6.858699999999999797e+00,1.300200000000000067e+01
4.835099999999999731e+00,2.796300000000000097e+01,1.673999999999999844e+01,5.699099999999999611e+00,8.235099999999999909e+01,1.166699999999999982e+01,5.170300000000000296e+01,5.598700000000000188e+01,3.835799999999999699e+01,1.889799999999999969e+01,9.149500000000000455e+01,5.863400000000000034e+01,5.255299999999999727e+01,7.932500000000000107e+00,8.033500000000000085e+00,5.296800000000000175e+00,2.300600000000000200e+00,1.360399999999999920e+01,1.877499999999999858e+01,3.939600000000000080e+01,8.116299999999999670e+01,nan,7.896499999999999631e+00,6.809099999999999397e+01,9.433600000000000207e+00,5.996300000000000097e+01,3.275600000000000023e+01,5.289200000000000301e+01,2.304800000000000182e+00,5.235699999999999932e+01,2.268900000000000006e+01,8.937400000000000233e+00,3.242399999999999949e+01,3.866299999999999670e+01,3.163599999999999923e+01,4.466400000000000148e+01,4.048700000000000188e+01,6.799299999999999500e+01,9.661699999999999733e+00,5.530199999999999783e+00,2.940299999999999869e+01,2.938800000000000168e+01,4.928600000000000314e+00,3.935999999999999943e+00,7.125799999999999912e+00,5.319800000000000040e+01,7.232099999999999795e+01,5.838799999999999812e+01,1.221799999999999997e+00,9.099199999999999511e-01,6.427599999999999980e+00,7.970200000000000173e+00,2.668600000000000083e+00,1.706099999999999950e+00,1.407099999999999973e+01,2.196499999999999986e+01,2.246999999999999886e+01,3.415699999999999648e+01,nan,2.323499999999999943e+01,nan,1.789199999999999946e+01,1.643499999999999872e+01,6.975600000000000023e+01,2.226999999999999869e+00,5.159400000000000119e+01,5.932699999999999640e+00,5.803000000000000114e+01,1.895100000000000007e+00,2.407300000000000217e+00,3.901199999999999779e+00,3.812599999999999767e+01,6.322200000000000131e+01,8.600500000000000256e+00,6.924699999999999633e+00,1.426200000000000045e+01,8.593899999999999650e+00,6.298499999999999766e+00,2.725799999999999912e+01,1.307399999999999984e+01,1.727100000000000080e+01,2.167800000000000171e+00,3.232600000000000051e+01,3.232800000000000296e+01,3.690100000000000335e+01,7.066699999999999982e+00,1.433500000000000085e+01,9.331599999999999895e+00,1.489899999999999913e+01
5.328899999999999970e+00,2.838899999999999935e+01,1.790500000000000114e+01,5.830599999999999561e+00,8.279300000000000637e+01,1.332399999999999984e+01,5.182699999999999818e+01,nan,5.119299999999999784e+01,5.908500000000000085e+01,nan,5.896399999999999864e+01,5.345900000000000318e+01,8.137299999999999756e+00,8.335399999999999920e+00,6.658599999999999852e+00,2.736899999999999888e+00,5.506600000000000250e+01,1.936100000000000065e+01,4.132200000000000273e+01,nan,nan,8.799599999999999866e+00,7.702100000000000080e+01,9.968999999999999417e+00,6.128900000000000148e+01,3.290299999999999869e+01,5.315899999999999892e+01,2.467900000000000205e+00,6.745399999999999352e+01,3.589900000000000091e+01,9.785899999999999821e+00,3.276500000000000057e+01,3.879999999999999716e+01,6.130499999999999972e+01,4.625800000000000267e+01,4.060300000000000153e+01,7.136899999999999977e+01,1.019400000000000084e+01,1.500500000000000078e+01,3.052799999999999869e+01,2.962900000000000134e+01,5.094899999999999984e+00,4.205700000000000216e+00,8.457100000000000506e+00,5.356300000000000239e+01,7.276600000000000534e+01,5.896500000000000341e+01,1.819200000000000017e+01,1.222900000000000098e+00,9.028600000000000847e+00,8.393599999999999284e+00,4.402800000000000047e+00,2.804100000000000037e+00,1.439400000000000013e+01,2.213400000000000034e+01,4.143800000000000239e+01,3.701899999999999835e+01,nan,2.352599999999999980e+01,nan,2.073499999999999943e+01,1.762000000000000099e+01,7.013299999999999557e+01,2.339599999999999902e+00,5.210300000000000153e+01,6.207200000000000273e+00,5.815899999999999892e+01,2.095699999999999896e+00,2.602199999999999847e+00,4.174199999999999910e+00,3.929800000000000182e+01,6.335000000000000142e+01,1.102500000000000036e+01,7.454200000000000159e+00,3.632200000000000273e+01,1.066000000000000014e+01,6.796899999999999942e+00,2.734199999999999875e+01,1.319800000000000040e+01,1.809700000000000131e+01,2.960500000000000131e+00,6.088400000000000034e+01,6.246200000000000330e+01,3.719299999999999784e+01,7.376500000000000057e+00,5.099600000000000222e+01,3.390100000000000335e+01,2.603000000000000114e+01
9.103500000000000369e+00,3.002100000000000080e+01,1.823600000000000065e+01,6.299500000000000099e+00,8.754999999999999716e+01,1.352599999999999980e+01,5.230299999999999727e+01,nan,5.165500000000000114e+01,6.092399999999999949e+01,nan,5.906199999999999761e+01,5.400099999999999767e+01,8.799400000000000333e+00,9.400700000000000500e+00,8.889300000000000423e+00,2.877699999999999925e+00,5.552199999999999847e+01,2.043100000000000094e+01,5.076299999999999812e+01,nan,nan,8.897000000000000242e+00,7.732800000000000296e+01,1.034200000000000053e+01,6.149799999999999756e+01,6.119400000000000261e+01,nan,2.837000000000000188e+00,6.765800000000000125e+01,5.393200000000000216e+01,1.419899999999999984e+01,3.379099999999999682e+01,4.200500000000000256e+01,6.235199999999999676e+01,4.646200000000000330e+01,4.130299999999999727e+01,7.206699999999999307e+01,2.240500000000000114e+01,2.002599999999999980e+01,4.955199999999999960e+01,5.096500000000000341e+01,5.434400000000000119e+00,4.806899999999999729e+00,8.660600000000000520e+00,5.849600000000000222e+01,7.428499999999999659e+01,5.915699999999999648e+01,2.409199999999999875e+01,5.474499999999999922e+00,6.012199999999999989e+01,2.453600000000000136e+01,6.935299999999999798e+00,1.080700000000000038e+01,1.489700000000000024e+01,2.239099999999999824e+01,4.178900000000000148e+01,3.715299999999999869e+01,nan,3.787100000000000222e+01,nan,2.103800000000000026e+01,1.806400000000000006e+01,7.778499999999999659e+01,2.539600000000000080e+00,5.229899999999999949e+01,6.494699999999999918e+00,5.838799999999999812e+01,2.290200000000000014e+00,3.165500000000000203e+00,5.209599999999999653e+01,4.076500000000000057e+01,6.369800000000000040e+01,1.130400000000000027e+01,7.600500000000000256e+00,9.140000000000000568e+01,3.782800000000000296e+01,3.955700000000000216e+01,5.332900000000000063e+01,1.660900000000000176e+01,1.823900000000000077e+01,7.295700000000000074e+00,6.102499999999999858e+01,6.273700000000000188e+01,6.328999999999999915e+01,1.047199999999999953e+01,5.121900000000000119e+01,3.823499999999999943e+01,3.149800000000000111e+01
9.592399999999999594e+00,3.035800000000000054e+01,4.026500000000000057e+01,7.459699999999999775e+00,8.972599999999999909e+01,2.062699999999999889e+01,6.001899999999999835e+01,nan,6.679300000000000637e+01,6.166499999999999915e+01,nan,6.506199999999999761e+01,5.418900000000000006e+01,3.423100000000000165e+01,1.026900000000000013e+01,9.005599999999999383e+00,3.409400000000000208e+00,6.246900000000000119e+01,3.386800000000000210e+01,5.096500000000000341e+01,nan,nan,2.320200000000000173e+01,8.816500000000000625e+01,1.053200000000000003e+01,6.398899999999999721e+01,6.153300000000000125e+01,nan,3.864500000000000046e+00,6.789799999999999613e+01,7.072400000000000375e+01,1.516600000000000037e+01,4.061500000000000199e+01,5.103499999999999659e+01,6.245400000000000063e+01,4.772699999999999676e+01,5.532399999999999807e+01,7.234999999999999432e+01,6.092000000000000171e+01,2.103800000000000026e+01,4.996600000000000108e+01,5.982300000000000040e+01,5.940599999999999881e+00,5.020999999999999908e+00,8.804600000000000648e+00,5.913499999999999801e+01,7.478300000000000125e+01,5.938400000000000034e+01,2.429700000000000060e+01,2.153300000000000125e+01,6.056700000000000017e+01,2.660399999999999920e+01,8.801099999999999923e+00,1.125999999999999979e+01,1.832499999999999929e+01,2.269200000000000017e+01,4.270300000000000296e+01,3.928600000000000136e+01,nan,3.853499999999999659e+01,nan,6.071999999999999886e+01,2.128900000000000148e+01,7.790000000000000568e+01,2.896500000000000075e+00,5.935600000000000165e+01,6.856300000000000061e+00,5.862299999999999756e+01,2.410000000000000142e+00,3.259399999999999853e+00,5.232800000000000296e+01,6.530400000000000205e+01,6.381700000000000017e+01,1.169800000000000040e+01,8.136900000000000688e+00,9.162500000000000000e+01,3.796200000000000330e+01,3.989099999999999824e+01,5.475000000000000000e+01,5.081799999999999784e+01,3.195799999999999841e+01,8.005499999999999616e+00,6.119299999999999784e+01,6.296099999999999852e+01,6.405400000000000205e+01,1.127399999999999913e+01,7.249299999999999500e+01,5.388600000000000279e+01,3.176000000000000156e+01
9.836199999999999832e+00,4.302600000000000335e+01,5.402700000000000102e+01,8.801000000000000156e+00,nan,2.106500000000000128e+01,6.015800000000000125e+01,nan,6.716299999999999670e+01,6.189900000000000091e+01,nan,8.095300000000000296e+01,6.246000000000000085e+01,3.456300000000000239e+01,1.433000000000000007e+01,1.050200000000000067e+01,4.061899999999999622e+00,6.274799999999999756e+01,3.562199999999999989e+01,5.108700000000000330e+01,nan,nan,5.102900000000000347e+01,9.216899999999999693e+01,1.116300000000000026e+01,6.485299999999999443e+01,6.242999999999999972e+01,nan,4.194200000000000372e+00,7.089900000000000091e+01,7.196099999999999852e+01,1.550399999999999956e+01,4.868599999999999994e+01,5.131900000000000261e+01,7.458599999999999852e+01,4.802199999999999847e+01,5.559499999999999886e+01,7.495699999999999363e+01,6.138300000000000267e+01,2.153699999999999903e+01,5.132399999999999807e+01,6.003099999999999881e+01,6.464599999999999902e+00,5.301199999999999690e+00,9.233100000000000307e+00,5.929500000000000171e+01,7.489799999999999613e+01,6.022599999999999909e+01,2.469300000000000139e+01,2.242699999999999960e+01,6.553000000000000114e+01,2.726099999999999923e+01,8.989499999999999602e+00,1.459900000000000020e+01,1.850100000000000122e+01,2.289900000000000091e+01,5.822899999999999920e+01,3.978900000000000148e+01,nan,3.865899999999999892e+01,nan,7.132200000000000273e+01,2.733999999999999986e+01,nan,3.097799999999999887e+00,5.949900000000000233e+01,7.330099999999999838e+00,6.072699999999999676e+01,5.725100000000000300e+00,7.361200000000000188e+00,5.239900000000000091e+01,6.758499999999999375e+01,6.405400000000000205e+01,1.253500000000000014e+01,2.482999999999999829e+01,9.185399999999999920e+01,5.883700000000000330e+01,5.330400000000000205e+01,5.487100000000000222e+01,5.089099999999999824e+01,3.246099999999999852e+01,8.136900000000000688e+00,6.272899999999999920e+01,6.339300000000000068e+01,6.598900000000000432e+01,1.476900000000000013e+01,7.305800000000000693e+01,5.415500000000000114e+01,3.343599999999999994e+01
1.002599999999999980e+01,4.338900000000000290e+01,6.248799999999999955e+01,8.935999999999999943e+00,nan,3.232300000000000040e+01,6.042600000000000193e+01,nan,6.738299999999999557e+01,6.203399999999999892e+01,nan,8.198699999999999477e+01,6.360499999999999687e+01,6.419100000000000250e+01,5.212599999999999767e+01,1.415799999999999947e+01,4.231600000000000250e+00,6.341899999999999693e+01,4.339900000000000091e+01,5.163300000000000267e+01,nan,nan,5.209599999999999653e+01,9.249899999999999523e+01,1.286500000000000021e+01,6.553199999999999648e+01,6.255799999999999983e+01,nan,2.066100000000000136e+01,7.556000000000000227e+01,nan,1.569200000000000017e+01,4.880199999999999960e+01,5.625300000000000011e+01,7.485299999999999443e+01,4.889300000000000068e+01,5.579200000000000159e+01,7.587000000000000455e+01,6.186200000000000188e+01,2.622899999999999920e+01,5.172500000000000142e+01,6.702800000000000580e+01,6.570100000000000051e+00,5.769800000000000040e+00,9.569300000000000139e+00,6.892900000000000205e+01,nan,6.036699999999999733e+01,2.573400000000000176e+01,3.858500000000000085e+01,7.648399999999999466e+01,4.159700000000000131e+01,1.050000000000000000e+01,1.886599999999999966e+01,1.885800000000000054e+01,2.316400000000000148e+01,5.845900000000000318e+01,4.645199999999999818e+01,nan,3.880400000000000205e+01,nan,7.181600000000000250e+01,3.225200000000000244e+01,nan,3.306299999999999795e+00,5.983700000000000330e+01,7.831900000000000084e+00,6.092699999999999960e+01,5.867200000000000415e+00,7.442400000000000126e+00,5.256400000000000006e+01,nan,6.430100000000000193e+01,1.370100000000000051e+01,2.609199999999999875e+01,nan,8.805899999999999750e+01,5.355299999999999727e+01,5.558899999999999864e+01,6.166199999999999903e+01,3.313400000000000034e+01,9.238899999999999224e+00,6.335900000000000176e+01,6.480500000000000682e+01,6.615999999999999659e+01,1.743499999999999872e+01,7.412199999999999989e+01,5.988400000000000034e+01,3.379899999999999949e+01
1.356099999999999994e+01,4.363300000000000267e+01,6.273100000000000165e+01,1.135699999999999932e+01,nan,3.260099999999999909e+01,6.099600000000000222e+01,nan,6.762699999999999534e+01,6.266499999999999915e+01,nan,8.252400000000000091e+01,6.389099999999999824e+01,6.879900000000000659e+01,5.983100000000000307e+01,1.876000000000000156e+01,4.727000000000000313e+00,6.405500000000000682e+01,4.368699999999999761e+01,6.076500000000000057e+01,nan,nan,5.239999999999999858e+01,9.279200000000000159e+01,3.159199999999999875e+01,6.596299999999999386e+01,6.291899999999999693e+01,nan,2.082499999999999929e+01,7.579000000000000625e+01,nan,1.803399999999999892e+01,4.922999999999999687e+01,5.652600000000000335e+01,7.509099999999999397e+01,4.962100000000000222e+01,5.616599999999999682e+01,7.633599999999999852e+01,7.392600000000000193e+01,2.633999999999999986e+01,5.187400000000000233e+01,6.739100000000000534e+01,6.867099999999999760e+00,1.049600000000000044e+01,9.793100000000000804e+00,7.163500000000000512e+01,nan,6.072999999999999687e+01,2.609900000000000020e+01,5.692999999999999972e+01,7.722199999999999420e+01,4.172899999999999920e+01,1.352899999999999991e+01,2.549399999999999977e+01,1.976800000000000068e+01,2.337399999999999878e+01,5.889399999999999835e+01,4.655700000000000216e+01,nan,3.904999999999999716e+01,nan,7.676699999999999591e+01,3.236200000000000188e+01,nan,3.661799999999999944e+00,6.889300000000000068e+01,9.564700000000000202e+00,6.099600000000000222e+01,6.639599999999999724e+00,9.026199999999999335e+00,5.268900000000000006e+01,nan,6.453400000000000603e+01,2.036700000000000088e+01,2.778600000000000136e+01,nan,nan,5.393299999999999983e+01,7.908700000000000330e+01,6.222800000000000153e+01,3.327199999999999847e+01,9.357699999999999463e+00,6.379599999999999937e+01,6.566500000000000625e+01,6.662900000000000489e+01,2.049699999999999989e+01,7.457099999999999795e+01,6.102199999999999847e+01,3.439000000000000057e+01
1.370400000000000063e+01,5.706700000000000017e+01,6.418999999999999773e+01,1.304299999999999926e+01,nan,3.286500000000000199e+01,6.136699999999999733e+01,nan,6.795000000000000284e+01,6.366499999999999915e+01,nan,8.323099999999999454e+01,7.771899999999999409e+01,6.900000000000000000e+01,5.996900000000000119e+01,2.189199999999999946e+01,5.661599999999999966e+00,6.612000000000000455e+01,4.405400000000000205e+01,6.092300000000000182e+01,nan,nan,6.090200000000000102e+01,nan,3.182900000000000063e+01,6.642300000000000182e+01,6.306000000000000227e+01,nan,2.095499999999999829e+01,7.670199999999999818e+01,nan,1.883800000000000097e+01,5.089300000000000068e+01,5.876500000000000057e+01,7.565900000000000603e+01,5.802100000000000080e+01,5.709300000000000352e+01,7.655800000000000693e+01,7.426099999999999568e+01,2.678800000000000026e+01,5.212100000000000222e+01,6.899200000000000443e+01,7.990099999999999980e+00,1.106499999999999950e+01,1.003800000000000026e+01,8.962500000000000000e+01,nan,6.092999999999999972e+01,2.663299999999999912e+01,5.873400000000000176e+01,7.871500000000000341e+01,5.908700000000000330e+01,1.583500000000000085e+01,3.779399999999999693e+01,2.000400000000000134e+01,2.372899999999999920e+01,6.020100000000000051e+01,4.716599999999999682e+01,nan,3.929999999999999716e+01,nan,nan,3.289999999999999858e+01,nan,3.972199999999999953e+00,7.040300000000000580e+01,9.806300000000000239e+00,6.126500000000000057e+01,6.811700000000000088e+00,1.074000000000000021e+01,7.703199999999999648e+01,nan,6.466500000000000625e+01,2.685500000000000043e+01,2.846399999999999864e+01,nan,nan,5.425300000000000011e+01,8.241700000000000159e+01,6.262599999999999767e+01,3.469599999999999795e+01,1.380899999999999928e+01,6.525199999999999534e+01,6.589499999999999602e+01,6.772199999999999420e+01,2.337300000000000111e+01,7.508400000000000318e+01,6.132300000000000040e+01,3.499099999999999966e+01
2.069800000000000040e+01,5.746600000000000108e+01,6.449399999999999977e+01,5.302000000000000313e+01,nan,4.462500000000000000e+01,6.149499999999999744e+01,nan,6.910200000000000387e+01,6.391799999999999926e+01,nan,8.434900000000000375e+01,7.791599999999999682e+01,7.106300000000000239e+01,6.169400000000000261e+01,2.991799999999999926e+01,1.433500000000000085e+01,6.652800000000000580e+01,4.429999999999999716e+01,6.169299999999999784e+01,nan,nan,6.179599999999999937e+01,nan,4.938400000000000034e+01,6.766400000000000148e+01,6.335399999999999920e+01,nan,2.108899999999999864e+01,8.412399999999999523e+01,nan,1.899399999999999977e+01,5.736999999999999744e+01,6.251700000000000301e+01,7.592199999999999704e+01,5.888600000000000279e+01,5.748700000000000188e+01,7.981600000000000250e+01,7.445699999999999363e+01,2.708699999999999974e+01,5.247200000000000131e+01,6.932800000000000296e+01,5.369200000000000017e+01,2.120200000000000173e+01,1.018699999999999939e+01,nan,nan,6.245300000000000296e+01,2.689199999999999946e+01,5.938600000000000279e+01,7.986400000000000432e+01,5.960399999999999920e+01,1.590300000000000047e+01,5.489399999999999835e+01,2.010000000000000142e+01,7.446399999999999864e+01,6.095199999999999818e+01,4.728499999999999659e+01,nan,5.978600000000000136e+01,nan,nan,3.316799999999999926e+01,nan,4.267800000000000260e+00,7.271699999999999875e+01,1.283399999999999963e+01,7.651800000000000068e+01,7.843300000000000161e+00,1.108999999999999986e+01,7.782500000000000284e+01,nan,6.479500000000000171e+01,5.089300000000000068e+01,2.972800000000000153e+01,nan,nan,5.442199999999999704e+01,8.272299999999999898e+01,6.275699999999999790e+01,3.726800000000000068e+01,1.456099999999999994e+01,6.535200000000000387e+01,6.646500000000000341e+01,6.796399999999999864e+01,2.373499999999999943e+01,7.558199999999999363e+01,6.155599999999999739e+01,4.093699999999999761e+01
2.153600000000000136e+01,5.809100000000000108e+01,6.492100000000000648e+01,5.336399999999999721e+01,nan,4.576100000000000279e+01,6.175500000000000256e+01,nan,6.956399999999999295e+01,6.526000000000000512e+01,nan,8.672299999999999898e+01,8.289700000000000557e+01,7.142000000000000171e+01,6.192300000000000182e+01,3.007300000000000040e+01,1.466699999999999982e+01,6.926099999999999568e+01,4.452000000000000313e+01,6.555500000000000682e+01,nan,nan,6.245799999999999841e+01,nan,5.082099999999999795e+01,6.939600000000000080e+01,6.385300000000000153e+01,nan,2.242999999999999972e+01,8.429000000000000625e+01,nan,1.961899999999999977e+01,5.755899999999999750e+01,6.286399999999999721e+01,7.638700000000000045e+01,5.920199999999999818e+01,5.919200000000000017e+01,8.049299999999999500e+01,7.491899999999999693e+01,2.779200000000000159e+01,5.259700000000000131e+01,7.026699999999999591e+01,5.542799999999999727e+01,2.130600000000000094e+01,1.076699999999999946e+01,nan,nan,6.273799999999999955e+01,3.336699999999999733e+01,6.078799999999999670e+01,8.006000000000000227e+01,5.979500000000000171e+01,1.628999999999999915e+01,6.699099999999999966e+01,2.025799999999999912e+01,nan,6.129699999999999704e+01,4.752600000000000335e+01,nan,5.998199999999999932e+01,nan,nan,3.329899999999999949e+01,nan,4.406100000000000350e+00,7.282699999999999818e+01,1.296899999999999942e+01,7.673399999999999466e+01,8.530300000000000438e+00,1.142399999999999949e+01,nan,nan,6.538599999999999568e+01,5.127000000000000313e+01,6.549800000000000466e+01,nan,nan,5.615400000000000347e+01,nan,6.459900000000000375e+01,3.967199999999999704e+01,1.476099999999999923e+01,6.566700000000000159e+01,6.672499999999999432e+01,6.842900000000000205e+01,2.649699999999999989e+01,7.586400000000000432e+01,6.268900000000000006e+01,4.230299999999999727e+01
3.763700000000000045e+01,5.879599999999999937e+01,6.529399999999999693e+01,5.508800000000000097e+01,nan,5.629500000000000171e+01,6.249099999999999966e+01,nan,7.092199999999999704e+01,6.539799999999999613e+01,nan,nan,8.335200000000000387e+01,7.968600000000000705e+01,6.672400000000000375e+01,3.186400000000000077e+01,3.276599999999999824e+01,7.572599999999999909e+01,4.556000000000000227e+01,6.566500000000000625e+01,nan,nan,6.549599999999999511e+01,nan,5.092300000000000182e+01,6.971599999999999397e+01,6.415000000000000568e+01,nan,2.260399999999999920e+01,8.445199999999999818e+01,nan,2.049599999999999866e+01,6.866299999999999670e+01,6.802599999999999625e+01,7.723099999999999454e+01,5.955700000000000216e+01,5.945300000000000296e+01,8.475000000000000000e+01,7.768699999999999761e+01,2.805999999999999872e+01,5.703099999999999881e+01,8.498699999999999477e+01,5.582300000000000040e+01,2.333599999999999852e+01,1.086400000000000077e+01,nan,nan,6.366299999999999670e+01,3.443599999999999994e+01,6.246399999999999864e+01,8.155500000000000682e+01,6.243800000000000239e+01,1.930399999999999849e+01,6.715200000000000102e+01,2.040599999999999881e+01,nan,6.918999999999999773e+01,4.806400000000000006e+01,nan,6.156499999999999773e+01,nan,nan,3.994100000000000250e+01,nan,4.577600000000000335e+00,nan,1.373399999999999999e+01,7.732899999999999352e+01,8.787499999999999645e+00,1.152999999999999936e+01,nan,nan,6.546800000000000352e+01,5.193399999999999750e+01,6.565800000000000125e+01,nan,nan,5.639399999999999835e+01,nan,6.485899999999999466e+01,4.113600000000000279e+01,1.496599999999999930e+01,6.618600000000000705e+01,6.731699999999999307e+01,6.908400000000000318e+01,2.670100000000000051e+01,7.632999999999999829e+01,6.625300000000000011e+01,6.275999999999999801e+01
3.776700000000000301e+01,5.907300000000000040e+01,6.593500000000000227e+01,5.940400000000000347e+01,nan,5.695700000000000074e+01,6.356199999999999761e+01,nan,7.150199999999999534e+01,6.609099999999999397e+01,nan,nan,8.726500000000000057e+01,8.109099999999999397e+01,6.716599999999999682e+01,3.432800000000000296e+01,5.603300000000000125e+01,7.628300000000000125e+01,4.623400000000000176e+01,7.341800000000000637e+01,nan,nan,6.601999999999999602e+01,nan,5.126800000000000068e+01,7.001699999999999591e+01,6.431999999999999318e+01,nan,2.293499999999999872e+01,8.496500000000000341e+01,nan,2.056099999999999994e+01,7.999500000000000455e+01,6.951900000000000546e+01,7.753400000000000603e+01,5.978600000000000136e+01,5.995000000000000284e+01,8.908799999999999386e+01,7.782200000000000273e+01,2.936199999999999832e+01,5.869200000000000017e+01,8.579600000000000648e+01,5.662800000000000011e+01,2.360300000000000153e+01,1.117200000000000060e+01,nan,nan,6.665600000000000591e+01,3.475099999999999767e+01,6.268399999999999750e+01,8.482500000000000284e+01,6.252799999999999869e+01,2.103200000000000003e+01,8.235500000000000398e+01,2.105900000000000105e+01,nan,6.926399999999999579e+01,4.855400000000000205e+01,nan,6.833100000000000307e+01,nan,nan,4.022899999999999920e+01,nan,4.733600000000000030e+00,nan,2.153200000000000003e+01,7.819700000000000273e+01,9.072800000000000864e+00,1.180300000000000082e+01,nan,nan,6.575799999999999557e+01,5.775800000000000267e+01,6.617100000000000648e+01,nan,nan,5.908200000000000074e+01,nan,6.606300000000000239e+01,4.869899999999999807e+01,1.533000000000000007e+01,6.629600000000000648e+01,6.745399999999999352e+01,7.006499999999999773e+01,2.696199999999999974e+01,7.654999999999999716e+01,6.642300000000000182e+01,6.408599999999999852e+01
3.809899999999999665e+01,7.929200000000000159e+01,6.625900000000000034e+01,5.981799999999999784e+01,nan,7.086400000000000432e+01,6.566299999999999670e+01,nan,7.219499999999999318e+01,6.635099999999999909e+01,nan,nan,8.752299999999999613e+01,nan,6.772299999999999898e+01,3.445900000000000318e+01,5.619500000000000028e+01,7.643399999999999750e+01,7.019100000000000250e+01,8.442300000000000182e+01,nan,nan,8.063200000000000500e+01,nan,5.192000000000000171e+01,7.032899999999999352e+01,6.486700000000000443e+01,nan,2.323900000000000077e+01,8.525400000000000489e+01,nan,2.096000000000000085e+01,8.082399999999999807e+01,6.979900000000000659e+01,nan,5.989999999999999858e+01,6.072399999999999665e+01,nan,8.271599999999999397e+01,3.630599999999999739e+01,5.907099999999999795e+01,nan,nan,2.369600000000000151e+01,1.134200000000000053e+01,nan,nan,6.676699999999999591e+01,3.505700000000000216e+01,6.363199999999999790e+01,nan,7.762600000000000477e+01,2.576800000000000068e+01,8.672700000000000387e+01,2.127100000000000080e+01,nan,6.948999999999999488e+01,5.692999999999999972e+01,nan,7.032299999999999329e+01,nan,nan,4.501899999999999835e+01,nan,4.908800000000000274e+00,nan,2.222400000000000020e+01,7.845699999999999363e+01,9.972200000000000841e+00,1.226099999999999923e+01,nan,nan,6.628600000000000136e+01,5.829500000000000171e+01,6.652500000000000568e+01,nan,nan,6.078499999999999659e+01,nan,6.665900000000000603e+01,4.886699999999999733e+01,1.819999999999999929e+01,8.016599999999999682e+01,6.776000000000000512e+01,7.072299999999999898e+01,2.749599999999999866e+01,8.002899999999999636e+01,6.678300000000000125e+01,6.452800000000000580e+01
3.936399999999999721e+01,8.342700000000000671e+01,6.661899999999999977e+01,6.075300000000000011e+01,nan,7.099800000000000466e+01,6.575499999999999545e+01,nan,8.458400000000000318e+01,6.652500000000000568e+01,nan,nan,nan,nan,6.805599999999999739e+01,4.323400000000000176e+01,6.165500000000000114e+01,7.778300000000000125e+01,7.065800000000000125e+01,8.509300000000000352e+01,nan,nan,nan,nan,5.202600000000000335e+01,7.105200000000000671e+01,6.498999999999999488e+01,nan,2.348999999999999844e+01,8.693200000000000216e+01,nan,2.126999999999999957e+01,nan,7.653499999999999659e+01,nan,6.032500000000000284e+01,6.886199999999999477e+01,nan,8.302100000000000080e+01,3.666100000000000136e+01,5.942300000000000182e+01,nan,nan,2.420100000000000051e+01,1.166900000000000048e+01,nan,nan,6.738700000000000045e+01,3.522500000000000142e+01,6.602299999999999613e+01,nan,7.772400000000000375e+01,2.592899999999999849e+01,nan,2.177100000000000080e+01,nan,7.085599999999999454e+01,5.746600000000000108e+01,nan,7.046399999999999864e+01,nan,nan,6.245400000000000063e+01,nan,5.195700000000000429e+00,nan,2.307100000000000151e+01,8.465399999999999636e+01,1.065900000000000070e+01,1.264300000000000068e+01,nan,nan,6.645900000000000318e+01,5.871699999999999875e+01,6.666800000000000637e+01,nan,nan,6.092900000000000205e+01,nan,6.715699999999999648e+01,5.692799999999999727e+01,1.856400000000000006e+01,8.335500000000000398e+01,6.935800000000000409e+01,7.818999999999999773e+01,3.710699999999999932e+01,nan,6.816200000000000614e+01,6.486599999999999966e+01
4.120600000000000307e+01,8.466100000000000136e+01,6.672799999999999443e+01,6.245799999999999841e+01,nan,7.639000000000000057e+01,6.775100000000000477e+01,nan,8.495699999999999363e+01,6.772700000000000387e+01,nan,nan,nan,nan,6.866500000000000625e+01,5.715899999999999892e+01,6.345900000000000318e+01,8.159000000000000341e+01,7.121699999999999875e+01,8.593300000000000693e+01,nan,nan,nan,nan,5.216799999999999926e+01,7.122700000000000387e+01,6.518500000000000227e+01,nan,2.469500000000000028e+01,nan,nan,2.192800000000000082e+01,nan,7.959799999999999898e+01,nan,6.219599999999999795e+01,6.900300000000000011e+01,nan,8.395399999999999352e+01,3.753000000000000114e+01,6.238499999999999801e+01,nan,nan,3.618500000000000227e+01,1.280599999999999916e+01,nan,nan,6.762000000000000455e+01,3.535600000000000165e+01,6.648699999999999477e+01,nan,7.825199999999999534e+01,2.603399999999999892e+01,nan,2.612900000000000134e+01,nan,7.915300000000000580e+01,5.855400000000000205e+01,nan,7.712900000000000489e+01,nan,nan,6.359400000000000119e+01,nan,5.800200000000000244e+00,nan,3.887299999999999756e+01,8.499899999999999523e+01,1.285999999999999943e+01,1.293900000000000006e+01,nan,nan,6.689600000000000080e+01,5.908899999999999864e+01,6.678900000000000148e+01,nan,nan,7.036199999999999477e+01,nan,6.736499999999999488e+01,5.746699999999999875e+01,1.933399999999999963e+01,8.372199999999999420e+01,6.988400000000000034e+01,7.843600000000000705e+01,5.096800000000000352e+01,nan,6.825600000000000023e+01,6.501800000000000068e+01
4.132500000000000284e+01,8.476099999999999568e+01,6.842799999999999727e+01,6.549299999999999500e+01,nan,7.658299999999999841e+01,6.852800000000000580e+01,nan,8.543500000000000227e+01,6.956199999999999761e+01,nan,nan,nan,nan,7.145699999999999363e+01,5.862400000000000233e+01,6.772299999999999898e+01,8.182299999999999329e+01,8.366200000000000614e+01,8.690000000000000568e+01,nan,nan,nan,nan,5.246399999999999864e+01,7.182999999999999829e+01,6.572499999999999432e+01,nan,2.507199999999999918e+01,nan,nan,2.219999999999999929e+01,nan,8.682699999999999818e+01,nan,6.265899999999999892e+01,6.992400000000000659e+01,nan,nan,3.856600000000000250e+01,6.458199999999999363e+01,nan,nan,6.069500000000000028e+01,1.340199999999999925e+01,nan,nan,6.825600000000000023e+01,3.583299999999999841e+01,6.800000000000000000e+01,nan,7.956999999999999318e+01,2.983699999999999974e+01,nan,3.052700000000000102e+01,nan,7.945799999999999841e+01,5.877100000000000080e+01,nan,nan,nan,nan,6.379899999999999949e+01,nan,5.959900000000000198e+00,nan,3.902400000000000091e+01,8.581699999999999307e+01,1.305899999999999928e+01,1.430799999999999983e+01,nan,nan,6.729600000000000648e+01,6.056099999999999994e+01,6.695799999999999841e+01,nan,nan,nan,nan,6.800000000000000000e+01,5.760600000000000165e+01,1.962900000000000134e+01,8.449800000000000466e+01,8.015699999999999648e+01,7.965900000000000603e+01,5.527100000000000080e+01,nan,7.638599999999999568e+01,6.515600000000000591e+01
4.946399999999999864e+01,8.605400000000000205e+01,6.881499999999999773e+01,6.600199999999999534e+01,nan,8.005299999999999727e+01,6.869299999999999784e+01,nan,8.645199999999999818e+01,7.043099999999999739e+01,nan,nan,nan,nan,7.168600000000000705e+01,5.876599999999999824e+01,7.558499999999999375e+01,8.371599999999999397e+01,nan,9.296299999999999386e+01,nan,nan,nan,nan,5.909100000000000108e+01,7.916100000000000136e+01,6.643000000000000682e+01,nan,2.588700000000000045e+01,nan,nan,2.556200000000000117e+01,nan,8.702299999999999613e+01,nan,6.282600000000000051e+01,7.532099999999999795e+01,nan,nan,3.867099999999999937e+01,6.606499999999999773e+01,nan,nan,7.689100000000000534e+01,1.355700000000000038e+01,nan,nan,6.871899999999999409e+01,3.659599999999999653e+01,6.891700000000000159e+01,nan,7.982299999999999329e+01,3.786500000000000199e+01,nan,3.296099999999999852e+01,nan,8.026000000000000512e+01,5.906900000000000261e+01,nan,nan,nan,nan,6.398700000000000188e+01,nan,6.073999999999999844e+00,nan,5.195400000000000063e+01,9.268399999999999750e+01,2.937500000000000000e+01,2.289499999999999957e+01,nan,nan,6.766100000000000136e+01,6.085999999999999943e+01,6.709900000000000375e+01,nan,nan,nan,nan,6.829800000000000182e+01,6.078300000000000125e+01,2.452299999999999969e+01,8.591899999999999693e+01,8.085699999999999932e+01,7.979800000000000182e+01,5.596399999999999864e+01,nan,7.669899999999999807e+01,6.552800000000000580e+01
5.238499999999999801e+01,8.682399999999999807e+01,6.899500000000000455e+01,6.768999999999999773e+01,nan,8.125100000000000477e+01,6.886299999999999955e+01,nan,8.702299999999999613e+01,7.065500000000000114e+01,nan,nan,nan,nan,7.231999999999999318e+01,6.182200000000000273e+01,7.582399999999999807e+01,8.393399999999999750e+01,nan,nan,nan,nan,nan,nan,6.119100000000000250e+01,7.985599999999999454e+01,6.655700000000000216e+01,nan,2.609799999999999898e+01,nan,nan,2.602100000000000080e+01,nan,8.721299999999999386e+01,nan,6.523399999999999466e+01,7.579600000000000648e+01,nan,nan,4.420199999999999818e+01,6.621800000000000352e+01,nan,nan,7.808799999999999386e+01,1.377100000000000080e+01,nan,nan,6.879500000000000171e+01,3.706799999999999784e+01,6.910099999999999909e+01,nan,8.135899999999999466e+01,5.102700000000000102e+01,nan,3.479299999999999926e+01,nan,8.061700000000000443e+01,5.971500000000000341e+01,nan,nan,nan,nan,8.754999999999999716e+01,nan,6.297200000000000131e+00,nan,5.322999999999999687e+01,9.319799999999999329e+01,4.196699999999999875e+01,3.819500000000000028e+01,nan,nan,6.779500000000000171e+01,6.098899999999999721e+01,6.755200000000000671e+01,nan,nan,nan,nan,6.845699999999999363e+01,6.091700000000000159e+01,2.519800000000000040e+01,8.692300000000000182e+01,8.166599999999999682e+01,7.993500000000000227e+01,6.053699999999999903e+01,nan,7.698799999999999955e+01,6.589799999999999613e+01
5.355499999999999972e+01,8.703199999999999648e+01,6.929399999999999693e+01,6.906300000000000239e+01,nan,8.135699999999999932e+01,6.903100000000000591e+01,nan,8.775400000000000489e+01,7.129900000000000659e+01,nan,nan,nan,nan,7.335500000000000398e+01,6.210499999999999687e+01,7.619100000000000250e+01,8.421599999999999397e+01,nan,nan,nan,nan,nan,nan,6.162500000000000000e+01,8.045900000000000318e+01,6.685399999999999920e+01,nan,2.622899999999999920e+01,nan,nan,2.743299999999999983e+01,nan,9.087999999999999545e+01,nan,6.868999999999999773e+01,7.668699999999999761e+01,nan,nan,4.485300000000000153e+01,6.645199999999999818e+01,nan,nan,7.992799999999999727e+01,1.400399999999999956e+01,nan,nan,6.935800000000000409e+01,3.726400000000000290e+01,7.019499999999999318e+01,nan,8.366500000000000625e+01,5.116299999999999670e+01,nan,3.507200000000000273e+01,nan,8.119100000000000250e+01,6.023499999999999943e+01,nan,nan,nan,nan,8.859900000000000375e+01,nan,6.862099999999999866e+00,nan,5.333400000000000318e+01,9.344899999999999807e+01,5.099099999999999966e+01,5.436599999999999966e+01,nan,nan,6.822499999999999432e+01,6.222099999999999653e+01,6.833100000000000307e+01,nan,nan,nan,nan,6.945900000000000318e+01,6.115699999999999648e+01,2.603399999999999892e+01,8.738800000000000523e+01,8.366200000000000614e+01,8.012900000000000489e+01,6.075999999999999801e+01,nan,7.972700000000000387e+01,6.613100000000000023e+01
6.805400000000000205e+01,nan,6.949599999999999511e+01,7.004900000000000659e+01,nan,8.161700000000000443e+01,6.936199999999999477e+01,nan,nan,7.168500000000000227e+01,nan,nan,nan,nan,7.366400000000000148e+01,6.273400000000000176e+01,7.873000000000000398e+01,8.512199999999999989e+01,nan,nan,nan,nan,nan,nan,6.199600000000000222e+01,8.065099999999999625e+01,6.759399999999999409e+01,nan,2.779700000000000060e+01,nan,nan,3.086899999999999977e+01,nan,nan,nan,nan,7.756300000000000239e+01,nan,nan,4.519700000000000273e+01,6.729800000000000182e+01,nan,nan,8.075700000000000500e+01,1.449600000000000044e+01,nan,nan,7.822599999999999909e+01,6.076299999999999812e+01,7.065099999999999625e+01,nan,8.383199999999999363e+01,5.176100000000000279e+01,nan,3.526100000000000279e+01,nan,8.212900000000000489e+01,6.033899999999999864e+01,nan,nan,nan,nan,8.884600000000000364e+01,nan,6.966000000000000192e+00,nan,5.352300000000000324e+01,nan,5.232900000000000063e+01,5.989999999999999858e+01,nan,nan,6.859699999999999420e+01,7.861899999999999977e+01,6.866599999999999682e+01,nan,nan,nan,nan,6.975799999999999557e+01,6.146900000000000119e+01,2.743400000000000105e+01,8.759799999999999898e+01,8.509300000000000352e+01,8.033199999999999363e+01,6.082900000000000063e+01,nan,7.986100000000000421e+01,6.625600000000000023e+01
6.862600000000000477e+01,nan,6.959600000000000364e+01,7.035599999999999454e+01,nan,8.445699999999999363e+01,7.016100000000000136e+01,nan,nan,7.192100000000000648e+01,nan,nan,nan,nan,7.412000000000000455e+01,6.321999999999999886e+01,8.719499999999999318e+01,8.556999999999999318e+01,nan,nan,nan,nan,nan,nan,6.272399999999999665e+01,8.098600000000000421e+01,6.796399999999999864e+01,nan,6.629099999999999682e+01,nan,nan,3.165599999999999881e+01,nan,nan,nan,nan,7.769700000000000273e+01,nan,nan,4.576599999999999824e+01,6.814900000000000091e+01,nan,nan,8.771899999999999409e+01,1.493200000000000038e+01,nan,nan,7.878900000000000148e+01,6.091799999999999926e+01,7.115500000000000114e+01,nan,8.406100000000000705e+01,7.578400000000000603e+01,nan,3.660099999999999909e+01,nan,8.845399999999999352e+01,6.085300000000000153e+01,nan,nan,nan,nan,8.972400000000000375e+01,nan,7.229000000000000092e+00,nan,5.372800000000000153e+01,nan,5.435499999999999687e+01,6.005400000000000205e+01,nan,nan,6.919199999999999307e+01,7.916299999999999670e+01,6.992600000000000193e+01,nan,nan,nan,nan,7.042199999999999704e+01,6.159799999999999898e+01,2.793700000000000117e+01,8.782800000000000296e+01,8.526200000000000045e+01,8.066800000000000637e+01,6.116100000000000136e+01,nan,8.451699999999999591e+01,8.753400000000000603e+01
7.018600000000000705e+01,nan,6.996699999999999875e+01,7.084900000000000375e+01,nan,8.501800000000000068e+01,7.052400000000000091e+01,nan,nan,7.341599999999999682e+01,nan,nan,nan,nan,7.432899999999999352e+01,6.406999999999999318e+01,8.972299999999999898e+01,8.692499999999999716e+01,nan,nan,nan,nan,nan,nan,6.442799999999999727e+01,8.116299999999999670e+01,6.808599999999999852e+01,nan,6.693000000000000682e+01,nan,nan,3.180000000000000071e+01,nan,nan,nan,nan,7.789499999999999602e+01,nan,nan,4.663400000000000034e+01,6.892100000000000648e+01,nan,nan,8.929699999999999704e+01,3.892600000000000193e+01,nan,nan,7.936400000000000432e+01,6.145400000000000063e+01,7.152400000000000091e+01,nan,8.482299999999999329e+01,7.899099999999999966e+01,nan,3.733299999999999841e+01,nan,8.908799999999999386e+01,6.623000000000000398e+01,nan,nan,nan,nan,9.002299999999999613e+01,nan,8.303399999999999892e+00,nan,6.608700000000000330e+01,nan,5.466599999999999682e+01,6.019299999999999784e+01,nan,nan,6.949800000000000466e+01,7.963200000000000500e+01,7.026999999999999602e+01,nan,nan,nan,nan,7.139700000000000557e+01,6.273599999999999710e+01,2.807100000000000151e+01,nan,8.592000000000000171e+01,8.105299999999999727e+01,6.156000000000000227e+01,nan,8.508499999999999375e+01,8.989300000000000068e+01
7.029000000000000625e+01,nan,7.266700000000000159e+01,7.189799999999999613e+01,nan,8.530299999999999727e+01,7.869499999999999318e+01,nan,nan,7.595499999999999829e+01,nan,nan,nan,nan,7.472199999999999420e+01,6.586299999999999955e+01,9.118500000000000227e+01,8.756399999999999295e+01,nan,nan,nan,nan,nan,nan,6.515099999999999625e+01,8.256699999999999307e+01,6.890099999999999625e+01,nan,6.725700000000000500e+01,nan,nan,3.203999999999999915e+01,nan,nan,nan,nan,nan,nan,nan,4.672800000000000153e+01,7.013400000000000034e+01,nan,nan,8.955200000000000671e+01,3.929500000000000171e+01,nan,nan,7.965999999999999659e+01,6.243900000000000006e+01,7.346099999999999852e+01,nan,8.605200000000000671e+01,8.441899999999999693e+01,nan,3.759499999999999886e+01,nan,8.979099999999999682e+01,6.732699999999999818e+01,nan,nan,nan,nan,9.045600000000000307e+01,nan,8.628999999999999559e+00,nan,6.618699999999999761e+01,nan,5.533700000000000330e+01,6.522899999999999920e+01,nan,nan,6.998999999999999488e+01,8.178499999999999659e+01,7.058400000000000318e+01,nan,nan,nan,nan,7.165300000000000580e+01,6.586799999999999500e+01,3.020499999999999829e+01,nan,8.622599999999999909e+01,8.135699999999999932e+01,6.176899999999999835e+01,nan,8.974899999999999523e+01,9.075700000000000500e+01
7.046200000000000330e+01,nan,7.289700000000000557e+01,7.292400000000000659e+01,nan,8.542400000000000659e+01,8.696099999999999852e+01,nan,nan,7.698699999999999477e+01,nan,nan,nan,nan,7.545000000000000284e+01,6.608899999999999864e+01,9.149099999999999966e+01,8.971800000000000352e+01,nan,nan,nan,nan,nan,nan,6.645799999999999841e+01,nan,6.918899999999999295e+01,nan,6.754900000000000659e+01,nan,nan,3.448599999999999710e+01,nan,nan,nan,nan,nan,nan,nan,4.699699999999999989e+01,7.588599999999999568e+01,nan,nan,8.972499999999999432e+01,3.942300000000000182e+01,nan,nan,8.149899999999999523e+01,6.558899999999999864e+01,7.422799999999999443e+01,nan,8.618899999999999295e+01,8.491599999999999682e+01,nan,3.829999999999999716e+01,nan,9.012900000000000489e+01,6.819799999999999329e+01,nan,nan,nan,nan,9.219899999999999807e+01,nan,8.967700000000000671e+00,nan,6.669199999999999307e+01,nan,5.568900000000000006e+01,7.292700000000000671e+01,nan,nan,7.013299999999999557e+01,8.199500000000000455e+01,7.088400000000000034e+01,nan,nan,nan,nan,7.213400000000000034e+01,6.625400000000000489e+01,3.057000000000000028e+01,nan,8.648799999999999955e+01,8.216400000000000148e+01,6.438400000000000034e+01,nan,nan,9.148499999999999943e+01
7.055500000000000682e+01,nan,7.318699999999999761e+01,7.578900000000000148e+01,nan,nan,8.719400000000000261e+01,nan,nan,7.792300000000000182e+01,nan,nan,nan,nan,7.555800000000000693e+01,6.623300000000000409e+01,nan,nan,nan,nan,nan,nan,nan,nan,6.682200000000000273e+01,nan,6.936299999999999955e+01,nan,8.098900000000000432e+01,nan,nan,3.502499999999999858e+01,nan,nan,nan,nan,nan,nan,nan,4.735600000000000165e+01,7.854800000000000182e+01,nan,nan,9.048399999999999466e+01,3.956400000000000006e+01,nan,nan,8.445900000000000318e+01,6.669100000000000250e+01,7.435299999999999443e+01,nan,8.706199999999999761e+01,8.501999999999999602e+01,nan,3.859400000000000119e+01,nan,9.062600000000000477e+01,7.229399999999999693e+01,nan,nan,nan,nan,9.251999999999999602e+01,nan,9.097699999999999676e+00,nan,6.775900000000000034e+01,nan,5.890299999999999869e+01,7.450000000000000000e+01,nan,nan,7.129099999999999682e+01,8.246299999999999386e+01,8.075700000000000500e+01,nan,nan,nan,nan,7.245600000000000307e+01,6.841899999999999693e+01,3.212700000000000244e+01,nan,8.732200000000000273e+01,8.655200000000000671e+01,6.478799999999999670e+01,nan,nan,9.211700000000000443e+01
8.439799999999999613e+01,nan,7.352400000000000091e+01,7.649699999999999989e+01,nan,nan,8.765099999999999625e+01,nan,nan,8.439100000000000534e+01,nan,nan,nan,nan,7.566200000000000614e+01,6.656000000000000227e+01,nan,nan,nan,nan,nan,nan,nan,nan,6.719100000000000250e+01,nan,6.985899999999999466e+01,nan,8.166200000000000614e+01,nan,nan,3.612500000000000000e+01,nan,nan,nan,nan,nan,nan,nan,4.753099999999999881e+01,8.362999999999999545e+01,nan,nan,9.072299999999999898e+01,3.988900000000000290e+01,nan,nan,8.705400000000000205e+01,6.705700000000000216e+01,7.580299999999999727e+01,nan,8.722400000000000375e+01,nan,nan,3.920400000000000063e+01,nan,9.091899999999999693e+01,7.243200000000000216e+01,nan,nan,nan,nan,9.291100000000000136e+01,nan,9.326200000000000045e+00,nan,6.788899999999999579e+01,nan,5.899099999999999966e+01,8.595300000000000296e+01,nan,nan,7.153300000000000125e+01,8.279999999999999716e+01,8.678499999999999659e+01,nan,nan,nan,nan,7.262300000000000466e+01,6.855800000000000693e+01,3.239999999999999858e+01,nan,8.766299999999999670e+01,8.678700000000000614e+01,6.525900000000000034e+01,nan,nan,9.249299999999999500e+01
nan,nan,7.416400000000000148e+01,7.679600000000000648e+01,nan,nan,9.145399999999999352e+01,nan,nan,8.516400000000000148e+01,nan,nan,nan,nan,7.793000000000000682e+01,6.692000000000000171e+01,nan,nan,nan,nan,nan,nan,nan,nan,6.755500000000000682e+01,nan,6.996200000000000330e+01,nan,8.264799999999999613e+01,nan,nan,3.661999999999999744e+01,nan,nan,nan,nan,nan,nan,nan,4.809700000000000131e+01,nan,nan,nan,9.115999999999999659e+01,4.012800000000000011e+01,nan,nan,8.722599999999999909e+01,6.715999999999999659e+01,7.632999999999999829e+01,nan,8.955500000000000682e+01,nan,nan,4.012899999999999778e+01,nan,9.122799999999999443e+01,7.256600000000000250e+01,nan,nan,nan,nan,9.302700000000000102e+01,nan,1.016099999999999959e+01,nan,6.896699999999999875e+01,nan,5.916299999999999670e+01,8.693099999999999739e+01,nan,nan,7.193300000000000693e+01,8.539700000000000557e+01,nan,nan,nan,nan,nan,7.329999999999999716e+01,6.875000000000000000e+01,3.375600000000000023e+01,nan,8.781699999999999307e+01,8.693200000000000216e+01,6.555599999999999739e+01,nan,nan,9.285299999999999443e+01
nan,nan,7.468999999999999773e+01,8.456199999999999761e+01,nan,nan,nan,nan,nan,8.722700000000000387e+01,nan,nan,nan,nan,7.826999999999999602e+01,6.743699999999999761e+01,nan,nan,nan,nan,nan,nan,nan,nan,7.165999999999999659e+01,nan,7.019100000000000250e+01,nan,8.352100000000000080e+01,nan,nan,3.676299999999999812e+01,nan,nan,nan,nan,nan,nan,nan,4.835600000000000165e+01,nan,nan,nan,9.148300000000000409e+01,4.028999999999999915e+01,nan,nan,8.779699999999999704e+01,6.765000000000000568e+01,7.656399999999999295e+01,nan,9.016200000000000614e+01,nan,nan,4.061800000000000210e+01,nan,nan,7.305500000000000682e+01,nan,nan,nan,nan,nan,nan,1.029800000000000004e+01,nan,7.112300000000000466e+01,nan,5.932699999999999818e+01,nan,nan,nan,7.219899999999999807e+01,9.261400000000000432e+01,nan,nan,nan,nan,nan,7.354900000000000659e+01,6.936499999999999488e+01,3.408700000000000330e+01,nan,8.835899999999999466e+01,8.971200000000000330e+01,7.406199999999999761e+01,nan,nan,9.305899999999999750e+01
nan,nan,7.488700000000000045e+01,8.478600000000000136e+01,nan,nan,nan,nan,nan,8.975700000000000500e+01,nan,nan,nan,nan,7.859399999999999409e+01,6.779999999999999716e+01,nan,nan,nan,nan,nan,nan,nan,nan,7.342499999999999716e+01,nan,7.032399999999999807e+01,nan,8.372599999999999909e+01,nan,nan,3.689699999999999847e+01,nan,nan,nan,nan,nan,nan,nan,4.898599999999999710e+01,nan,nan,nan,9.195999999999999375e+01,4.054200000000000159e+01,nan,nan,8.826500000000000057e+01,6.878700000000000614e+01,7.676399999999999579e+01,nan,nan,nan,nan,4.121999999999999886e+01,nan,nan,7.336599999999999966e+01,nan,nan,nan,nan,nan,nan,1.042699999999999960e+01,nan,7.168600000000000705e+01,nan,5.945100000000000051e+01,nan,nan,nan,7.235899999999999466e+01,9.275499999999999545e+01,nan,nan,nan,nan,nan,7.392900000000000205e+01,6.948799999999999955e+01,3.421999999999999886e+01,nan,8.932999999999999829e+01,9.022299999999999898e+01,7.436299999999999955e+01,nan,nan,9.319400000000000261e+01
nan,nan,7.575799999999999557e+01,nan,nan,nan,nan,nan,nan,9.118699999999999761e+01,nan,nan,nan,nan,7.963200000000000500e+01,6.818800000000000239e+01,nan,nan,nan,nan,nan,nan,nan,nan,7.423300000000000409e+01,nan,7.062099999999999511e+01,nan,8.401600000000000534e+01,nan,nan,3.703600000000000136e+01,nan,nan,nan,nan,nan,nan,nan,4.922899999999999920e+01,nan,nan,nan,9.239799999999999613e+01,4.078600000000000136e+01,nan,nan,9.149200000000000443e+01,6.898799999999999955e+01,7.835599999999999454e+01,nan,nan,nan,nan,4.186200000000000188e+01,nan,nan,8.058899999999999864e+01,nan,nan,nan,nan,nan,nan,1.073700000000000010e+01,nan,7.981999999999999318e+01,nan,6.332000000000000028e+01,nan,nan,nan,7.255299999999999727e+01,9.308400000000000318e+01,nan,nan,nan,nan,nan,7.532599999999999341e+01,6.965200000000000102e+01,3.442600000000000193e+01,nan,8.969599999999999795e+01,9.115399999999999636e+01,7.999299999999999500e+01,nan,nan,nan
nan,nan,7.703400000000000603e+01,nan,nan,nan,nan,nan,nan,9.148499999999999943e+01,nan,nan,nan,nan,7.979200000000000159e+01,6.879300000000000637e+01,nan,nan,nan,nan,nan,nan,nan,nan,7.472199999999999420e+01,nan,7.092700000000000671e+01,nan,8.462500000000000000e+01,nan,nan,3.722800000000000153e+01,nan,nan,nan,nan,nan,nan,nan,4.950300000000000011e+01,nan,nan,nan,9.276800000000000068e+01,4.099600000000000222e+01,nan,nan,9.198900000000000432e+01,7.015500000000000114e+01,7.969599999999999795e+01,nan,nan,nan,nan,4.269400000000000261e+01,nan,nan,8.069400000000000261e+01,nan,nan,nan,nan,nan,nan,1.106799999999999962e+01,nan,7.995900000000000318e+01,nan,6.375900000000000034e+01,nan,nan,nan,7.269499999999999318e+01,nan,nan,nan,nan,nan,nan,7.559499999999999886e+01,6.989700000000000557e+01,3.612299999999999756e+01,nan,8.988599999999999568e+01,nan,8.212300000000000466e+01,nan,nan,nan
nan,nan,8.179200000000000159e+01,nan,nan,nan,nan,nan,nan,nan,nan,nan,nan,nan,7.996500000000000341e+01,6.909399999999999409e+01,nan,nan,nan,nan,nan,nan,nan,nan,7.483499999999999375e+01,nan,7.148999999999999488e+01,nan,8.681699999999999307e+01,nan,nan,3.907200000000000273e+01,nan,nan,nan,nan,nan,nan,nan,4.983100000000000307e+01,nan,nan,nan,9.301699999999999591e+01,4.113100000000000023e+01,nan,nan,9.272400000000000375e+01,7.029300000000000637e+01,8.037000000000000455e+01,nan,nan,nan,nan,4.279099999999999682e+01,nan,nan,8.112900000000000489e+01,nan,nan,nan,nan,nan,nan,1.209299999999999997e+01,nan,8.093300000000000693e+01,nan,6.389699999999999847e+01,nan,nan,nan,7.301999999999999602e+01,nan,nan,nan,nan,nan,nan,7.592799999999999727e+01,7.003300000000000125e+01,4.276700000000000301e+01,nan,9.249500000000000455e+01,nan,8.252700000000000102e+01,nan,nan,nan
nan,nan,8.422499999999999432e+01,nan,nan,nan,nan,nan,nan,nan,nan,nan,nan,nan,8.332399999999999807e+01,7.019700000000000273e+01,nan,nan,nan,nan,nan,nan,nan,nan,7.498199999999999932e+01,nan,7.212900000000000489e+01,nan,nan,nan,nan,3.920600000000000307e+01,nan,nan,nan,nan,nan,nan,nan,5.019500000000000028e+01,nan,nan,nan,9.318699999999999761e+01,4.132699999999999818e+01,nan,nan,nan,7.072700000000000387e+01,8.071899999999999409e+01,nan,nan,nan,nan,4.290500000000000114e+01,nan,nan,8.149599999999999511e+01,nan,nan,nan,nan,nan,nan,1.237299999999999933e+01,nan,8.109199999999999875e+01,nan,6.415600000000000591e+01,nan,nan,nan,7.329699999999999704e+01,nan,nan,nan,nan,nan,nan,7.609000000000000341e+01,7.093300000000000693e+01,4.326100000000000279e+01,nan,9.295099999999999341e+01,nan,8.285699999999999932e+01,nan,nan,nan
nan,nan,8.562399999999999523e+01,nan,nan,nan,nan,nan,nan,nan,nan,nan,nan,nan,8.542799999999999727e+01,7.088899999999999579e+01,nan,nan,nan,nan,nan,nan,nan,nan,7.562800000000000011e+01,nan,7.249899999999999523e+01,nan,nan,nan,nan,4.146600000000000108e+01,nan,nan,nan,nan,nan,nan,nan,5.059300000000000352e+01,nan,nan,nan,9.342000000000000171e+01,4.158599999999999852e+01,nan,nan,nan,7.092700000000000671e+01,8.115800000000000125e+01,nan,nan,nan,nan,4.362899999999999778e+01,nan,nan,8.188800000000000523e+01,nan,nan,nan,nan,nan,nan,1.344200000000000017e+01,nan,8.322199999999999420e+01,nan,6.898399999999999466e+01,nan,nan,nan,7.376300000000000523e+01,nan,nan,nan,nan,nan,nan,7.639799999999999613e+01,7.129600000000000648e+01,4.393200000000000216e+01,nan,nan,nan,8.362099999999999511e+01,nan,nan,nan
nan,nan,8.593000000000000682e+01,nan,nan,nan,nan,nan,nan,nan,nan,nan,nan,nan,8.681999999999999318e+01,7.145900000000000318e+01,nan,nan,nan,nan,nan,nan,nan,nan,7.606300000000000239e+01,nan,7.272700000000000387e+01,nan,nan,nan,nan,4.252199999999999847e+01,nan,nan,nan,nan,nan,nan,nan,5.355700000000000216e+01,nan,nan,nan,nan,5.342699999999999960e+01,nan,nan,nan,7.123600000000000421e+01,8.122499999999999432e+01,nan,nan,nan,nan,4.378799999999999670e+01,nan,nan,8.461700000000000443e+01,nan,nan,nan,nan,nan,nan,1.363199999999999967e+01,nan,8.333199999999999363e+01,nan,7.006499999999999773e+01,nan,nan,nan,7.396099999999999852e+01,nan,nan,nan,nan,nan,nan,7.676600000000000534e+01,7.174899999999999523e+01,5.365200000000000102e+01,nan,nan,nan,8.376300000000000523e+01,nan,nan,nan
nan,nan,8.689700000000000557e+01,nan,nan,nan,nan,nan,nan,nan,nan,nan,nan,nan,8.719299999999999784e+01,7.265399999999999636e+01,nan,nan,nan,nan,nan,nan,nan,nan,7.649599999999999511e+01,nan,7.285500000000000398e+01,nan,nan,nan,nan,4.262100000000000222e+01,nan,nan,nan,nan,nan,nan,nan,5.436399999999999721e+01,nan,nan,nan,nan,5.422800000000000153e+01,nan,nan,nan,7.139499999999999602e+01,8.162199999999999989e+01,nan,nan,nan,nan,4.398700000000000188e+01,nan,nan,8.679999999999999716e+01,nan,nan,nan,nan,nan,nan,1.433200000000000074e+01,nan,8.442199999999999704e+01,nan,7.021599999999999397e+01,nan,nan,nan,7.412800000000000011e+01,nan,nan,nan,nan,nan,nan,7.750199999999999534e+01,7.186599999999999966e+01,5.436599999999999966e+01,nan,nan,nan,8.706100000000000705e+01,nan,nan,nan
nan,nan,8.722199999999999420e+01,nan,nan,nan,nan,nan,nan,nan,nan,nan,nan,nan,8.806199999999999761e+01,7.338299999999999557e+01,nan,nan,nan,nan,nan,nan,nan,nan,7.676800000000000068e+01,nan,7.296599999999999397e+01,nan,nan,nan,nan,5.243800000000000239e+01,nan,nan,nan,nan,nan,nan,nan,5.453199999999999648e+01,nan,nan,nan,nan,5.442199999999999704e+01,nan,nan,nan,7.152200000000000557e+01,8.191899999999999693e+01,nan,nan,nan,nan,4.415599999999999881e+01,nan,nan,8.722400000000000375e+01,nan,nan,nan,nan,nan,nan,4.938300000000000267e+01,nan,8.496299999999999386e+01,nan,7.039300000000000068e+01,nan,nan,nan,7.442100000000000648e+01,nan,nan,nan,nan,nan,nan,7.809300000000000352e+01,7.216899999999999693e+01,5.449499999999999744e+01,nan,nan,nan,9.148900000000000432e+01,nan,nan,nan
nan,nan,8.742799999999999727e+01,nan,nan,nan,nan,nan,nan,nan,nan,nan,nan,nan,8.829300000000000637e+01,7.351800000000000068e+01,nan,nan,nan,nan,nan,nan,nan,nan,7.812800000000000011e+01,nan,7.309099999999999397e+01,nan,nan,nan,nan,5.289900000000000091e+01,nan,nan,nan,nan,nan,nan,nan,5.481799999999999784e+01,nan,nan,nan,nan,5.492999999999999972e+01,nan,nan,nan,7.195199999999999818e+01,8.225400000000000489e+01,nan,nan,nan,nan,4.486500000000000199e+01,nan,nan,9.171899999999999409e+01,nan,nan,nan,nan,nan,nan,5.001899999999999835e+01,nan,8.538500000000000512e+01,nan,7.076300000000000523e+01,nan,nan,nan,7.462600000000000477e+01,nan,nan,nan,nan,nan,nan,7.825700000000000500e+01,7.232500000000000284e+01,5.506700000000000017e+01,nan,nan,nan,nan,nan,nan,nan
nan,nan,8.773000000000000398e+01,nan,nan,nan,nan,nan,nan,nan,nan,nan,nan,nan,8.968999999999999773e+01,7.492199999999999704e+01,nan,nan,nan,nan,nan,nan,nan,nan,7.941800000000000637e+01,nan,7.348399999999999466e+01,nan,nan,nan,nan,6.052199999999999847e+01,nan,nan,nan,nan,nan,nan,nan,6.085000000000000142e+01,nan,nan,nan,nan,5.563000000000000256e+01,nan,nan,nan,7.225600000000000023e+01,8.493699999999999761e+01,nan,nan,nan,nan,4.516199999999999903e+01,nan,nan,9.202400000000000091e+01,nan,nan,nan,nan,nan,nan,5.156300000000000239e+01,nan,8.586599999999999966e+01,nan,7.156000000000000227e+01,nan,nan,nan,7.549299999999999500e+01,nan,nan,nan,nan,nan,nan,7.889000000000000057e+01,7.253600000000000136e+01,5.518900000000000006e+01,nan,nan,nan,nan,nan,nan,nan
nan,nan,8.805700000000000216e+01,nan,nan,nan,nan,nan,nan,nan,nan,nan,nan,nan,9.148799999999999955e+01,7.598799999999999955e+01,nan,nan,nan,nan,nan,nan,nan,nan,8.051900000000000546e+01,nan,7.372700000000000387e+01,nan,nan,nan,nan,6.132999999999999829e+01,nan,nan,nan,nan,nan,nan,nan,6.369800000000000040e+01,nan,nan,nan,nan,5.592300000000000182e+01,nan,nan,nan,7.294700000000000273e+01,8.559799999999999898e+01,nan,nan,nan,nan,4.533299999999999841e+01,nan,nan,9.236299999999999955e+01,nan,nan,nan,nan,nan,nan,5.183299999999999841e+01,nan,8.599200000000000443e+01,nan,7.271800000000000352e+01,nan,nan,nan,7.562600000000000477e+01,nan,nan,nan,nan,nan,nan,7.912199999999999989e+01,7.266400000000000148e+01,5.563300000000000267e+01,nan,nan,nan,nan,nan,nan,nan
nan,nan,8.823199999999999932e+01,nan,nan,nan,nan,nan,nan,nan,nan,nan,nan,nan,nan,7.617000000000000171e+01,nan,nan,nan,nan,nan,nan,nan,nan,8.112000000000000455e+01,nan,7.435500000000000398e+01,nan,nan,nan,nan,6.161999999999999744e+01,nan,nan,nan,nan,nan,nan,nan,6.736499999999999488e+01,nan,nan,nan,nan,5.615400000000000347e+01,nan,nan,nan,7.324899999999999523e+01,8.632399999999999807e+01,nan,nan,nan,nan,4.552799999999999869e+01,nan,nan,nan,nan,nan,nan,nan,nan,nan,5.196200000000000330e+01,nan,8.632299999999999329e+01,nan,7.283100000000000307e+01,nan,nan,nan,7.586599999999999966e+01,nan,nan,nan,nan,nan,nan,7.926000000000000512e+01,7.281199999999999761e+01,5.906400000000000006e+01,nan,nan,nan,nan,nan,nan,nan
nan,nan,8.852599999999999625e+01,nan,nan,nan,nan,nan,nan,nan,nan,nan,nan,nan,nan,7.688299999999999557e+01,nan,nan,nan,nan,nan,nan,nan,nan,8.216599999999999682e+01,nan,7.485399999999999920e+01,nan,nan,nan,nan,6.168500000000000227e+01,nan,nan,nan,nan,nan,nan,nan,6.756600000000000250e+01,nan,nan,nan,nan,5.662299999999999756e+01,nan,nan,nan,7.372700000000000387e+01,8.648900000000000432e+01,nan,nan,nan,nan,4.580100000000000193e+01,nan,nan,nan,nan,nan,nan,nan,nan,nan,5.235699999999999932e+01,nan,9.118899999999999295e+01,nan,7.302700000000000102e+01,nan,nan,nan,7.629399999999999693e+01,nan,nan,nan,nan,nan,nan,7.953700000000000614e+01,7.293300000000000693e+01,6.395100000000000051e+01,nan,nan,nan,nan,nan,nan,nan
nan,nan,8.926200000000000045e+01,nan,nan,nan,nan,nan,nan,nan,nan,nan,nan,nan,nan,7.701699999999999591e+01,nan,nan,nan,nan,nan,nan,nan,nan,8.251500000000000057e+01,nan,7.588599999999999568e+01,nan,nan,nan,nan,6.218699999999999761e+01,nan,nan,nan,nan,nan,nan,nan,6.784900000000000375e+01,nan,nan,nan,nan,5.685999999999999943e+01,nan,nan,nan,7.408899999999999864e+01,8.779500000000000171e+01,nan,nan,nan,nan,4.673700000000000188e+01,nan,nan,nan,nan,nan,nan,nan,nan,nan,5.261899999999999977e+01,nan,9.132999999999999829e+01,nan,7.581699999999999307e+01,nan,nan,nan,7.685599999999999454e+01,nan,nan,nan,nan,nan,nan,7.978499999999999659e+01,7.329600000000000648e+01,6.499599999999999511e+01,nan,nan,nan,nan,nan,nan,nan
nan,nan,8.971899999999999409e+01,nan,nan,nan,nan,nan,nan,nan,nan,nan,nan,nan,nan,7.791899999999999693e+01,nan,nan,nan,nan,nan,nan,nan,nan,8.396899999999999409e+01,nan,7.635099999999999909e+01,nan,nan,nan,nan,6.228600000000000136e+01,nan,nan,nan,nan,nan,nan,nan,6.799399999999999977e+01,nan,nan,nan,nan,5.710000000000000142e+01,nan,nan,nan,7.488899999999999579e+01,8.835999999999999943e+01,nan,nan,nan,nan,4.690500000000000114e+01,nan,nan,nan,nan,nan,nan,nan,nan,nan,5.283500000000000085e+01,nan,9.182599999999999341e+01,nan,7.651699999999999591e+01,nan,nan,nan,7.705500000000000682e+01,nan,nan,nan,nan,nan,nan,8.128400000000000603e+01,7.391700000000000159e+01,6.529200000000000159e+01,nan,nan,nan,nan,nan,nan,nan
nan,nan,nan,nan,nan,nan,nan,nan,nan,nan,nan,nan,nan,nan,nan,7.821899999999999409e+01,nan,nan,nan,nan,nan,nan,nan,nan,8.428300000000000125e+01,nan,7.656399999999999295e+01,nan,nan,nan,nan,6.372899999999999920e+01,nan,nan,nan,nan,nan,nan,nan,6.831999999999999318e+01,nan,nan,nan,nan,5.720100000000000051e+01,nan,nan,nan,7.509000000000000341e+01,8.853300000000000125e+01,nan,nan,nan,nan,4.819100000000000250e+01,nan,nan,nan,nan,nan,nan,nan,nan,nan,5.437100000000000222e+01,nan,nan,nan,7.845699999999999363e+01,nan,nan,nan,7.749200000000000443e+01,nan,nan,nan,nan,nan,nan,8.189100000000000534e+01,7.420399999999999352e+01,6.552700000000000102e+01,nan,nan,nan,nan,nan,nan,nan
nan,nan,nan,nan,nan,nan,nan,nan,nan,nan,nan,nan,nan,nan,nan,7.949399999999999977e+01,nan,nan,nan,nan,nan,nan,nan,nan,8.472499999999999432e+01,nan,7.682899999999999352e+01,nan,nan,nan,nan,6.389399999999999835e+01,nan,nan,nan,nan,nan,nan,nan,6.848199999999999932e+01,nan,nan,nan,nan,5.746200000000000330e+01,nan,nan,nan,7.545300000000000296e+01,8.915000000000000568e+01,nan,nan,nan,nan,4.863000000000000256e+01,nan,nan,nan,nan,nan,nan,nan,nan,nan,5.466199999999999903e+01,nan,nan,nan,7.883100000000000307e+01,nan,nan,nan,7.779500000000000171e+01,nan,nan,nan,nan,nan,nan,8.262199999999999989e+01,7.479800000000000182e+01,6.586100000000000421e+01,nan,nan,nan,nan,nan,nan,nan
nan,nan,nan,nan,nan,nan,nan,nan,nan,nan,nan,nan,nan,nan,nan,7.977200000000000557e+01,nan,nan,nan,nan,nan,nan,nan,nan,8.499299999999999500e+01,nan,7.705899999999999750e+01,nan,nan,nan,nan,6.425600000000000023e+01,nan,nan,nan,nan,nan,nan,nan,7.238299999999999557e+01,nan,nan,nan,nan,5.805700000000000216e+01,nan,nan,nan,7.586400000000000432e+01,9.112000000000000455e+01,nan,nan,nan,nan,4.909400000000000119e+01,nan,nan,nan,nan,nan,nan,nan,nan,nan,5.492699999999999960e+01,nan,nan,nan,7.908400000000000318e+01,nan,nan,nan,7.922599999999999909e+01,nan,nan,nan,nan,nan,nan,8.311899999999999977e+01,7.493399999999999750e+01,7.846099999999999852e+01,nan,nan,nan,nan,nan,nan,nan
nan,nan,nan,nan,nan,nan,nan,nan,nan,nan,nan,nan,nan,nan,nan,7.988400000000000034e+01,nan,nan,nan,nan,nan,nan,nan,nan,8.523199999999999932e+01,nan,7.721500000000000341e+01,nan,nan,nan,nan,6.527100000000000080e+01,nan,nan,nan,nan,nan,nan,nan,7.291500000000000625e+01,nan,nan,nan,nan,5.865999999999999659e+01,nan,nan,nan,7.600300000000000011e+01,nan,nan,nan,nan,nan,4.949600000000000222e+01,nan,nan,nan,nan,nan,nan,nan,nan,nan,5.532900000000000063e+01,nan,nan,nan,7.923499999999999943e+01,nan,nan,nan,7.949200000000000443e+01,nan,nan,nan,nan,nan,nan,8.475300000000000011e+01,7.558599999999999852e+01,7.862000000000000455e+01,nan,nan,nan,nan,nan,nan,nan
nan,nan,nan,nan,nan,nan,nan,nan,nan,nan,nan,nan,nan,nan,nan,8.116500000000000625e+01,nan,nan,nan,nan,nan,nan,nan,nan,8.552400000000000091e+01,nan,7.745000000000000284e+01,nan,nan,nan,nan,6.555299999999999727e+01,nan,nan,nan,nan,nan,nan,nan,7.343600000000000705e+01,nan,nan,nan,nan,5.908299999999999841e+01,nan,nan,nan,7.616400000000000148e+01,nan,nan,nan,nan,nan,4.982300000000000040e+01,nan,nan,nan,nan,nan,nan,nan,nan,nan,5.642000000000000171e+01,nan,nan,nan,7.969100000000000250e+01,nan,nan,nan,7.976500000000000057e+01,nan,nan,nan,nan,nan,nan,8.499200000000000443e+01,7.593600000000000705e+01,7.896699999999999875e+01,nan,nan,nan,nan,nan,nan,nan
nan,nan,nan,nan,nan,nan,nan,nan,nan,nan,nan,nan,nan,nan,nan,8.133400000000000318e+01,nan,nan,nan,nan,nan,nan,nan,nan,8.662900000000000489e+01,nan,7.770199999999999818e+01,nan,nan,nan,nan,6.622599999999999909e+01,nan,nan,nan,nan,nan,nan,nan,7.355800000000000693e+01,nan,nan,nan,nan,5.921800000000000352e+01,nan,nan,nan,nan,nan,nan,nan,nan,nan,5.036200000000000188e+01,nan,nan,nan,nan,nan,nan,nan,nan,nan,5.908500000000000085e+01,nan,nan,nan,7.987000000000000455e+01,nan,nan,nan,8.095999999999999375e+01,nan,nan,nan,nan,nan,nan,8.525100000000000477e+01,7.675700000000000500e+01,8.041800000000000637e+01,nan,nan,nan,nan,nan,nan,nan
nan,nan,nan,nan,nan,nan,nan,nan,nan,nan,nan,nan,nan,nan,nan,8.419499999999999318e+01,nan,nan,nan,nan,nan,nan,nan,nan,8.678900000000000148e+01,nan,7.805500000000000682e+01,nan,nan,nan,nan,6.652299999999999613e+01,nan,nan,nan,nan,nan,nan,nan,8.484999999999999432e+01,nan,nan,nan,nan,5.936099999999999710e+01,nan,nan,nan,nan,nan,nan,nan,nan,nan,5.466299999999999670e+01,nan,nan,nan,nan,nan,nan,nan,nan,nan,6.016799999999999926e+01,nan,nan,nan,8.048399999999999466e+01,nan,nan,nan,8.142400000000000659e+01,nan,nan,nan,nan,nan,nan,8.565800000000000125e+01,7.687099999999999511e+01,nan,nan,nan,nan,nan,nan,nan,nan
nan,nan,nan,nan,nan,nan,nan,nan,nan,nan,nan,nan,nan,nan,nan,8.442300000000000182e+01,nan,nan,nan,nan,nan,nan,nan,nan,8.719499999999999318e+01,nan,7.836400000000000432e+01,nan,nan,nan,nan,6.739100000000000534e+01,nan,nan,nan,nan,nan,nan,nan,8.493000000000000682e+01,nan,nan,nan,nan,5.966899999999999693e+01,nan,nan,nan,nan,nan,nan,nan,nan,nan,5.506700000000000017e+01,nan,nan,nan,nan,nan,nan,nan,nan,nan,6.089900000000000091e+01,nan,nan,nan,8.271899999999999409e+01,nan,nan,nan,8.161799999999999500e+01,nan,nan,nan,nan,nan,nan,8.622100000000000364e+01,8.199699999999999989e+01,nan,nan,nan,nan,nan,nan,nan,nan
nan,nan,nan,nan,nan,nan,nan,nan,nan,nan,nan,nan,nan,nan,nan,8.493699999999999761e+01,nan,nan,nan,nan,nan,nan,nan,nan,8.965099999999999625e+01,nan,7.872499999999999432e+01,nan,nan,nan,nan,6.778600000000000136e+01,nan,nan,nan,nan,nan,nan,nan,8.658899999999999864e+01,nan,nan,nan,nan,6.022899999999999920e+01,nan,nan,nan,nan,nan,nan,nan,nan,nan,5.676400000000000290e+01,nan,nan,nan,nan,nan,nan,nan,nan,nan,7.012600000000000477e+01,nan,nan,nan,8.352700000000000102e+01,nan,nan,nan,8.205899999999999750e+01,nan,nan,nan,nan,nan,nan,8.642700000000000671e+01,8.271800000000000352e+01,nan,nan,nan,nan,nan,nan,nan,nan
nan,nan,nan,nan,nan,nan,nan,nan,nan,nan,nan,nan,nan,nan,nan,8.552599999999999625e+01,nan,nan,nan,nan,nan,nan,nan,nan,8.972299999999999898e+01,nan,7.898300000000000409e+01,nan,nan,nan,nan,6.800000000000000000e+01,nan,nan,nan,nan,nan,nan,nan,8.758599999999999852e+01,nan,nan,nan,nan,6.042900000000000205e+01,nan,nan,nan,nan,nan,nan,nan,nan,nan,5.746200000000000330e+01,nan,nan,nan,nan,nan,nan,nan,nan,nan,7.052400000000000091e+01,nan,nan,nan,8.435599999999999454e+01,nan,nan,nan,8.235699999999999932e+01,nan,nan,nan,nan,nan,nan,8.661599999999999966e+01,8.298300000000000409e+01,nan,nan,nan,nan,nan,nan,nan,nan
nan,nan,nan,nan,nan,nan,nan,nan,nan,nan,nan,nan,nan,nan,nan,8.843600000000000705e+01,nan,nan,nan,nan,nan,nan,nan,nan,nan,nan,7.921999999999999886e+01,nan,nan,nan,nan,6.812399999999999523e+01,nan,nan,nan,nan,nan,nan,nan,8.769799999999999329e+01,nan,nan,nan,nan,6.068900000000000006e+01,nan,nan,nan,nan,nan,nan,nan,nan,nan,5.771800000000000352e+01,nan,nan,nan,nan,nan,nan,nan,nan,nan,7.126200000000000045e+01,nan,nan,nan,8.452899999999999636e+01,nan,nan,nan,8.262800000000000011e+01,nan,nan,nan,nan,nan,nan,8.882899999999999352e+01,8.412699999999999534e+01,nan,nan,nan,nan,nan,nan,nan,nan
nan,nan,nan,nan,nan,nan,nan,nan,nan,nan,nan,nan,nan,nan,nan,9.056300000000000239e+01,nan,nan,nan,nan,nan,nan,nan,nan,nan,nan,7.946599999999999397e+01,nan,nan,nan,nan,6.826600000000000534e+01,nan,nan,nan,nan,nan,nan,nan,8.779699999999999704e+01,nan,nan,nan,nan,6.092900000000000205e+01,nan,nan,nan,nan,nan,nan,nan,nan,nan,6.245000000000000284e+01,nan,nan,nan,nan,nan,nan,nan,nan,nan,7.176800000000000068e+01,nan,nan,nan,8.506499999999999773e+01,nan,nan,nan,8.298499999999999943e+01,nan,nan,nan,nan,nan,nan,8.892100000000000648e+01,8.433400000000000318e+01,nan,nan,nan,nan,nan,nan,nan,nan
nan,nan,nan,nan,nan,nan,nan,nan,nan,nan,nan,nan,nan,nan,nan,9.108199999999999363e+01,nan,nan,nan,nan,nan,nan,nan,nan,nan,nan,7.979399999999999693e+01,nan,nan,nan,nan,6.958799999999999386e+01,nan,nan,nan,nan,nan,nan,nan,8.822899999999999920e+01,nan,nan,nan,nan,6.116499999999999915e+01,nan,nan,nan,nan,nan,nan,nan,nan,nan,7.083499999999999375e+01,nan,nan,nan,nan,nan,nan,nan,nan,nan,7.635899999999999466e+01,nan,nan,nan,9.125900000000000034e+01,nan,nan,nan,8.312800000000000011e+01,nan,nan,nan,nan,nan,nan,8.963200000000000500e+01,8.528199999999999648e+01,nan,nan,nan,nan,nan,nan,nan,nan
nan,nan,nan,nan,nan,nan,nan,nan,nan,nan,nan,nan,nan,nan,nan,9.119499999999999318e+01,nan,nan,nan,nan,nan,nan,nan,nan,nan,nan,8.035699999999999932e+01,nan,nan,nan,nan,6.969100000000000250e+01,nan,nan,nan,nan,nan,nan,nan,8.861700000000000443e+01,nan,nan,nan,nan,6.143500000000000227e+01,nan,nan,nan,nan,nan,nan,nan,nan,nan,7.149500000000000455e+01,nan,nan,nan,nan,nan,nan,nan,nan,nan,8.972400000000000375e+01,nan,nan,nan,nan,nan,nan,nan,8.329699999999999704e+01,nan,nan,nan,nan,nan,nan,8.972599999999999909e+01,8.719100000000000250e+01,nan,nan,nan,nan,nan,nan,nan,nan
nan,nan,nan,nan,nan,nan,nan,nan,nan,nan,nan,nan,nan,nan,nan,nan,nan,nan,nan,nan,nan,nan,nan,nan,nan,nan,8.082099999999999795e+01,nan,nan,nan,nan,7.013100000000000023e+01,nan,nan,nan,nan,nan,nan,nan,nan,nan,nan,nan,nan,6.175500000000000256e+01,nan,nan,nan,nan,nan,nan,nan,nan,nan,7.160099999999999909e+01,nan,nan,nan,nan,nan,nan,nan,nan,nan,nan,nan,nan,nan,nan,nan,nan,nan,8.351900000000000546e+01,nan,nan,nan,nan,nan,nan,nan,8.871500000000000341e+01,nan,nan,nan,nan,nan,nan,nan,nan
nan,nan,nan,nan,nan,nan,nan,nan,nan,nan,nan,nan,nan,nan,nan,nan,nan,nan,nan,nan,nan,nan,nan,nan,nan,nan,8.156499999999999773e+01,nan,nan,nan,nan,7.198799999999999955e+01,nan,nan,nan,nan,nan,nan,nan,nan,nan,nan,nan,nan,6.212800000000000011e+01,nan,nan,nan,nan,nan,nan,nan,nan,nan,7.205899999999999750e+01,nan,nan,nan,nan,nan,nan,nan,nan,nan,nan,nan,nan,nan,nan,nan,nan,nan,8.389700000000000557e+01,nan,nan,nan,nan,nan,nan,nan,8.928600000000000136e+01,nan,nan,nan,nan,nan,nan,nan,nan
nan,nan,nan,nan,nan,nan,nan,nan,nan,nan,nan,nan,nan,nan,nan,nan,nan,nan,nan,nan,nan,nan,nan,nan,nan,nan,8.168800000000000239e+01,nan,nan,nan,nan,7.222599999999999909e+01,nan,nan,nan,nan,nan,nan,nan,nan,nan,nan,nan,nan,6.902800000000000580e+01,nan,nan,nan,nan,nan,nan,nan,nan,nan,7.219299999999999784e+01,nan,nan,nan,nan,nan,nan,nan,nan,nan,nan,nan,nan,nan,nan,nan,nan,nan,8.399500000000000455e+01,nan,nan,nan,nan,nan,nan,nan,8.992400000000000659e+01,nan,nan,nan,nan,nan,nan,nan,nan
nan,nan,nan,nan,nan,nan,nan,nan,nan,nan,nan,nan,nan,nan,nan,nan,nan,nan,nan,nan,nan,nan,nan,nan,nan,nan,8.225400000000000489e+01,nan,nan,nan,nan,7.268899999999999295e+01,nan,nan,nan,nan,nan,nan,nan,nan,nan,nan,nan,nan,6.961899999999999977e+01,nan,nan,nan,nan,nan,nan,nan,nan,nan,7.309399999999999409e+01,nan,nan,nan,nan,nan,nan,nan,nan,nan,nan,nan,nan,nan,nan,nan,nan,nan,8.429500000000000171e+01,nan,nan,nan,nan,nan,nan,nan,9.005700000000000216e+01,nan,nan,nan,nan,nan,nan,nan,nan
nan,nan,nan,nan,nan,nan,nan,nan,nan,nan,nan,nan,nan,nan,nan,nan,nan,nan,nan,nan,nan,nan,nan,nan,nan,nan,8.262699999999999534e+01,nan,nan,nan,nan,7.346299999999999386e+01,nan,nan,nan,nan,nan,nan,nan,nan,nan,nan,nan,nan,6.978499999999999659e+01,nan,nan,nan,nan,nan,nan,nan,nan,nan,7.332999999999999829e+01,nan,nan,nan,nan,nan,nan,nan,nan,nan,nan,nan,nan,nan,nan,nan,nan,nan,8.455500000000000682e+01,nan,nan,nan,nan,nan,nan,nan,9.040200000000000102e+01,nan,nan,nan,nan,nan,nan,nan,nan
nan,nan,nan,nan,nan,nan,nan,nan,nan,nan,nan,nan,nan,nan,nan,nan,nan,nan,nan,nan,nan,nan,nan,nan,nan,nan,8.352599999999999625e+01,nan,nan,nan,nan,7.418500000000000227e+01,nan,nan,nan,nan,nan,nan,nan,nan,nan,nan,nan,nan,6.992499999999999716e+01,nan,nan,nan,nan,nan,nan,nan,nan,nan,7.345499999999999829e+01,nan,nan,nan,nan,nan,nan,nan,nan,nan,nan,nan,nan,nan,nan,nan,nan,nan,8.465699999999999648e+01,nan,nan,nan,nan,nan,nan,nan,9.202500000000000568e+01,nan,nan,nan,nan,nan,nan,nan,nan
nan,nan,nan,nan,nan,nan,nan,nan,nan,nan,nan,nan,nan,nan,nan,nan,nan,nan,nan,nan,nan,nan,nan,nan,nan,nan,8.376399999999999579e+01,nan,nan,nan,nan,7.475000000000000000e+01,nan,nan,nan,nan,nan,nan,nan,nan,nan,nan,nan,nan,7.009099999999999397e+01,nan,nan,nan,nan,nan,nan,nan,nan,nan,7.375199999999999534e+01,nan,nan,nan,nan,nan,nan,nan,nan,nan,nan,nan,nan,nan,nan,nan,nan,nan,8.492100000000000648e+01,nan,nan,nan,nan,nan,nan,nan,9.248999999999999488e+01,nan,nan,nan,nan,nan,nan,nan,nan
nan,nan,nan,nan,nan,nan,nan,nan,nan,nan,nan,nan,nan,nan,nan,nan,nan,nan,nan,nan,nan,nan,nan,nan,nan,nan,8.473199999999999932e+01,nan,nan,nan,nan,7.492400000000000659e+01,nan,nan,nan,nan,nan,nan,nan,nan,nan,nan,nan,nan,7.073300000000000409e+01,nan,nan,nan,nan,nan,nan,nan,nan,nan,7.385999999999999943e+01,nan,nan,nan,nan,nan,nan,nan,nan,nan,nan,nan,nan,nan,nan,nan,nan,nan,8.505700000000000216e+01,nan,nan,nan,nan,nan,nan,nan,9.293099999999999739e+01,nan,nan,nan,nan,nan,nan,nan,nan
nan,nan,nan,nan,nan,nan,nan,nan,nan,nan,nan,nan,nan,nan,nan,nan,nan,nan,nan,nan,nan,nan,nan,nan,nan,nan,8.505200000000000671e+01,nan,nan,nan,nan,7.618600000000000705e+01,nan,nan,nan,nan,nan,nan,nan,nan,nan,nan,nan,nan,7.099800000000000466e+01,nan,nan,nan,nan,nan,nan,nan,nan,nan,7.408400000000000318e+01,nan,nan,nan,nan,nan,nan,nan,nan,nan,nan,nan,nan,nan,nan,nan,nan,nan,8.532599999999999341e+01,nan,nan,nan,nan,nan,nan,nan,9.306399999999999295e+01,nan,nan,nan,nan,nan,nan,nan,nan
nan,nan,nan,nan,nan,nan,nan,nan,nan,nan,nan,nan,nan,nan,nan,nan,nan,nan,nan,nan,nan,nan,nan,nan,nan,nan,8.542100000000000648e+01,nan,nan,nan,nan,7.634999999999999432e+01,nan,nan,nan,nan,nan,nan,nan,nan,nan,nan,nan,nan,7.142300000000000182e+01,nan,nan,nan,nan,nan,nan,nan,nan,nan,7.420399999999999352e+01,nan,nan,nan,nan,nan,nan,nan,nan,nan,nan,nan,nan,nan,nan,nan,nan,nan,8.546099999999999852e+01,nan,nan,nan,nan,nan,nan,nan,nan,nan,nan,nan,nan,nan,nan,nan,nan
nan,nan,nan,nan,nan,nan,nan,nan,nan,nan,nan,nan,nan,nan,nan,nan,nan,nan,nan,nan,nan,nan,nan,nan,nan,nan,8.562199999999999989e+01,nan,nan,nan,nan,7.649399999999999977e+01,nan,nan,nan,nan,nan,nan,nan,nan,nan,nan,nan,nan,nan,nan,nan,nan,nan,nan,nan,nan,nan,nan,7.489499999999999602e+01,nan,nan,nan,nan,nan,nan,nan,nan,nan,nan,nan,nan,nan,nan,nan,nan,nan,8.578900000000000148e+01,nan,nan,nan,nan,nan,nan,nan,nan,nan,nan,nan,nan,nan,nan,nan,nan
nan,nan,nan,nan,nan,nan,nan,nan,nan,nan,nan,nan,nan,nan,nan,nan,nan,nan,nan,nan,nan,nan,nan,nan,nan,nan,8.600000000000000000e+01,nan,nan,nan,nan,7.663400000000000034e+01,nan,nan,nan,nan,nan,nan,nan,nan,nan,nan,nan,nan,nan,nan,nan,nan,nan,nan,nan,nan,nan,nan,8.512399999999999523e+01,nan,nan,nan,nan,nan,nan,nan,nan,nan,nan,nan,nan,nan,nan,nan,nan,nan,8.596399999999999864e+01,nan,nan,nan,nan,nan,nan,nan,nan,nan,nan,nan,nan,nan,nan,nan,nan
nan,nan,nan,nan,nan,nan,nan,nan,nan,nan,nan,nan,nan,nan,nan,nan,nan,nan,nan,nan,nan,nan,nan,nan,nan,nan,8.623199999999999932e+01,nan,nan,nan,nan,7.702299999999999613e+01,nan,nan,nan,nan,nan,nan,nan,nan,nan,nan,nan,nan,nan,nan,nan,nan,nan,nan,nan,nan,nan,nan,8.613100000000000023e+01,nan,nan,nan,nan,nan,nan,nan,nan,nan,nan,nan,nan,nan,nan,nan,nan,nan,8.612300000000000466e+01,nan,nan,nan,nan,nan,nan,nan,nan,nan,nan,nan,nan,nan,nan,nan,nan
nan,nan,nan,nan,nan,nan,nan,nan,nan,nan,nan,nan,nan,nan,nan,nan,nan,nan,nan,nan,nan,nan,nan,nan,nan,nan,8.648999999999999488e+01,nan,nan,nan,nan,7.755400000000000205e+01,nan,nan,nan,nan,nan,nan,nan,nan,nan,nan,nan,nan,nan,nan,nan,nan,nan,nan,nan,nan,nan,nan,8.692900000000000205e+01,nan,nan,nan,nan,nan,nan,nan,nan,nan,nan,nan,nan,nan,nan,nan,nan,nan,8.646299999999999386e+01,nan,nan,nan,nan,nan,nan,nan,nan,nan,nan,nan,nan,nan,nan,nan,nan
nan,nan,nan,nan,nan,nan,nan,nan,nan,nan,nan,nan,nan,nan,nan,nan,nan,nan,nan,nan,nan,nan,nan,nan,nan,nan,8.748900000000000432e+01,nan,nan,nan,nan,7.798600000000000421e+01,nan,nan,nan,nan,nan,nan,nan,nan,nan,nan,nan,nan,nan,nan,nan,nan,nan,nan,nan,nan,nan,nan,8.772599999999999909e+01,nan,nan,nan,nan,nan,nan,nan,nan,nan,nan,nan,nan,nan,nan,nan,nan,nan,8.665800000000000125e+01,nan,nan,nan,nan,nan,nan,nan,nan,nan,nan,nan,nan,nan,nan,nan,nan
nan,nan,nan,nan,nan,nan,nan,nan,nan,nan,nan,nan,nan,nan,nan,nan,nan,nan,nan,nan,nan,nan,nan,nan,nan,nan,8.781900000000000261e+01,nan,nan,nan,nan,7.815699999999999648e+01,nan,nan,nan,nan,nan,nan,nan,nan,nan,nan,nan,nan,nan,nan,nan,nan,nan,nan,nan,nan,nan,nan,8.779099999999999682e+01,nan,nan,nan,nan,nan,nan,nan,nan,nan,nan,nan,nan,nan,nan,nan,nan,nan,8.715699999999999648e+01,nan,nan,nan,nan,nan,nan,nan,nan,nan,nan,nan,nan,nan,nan,nan,nan
nan,nan,nan,nan,nan,nan,nan,nan,nan,nan,nan,nan,nan,nan,nan,nan,nan,nan,nan,nan,nan,nan,nan,nan,nan,nan,8.809300000000000352e+01,nan,nan,nan,nan,7.951500000000000057e+01,nan,nan,nan,nan,nan,nan,nan,nan,nan,nan,nan,nan,nan,nan,nan,nan,nan,nan,nan,nan,nan,nan,8.912800000000000011e+01,nan,nan,nan,nan,nan,nan,nan,nan,nan,nan,nan,nan,nan,nan,nan,nan,nan,8.772499999999999432e+01,nan,nan,nan,nan,nan,nan,nan,nan,nan,nan,nan,nan,nan,nan,nan,nan
nan,nan,nan,nan,nan,nan,nan,nan,nan,nan,nan,nan,nan,nan,nan,nan,nan,nan,nan,nan,nan,nan,nan,nan,nan,nan,8.858700000000000330e+01,nan,nan,nan,nan,7.989900000000000091e+01,nan,nan,nan,nan,nan,nan,nan,nan,nan,nan,nan,nan,nan,nan,nan,nan,nan,nan,nan,nan,nan,nan,8.936199999999999477e+01,nan,nan,nan,nan,nan,nan,nan,nan,nan,nan,nan,nan,nan,nan,nan,nan,nan,8.808599999999999852e+01,nan,nan,nan,nan,nan,nan,nan,nan,nan,nan,nan,nan,nan,nan,nan,nan
nan,nan,nan,nan,nan,nan,nan,nan,nan,nan,nan,nan,nan,nan,nan,nan,nan,nan,nan,nan,nan,nan,nan,nan,nan,nan,8.872299999999999898e+01,nan,nan,nan,nan,8.039100000000000534e+01,nan,nan,nan,nan,nan,nan,nan,nan,nan,nan,nan,nan,nan,nan,nan,nan,nan,nan,nan,nan,nan,nan,8.972199999999999420e+01,nan,nan,nan,nan,nan,nan,nan,nan,nan,nan,nan,nan,nan,nan,nan,nan,nan,8.829099999999999682e+01,nan,nan,nan,nan,nan,nan,nan,nan,nan,nan,nan,nan,nan,nan,nan,nan
nan,nan,nan,nan,nan,nan,nan,nan,nan,nan,nan,nan,nan,nan,nan,nan,nan,nan,nan,nan,nan,nan,nan,nan,nan,nan,8.895499999999999829e+01,nan,nan,nan,nan,8.178799999999999670e+01,nan,nan,nan,nan,nan,nan,nan,nan,nan,nan,nan,nan,nan,nan,nan,nan,nan,nan,nan,nan,nan,nan,8.992900000000000205e+01,nan,nan,nan,nan,nan,nan,nan,nan,nan,nan,nan,nan,nan,nan,nan,nan,nan,8.841299999999999670e+01,nan,nan,nan,nan,nan,nan,nan,nan,nan,nan,nan,nan,nan,nan,nan,nan
nan,nan,nan,nan,nan,nan,nan,nan,nan,nan,nan,nan,nan,nan,nan,nan,nan,nan,nan,nan,nan,nan,nan,nan,nan,nan,8.914799999999999613e+01,nan,nan,nan,nan,8.312699999999999534e+01,nan,nan,nan,nan,nan,nan,nan,nan,nan,nan,nan,nan,nan,nan,nan,nan,nan,nan,nan,nan,nan,nan,9.006300000000000239e+01,nan,nan,nan,nan,nan,nan,nan,nan,nan,nan,nan,nan,nan,nan,nan,nan,nan,8.855100000000000193e+01,nan,nan,nan,nan,nan,nan,nan,nan,nan,nan,nan,nan,nan,nan,nan,nan
nan,nan,nan,nan,nan,nan,nan,nan,nan,nan,nan,nan,nan,nan,nan,nan,nan,nan,nan,nan,nan,nan,nan,nan,nan,nan,8.982099999999999795e+01,nan,nan,nan,nan,8.445399999999999352e+01,nan,nan,nan,nan,nan,nan,nan,nan,nan,nan,nan,nan,nan,nan,nan,nan,nan,nan,nan,nan,nan,nan,9.043300000000000693e+01,nan,nan,nan,nan,nan,nan,nan,nan,nan,nan,nan,nan,nan,nan,nan,nan,nan,8.876000000000000512e+01,nan,nan,nan,nan,nan,nan,nan,nan,nan,nan,nan,nan,nan,nan,nan,nan
nan,nan,nan,nan,nan,nan,nan,nan,nan,nan,nan,nan,nan,nan,nan,nan,nan,nan,nan,nan,nan,nan,nan,nan,nan,nan,9.005500000000000682e+01,nan,nan,nan,nan,8.458199999999999363e+01,nan,nan,nan,nan,nan,nan,nan,nan,nan,nan,nan,nan,nan,nan,nan,nan,nan,nan,nan,nan,nan,nan,9.096200000000000330e+01,nan,nan,nan,nan,nan,nan,nan,nan,nan,nan,nan,nan,nan,nan,nan,nan,nan,8.886700000000000443e+01,nan,nan,nan,nan,nan,nan,nan,nan,nan,nan,nan,nan,nan,nan,nan,nan
nan,nan,nan,nan,nan,nan,nan,nan,nan,nan,nan,nan,nan,nan,nan,nan,nan,nan,nan,nan,nan,nan,nan,nan,nan,nan,9.039400000000000546e+01,nan,nan,nan,nan,8.495300000000000296e+01,nan,nan,nan,nan,nan,nan,nan,nan,nan,nan,nan,nan,nan,nan,nan,nan,nan,nan,nan,nan,nan,nan,9.115999999999999659e+01,nan,nan,nan,nan,nan,nan,nan,nan,nan,nan,nan,nan,nan,nan,nan,nan,nan,8.918999999999999773e+01,nan,nan,nan,nan,nan,nan,nan,nan,nan,nan,nan,nan,nan,nan,nan,nan
nan,nan,nan,nan,nan,nan,nan,nan,nan,nan,nan,nan,nan,nan,nan,nan,nan,nan,nan,nan,nan,nan,nan,nan,nan,nan,9.052400000000000091e+01,nan,nan,nan,nan,8.505599999999999739e+01,nan,nan,nan,nan,nan,nan,nan,nan,nan,nan,nan,nan,nan,nan,nan,nan,nan,nan,nan,nan,nan,nan,9.143200000000000216e+01,nan,nan,nan,nan,nan,nan,nan,nan,nan,nan,nan,nan,nan,nan,nan,nan,nan,8.971599999999999397e+01,nan,nan,nan,nan,nan,nan,nan,nan,nan,nan,nan,nan,nan,nan,nan,nan
nan,nan,nan,nan,nan,nan,nan,nan,nan,nan,nan,nan,nan,nan,nan,nan,nan,nan,nan,nan,nan,nan,nan,nan,nan,nan,9.089000000000000057e+01,nan,nan,nan,nan,8.531699999999999307e+01,nan,nan,nan,nan,nan,nan,nan,nan,nan,nan,nan,nan,nan,nan,nan,nan,nan,nan,nan,nan,nan,nan,9.239600000000000080e+01,nan,nan,nan,nan,nan,nan,nan,nan,nan,nan,nan,nan,nan,nan,nan,nan,nan,nan,nan,nan,nan,nan,nan,nan,nan,nan,nan,nan,nan,nan,nan,nan,nan,nan
nan,nan,nan,nan,nan,nan,nan,nan,nan,nan,nan,nan,nan,nan,nan,nan,nan,nan,nan,nan,nan,nan,nan,nan,nan,nan,9.116100000000000136e+01,nan,nan,nan,nan,8.542000000000000171e+01,nan,nan,nan,nan,nan,nan,nan,nan,nan,nan,nan,nan,nan,nan,nan,nan,nan,nan,nan,nan,nan,nan,9.250000000000000000e+01,nan,nan,nan,nan,nan,nan,nan,nan,nan,nan,nan,nan,nan,nan,nan,nan,nan,nan,nan,nan,nan,nan,nan,nan,nan,nan,nan,nan,nan,nan,nan,nan,nan,nan
nan,nan,nan,nan,nan,nan,nan,nan,nan,nan,nan,nan,nan,nan,nan,nan,nan,nan,nan,nan,nan,nan,nan,nan,nan,nan,9.153000000000000114e+01,nan,nan,nan,nan,8.972100000000000364e+01,nan,nan,nan,nan,nan,nan,nan,nan,nan,nan,nan,nan,nan,nan,nan,nan,nan,nan,nan,nan,nan,nan,9.313299999999999557e+01,nan,nan,nan,nan,nan,nan,nan,nan,nan,nan,nan,nan,nan,nan,nan,nan,nan,nan,nan,nan,nan,nan,nan,nan,nan,nan,nan,nan,nan,nan,nan,nan,nan,nan
nan,nan,nan,nan,nan,nan,nan,nan,nan,nan,nan,nan,nan,nan,nan,nan,nan,nan,nan,nan,nan,nan,nan,nan,nan,nan,9.191400000000000148e+01,nan,nan,nan,nan,9.059799999999999898e+01,nan,nan,nan,nan,nan,nan,nan,nan,nan,nan,nan,nan,nan,nan,nan,nan,nan,nan,nan,nan,nan,nan,9.335500000000000398e+01,nan,nan,nan,nan,nan,nan,nan,nan,nan,nan,nan,nan,nan,nan,nan,nan,nan,nan,nan,nan,nan,nan,nan,nan,nan,nan,nan,nan,nan,nan,nan,nan,nan,nan
nan,nan,nan,nan,nan,nan,nan,nan,nan,nan,nan,nan,nan,nan,nan,nan,nan,nan,nan,nan,nan,nan,nan,nan,nan,nan,9.285899999999999466e+01,nan,nan,nan,nan,9.131900000000000261e+01,nan,nan,nan,nan,nan,nan,nan,nan,nan,nan,nan,nan,nan,nan,nan,nan,nan,nan,nan,nan,nan,nan,nan,nan,nan,nan,nan,nan,nan,nan,nan,nan,nan,nan,nan,nan,nan,nan,nan,nan,nan,nan,nan,nan,nan,nan,nan,nan,nan,nan,nan,nan,nan,nan,nan,nan,nan
