1.024799999999999933e+00,2.031800000000000050e+00,9.630699999999999150e+00,8.163999999999999702e+00,1.796199999999999974e+01,4.561300000000000132e+00,2.443700000000000117e+01,6.735399999999999920e+01,5.559300000000000352e+01,5.002100000000000435e+00,4.928099999999999703e+00,1.304400000000000048e+01,2.919600000000000151e+01,3.583100000000000307e+01,9.413000000000000256e-01,8.029999999999999361e+00,2.072700000000000031e+01,2.402299999999999969e+01,3.583800000000000097e+01,3.009199999999999875e+01,8.866600000000000037e+00,3.359799999999999898e+01,1.016999999999999993e+01,3.586500000000000199e+01,5.583800000000000097e+01,1.193800000000000061e+01,2.959600000000000009e+01,2.403300000000000125e+01,4.320400000000000063e+01,4.996400000000000396e+00,8.031600000000000250e+01,5.616199999999999903e+01,2.230999999999999872e+01,2.252899999999999991e+01,8.496100000000000207e+00,1.862999999999999989e+00,4.398699999999999832e+00,2.362300000000000111e+01,3.099699999999999989e+01,1.704299999999999926e+00,2.290299999999999869e+01,3.693700000000000205e+00,1.899499999999999966e+00,2.836599999999999788e+00,9.192899999999999849e+00,9.905599999999999739e+00,2.703199999999999825e+00,2.282300000000000040e+01,7.768500000000000405e+00,3.903099999999999881e+01,1.159800000000000075e+01,1.826000000000000068e+00,3.266700000000000159e+00,8.212000000000000455e+01,6.427599999999999980e+00,2.168900000000000006e+01,6.926099999999999923e+00,1.760500000000000043e+01,4.927500000000000213e+00,1.386999999999999922e+01,4.176300000000000345e+00,6.274099999999999788e+00,5.027800000000000047e+00,1.095299999999999940e+00,8.623300000000000409e+01,1.739699999999999847e+01,8.494099999999999540e+00,9.264799999999999702e-01,4.626700000000000301e+01,5.233200000000000074e+01,9.544100000000000250e+00,4.402800000000000047e+00,2.476599999999999824e+01,2.030799999999999983e+01,1.093099999999999916e+01,3.274000000000000021e+00,8.101499999999999702e+00,1.608200000000000074e+00,nan,9.401399999999999757e-01,3.456500000000000128e+00,5.194499999999999673e+00,9.733800000000000452e+00,3.635699999999999932e+01,9.461999999999999744e+00,5.985499999999999687e+01,4.752900000000000347e+01,9.111700000000000799e+00,4.235599999999999810e+00,9.169700000000000628e+00,4.285199999999999676e+01,9.998300000000000409e+00,1.302800000000000047e+01,4.278999999999999915e+01,1.142900000000000027e+01
4.936399999999999721e+01,3.174399999999999888e+00,1.043900000000000006e+01,8.354400000000000048e+00,1.826999999999999957e+01,4.905899999999999928e+00,3.603699999999999903e+01,6.778900000000000148e+01,5.613000000000000256e+01,5.131700000000000372e+00,5.936300000000000132e+00,2.436299999999999955e+01,5.458800000000000097e+01,4.726200000000000045e+01,7.665899999999999714e+00,8.203500000000000014e+00,2.087199999999999989e+01,2.769000000000000128e+01,3.606499999999999773e+01,3.232999999999999829e+01,1.076200000000000045e+01,3.392900000000000205e+01,1.035899999999999999e+01,3.596399999999999864e+01,5.599099999999999966e+01,1.506099999999999994e+01,3.659000000000000341e+01,2.965899999999999892e+01,4.336200000000000188e+01,5.330599999999999561e+00,nan,5.665899999999999892e+01,3.412199999999999989e+01,3.992399999999999949e+01,8.895599999999999952e+00,2.709400000000000119e+01,6.139700000000000379e+00,2.376000000000000156e+01,3.210000000000000142e+01,7.929899999999999949e+00,2.387199999999999989e+01,3.904900000000000038e+00,8.189500000000000668e+00,8.498499999999999943e+00,9.340099999999999625e+00,1.009399999999999942e+01,2.235800000000000054e+01,2.742999999999999972e+01,7.964999999999999858e+00,3.936599999999999966e+01,1.185800000000000054e+01,2.899900000000000144e+00,4.204699999999999882e+00,8.225799999999999557e+01,3.290500000000000114e+01,2.179500000000000171e+01,7.137699999999999712e+00,2.150499999999999901e+01,8.736200000000000188e+00,1.420500000000000007e+01,4.305299999999999905e+00,6.874600000000000044e+00,5.300500000000000433e+00,1.239800000000000013e+00,9.122100000000000364e+01,1.870400000000000063e+01,3.595799999999999841e+01,1.259600000000000053e+00,4.649499999999999744e+01,5.271999999999999886e+01,9.688000000000000611e+00,4.540300000000000225e+00,4.515299999999999869e+01,2.812699999999999889e+01,1.157000000000000028e+01,4.296999999999999886e+01,2.009499999999999886e+01,1.366999999999999993e+01,nan,2.028999999999999915e+01,9.428900000000000503e+00,2.673600000000000065e+01,2.689499999999999957e+01,5.502100000000000080e+01,1.293800000000000061e+01,5.998899999999999721e+01,5.430400000000000205e+01,9.655799999999999272e+00,4.603299999999999947e+00,9.805600000000000094e+00,4.320300000000000296e+01,1.209999999999999964e+01,3.092699999999999960e+01,4.896200000000000330e+01,3.573199999999999932e+01
5.039800000000000324e+01,3.401100000000000012e+00,1.093800000000000061e+01,9.462199999999999278e+00,2.076899999999999835e+01,5.499399999999999622e+00,3.888700000000000045e+01,6.798399999999999466e+01,5.638799999999999812e+01,5.563299999999999912e+00,1.666199999999999903e+01,2.453900000000000148e+01,5.619700000000000273e+01,4.762400000000000233e+01,7.791999999999999815e+00,1.583699999999999974e+01,2.267399999999999949e+01,3.262800000000000011e+01,3.755100000000000193e+01,3.245799999999999841e+01,1.173300000000000054e+01,3.403499999999999659e+01,1.096100000000000030e+01,5.536399999999999721e+01,5.845900000000000318e+01,1.883699999999999974e+01,3.688799999999999812e+01,3.458800000000000097e+01,6.645199999999999818e+01,5.468799999999999883e+00,nan,5.692999999999999972e+01,3.425600000000000023e+01,4.215699999999999648e+01,2.986100000000000065e+01,3.089900000000000091e+01,6.274700000000000166e+00,2.686299999999999955e+01,3.759300000000000352e+01,8.827199999999999491e+00,2.433699999999999974e+01,4.039900000000000269e+00,1.630300000000000082e+01,8.626400000000000290e+00,3.885199999999999676e+01,5.506000000000000227e+01,3.602199999999999847e+01,4.523199999999999932e+01,1.206199999999999939e+01,3.955899999999999750e+01,1.217300000000000004e+01,8.897100000000000009e+00,5.727599999999999802e+00,8.379699999999999704e+01,3.350099999999999767e+01,2.207300000000000040e+01,1.114300000000000068e+01,3.019800000000000040e+01,8.858700000000000685e+00,3.905400000000000205e+01,4.531500000000000306e+00,2.664000000000000057e+01,5.828100000000000058e+00,1.909799999999999942e+00,nan,1.893199999999999861e+01,4.439800000000000324e+01,2.893100000000000005e+00,4.826599999999999824e+01,5.649000000000000199e+01,9.825900000000000745e+00,8.537100000000000577e+00,4.552499999999999858e+01,2.823000000000000043e+01,2.236299999999999955e+01,4.690299999999999869e+01,2.053999999999999915e+01,3.012000000000000099e+01,nan,2.087399999999999878e+01,9.864499999999999602e+00,3.802900000000000347e+01,2.712999999999999901e+01,5.526200000000000045e+01,2.043199999999999861e+01,6.083100000000000307e+01,5.499900000000000233e+01,3.007300000000000040e+01,6.930600000000000094e+00,9.941700000000000870e+00,4.855700000000000216e+01,1.820799999999999841e+01,3.142899999999999849e+01,4.936299999999999955e+01,4.125999999999999801e+01
5.159300000000000352e+01,3.557799999999999851e+00,1.103800000000000026e+01,1.022499999999999964e+01,2.959400000000000119e+01,5.599400000000000155e+00,3.936899999999999977e+01,6.833100000000000307e+01,nan,5.927500000000000213e+00,1.677400000000000091e+01,3.322999999999999687e+01,5.663100000000000023e+01,4.789399999999999835e+01,8.586800000000000210e+00,1.600900000000000034e+01,3.825699999999999790e+01,3.272500000000000142e+01,4.389000000000000057e+01,3.269500000000000028e+01,3.010000000000000142e+01,4.305400000000000205e+01,1.132699999999999996e+01,5.546800000000000352e+01,5.859799999999999898e+01,2.750600000000000023e+01,3.757500000000000284e+01,3.490299999999999869e+01,6.665300000000000580e+01,6.027700000000000280e+00,nan,5.729399999999999693e+01,3.735900000000000176e+01,4.238700000000000045e+01,3.469500000000000028e+01,3.125700000000000145e+01,6.997200000000000308e+00,2.697100000000000009e+01,5.359700000000000131e+01,9.093400000000000816e+00,3.896099999999999852e+01,4.409799999999999720e+00,3.087199999999999989e+01,2.266400000000000148e+01,3.932600000000000051e+01,nan,5.219899999999999807e+01,4.552900000000000347e+01,1.243800000000000061e+01,4.155700000000000216e+01,1.230700000000000038e+01,9.294600000000000861e+00,5.975399999999999601e+00,8.406799999999999784e+01,3.432900000000000063e+01,2.343299999999999983e+01,1.685900000000000176e+01,3.093100000000000094e+01,1.286400000000000077e+01,4.755599999999999739e+01,7.369600000000000151e+00,3.386399999999999721e+01,7.142800000000000260e+00,2.030400000000000205e+00,nan,1.960099999999999909e+01,4.762899999999999778e+01,3.331100000000000172e+00,6.465999999999999659e+01,5.666899999999999693e+01,4.432800000000000296e+01,8.596500000000000696e+00,5.229299999999999926e+01,3.869800000000000040e+01,2.265700000000000003e+01,7.036599999999999966e+01,3.933200000000000074e+01,4.864000000000000057e+01,nan,2.098900000000000077e+01,3.550200000000000244e+01,3.820199999999999818e+01,2.822800000000000153e+01,5.566199999999999903e+01,2.833899999999999864e+01,7.668600000000000705e+01,5.526800000000000068e+01,3.048900000000000077e+01,1.013299999999999912e+01,1.016000000000000014e+01,4.873100000000000165e+01,2.462300000000000111e+01,3.349399999999999977e+01,7.776000000000000512e+01,4.137100000000000222e+01
5.185799999999999699e+01,1.290499999999999936e+01,1.199200000000000088e+01,1.060200000000000031e+01,3.009700000000000131e+01,6.662499999999999645e+00,3.946000000000000085e+01,6.889199999999999591e+01,nan,7.199300000000000033e+00,1.709600000000000009e+01,5.032000000000000028e+01,6.992799999999999727e+01,4.869599999999999795e+01,8.966799999999999216e+00,1.626200000000000045e+01,3.838700000000000045e+01,3.525699999999999790e+01,5.616299999999999670e+01,3.339699999999999847e+01,3.047500000000000142e+01,4.466599999999999682e+01,2.383699999999999974e+01,5.595900000000000318e+01,nan,3.509799999999999898e+01,4.066700000000000159e+01,3.536999999999999744e+01,7.919400000000000261e+01,6.825899999999999856e+00,nan,5.806300000000000239e+01,3.755799999999999983e+01,4.260199999999999676e+01,3.539699999999999847e+01,3.250600000000000023e+01,7.140799999999999592e+00,4.273599999999999710e+01,5.428999999999999915e+01,2.399099999999999966e+01,4.367000000000000171e+01,4.896099999999999675e+00,3.100000000000000000e+01,2.362999999999999901e+01,4.423799999999999955e+01,nan,5.229699999999999704e+01,5.131700000000000017e+01,1.285699999999999932e+01,4.320400000000000063e+01,1.376999999999999957e+01,1.529800000000000004e+01,7.133700000000000152e+00,8.462500000000000000e+01,3.563400000000000034e+01,2.469800000000000040e+01,1.712000000000000099e+01,3.122700000000000031e+01,1.319500000000000028e+01,4.819400000000000261e+01,7.774899999999999700e+00,3.422099999999999653e+01,1.019800000000000040e+01,8.237999999999999545e+00,nan,2.013500000000000156e+01,5.632699999999999818e+01,3.699500000000000011e+00,6.478900000000000148e+01,5.715699999999999648e+01,4.621999999999999886e+01,2.155799999999999983e+01,5.295600000000000307e+01,4.412899999999999778e+01,2.283099999999999952e+01,7.051699999999999591e+01,6.729999999999999716e+01,5.173100000000000165e+01,nan,3.142800000000000082e+01,4.693599999999999994e+01,3.839399999999999835e+01,2.843199999999999861e+01,6.990300000000000580e+01,2.859700000000000131e+01,7.719299999999999784e+01,5.599099999999999966e+01,4.643200000000000216e+01,1.316900000000000048e+01,3.626500000000000057e+01,5.415800000000000125e+01,2.519900000000000162e+01,3.360199999999999676e+01,8.581399999999999295e+01,4.278999999999999915e+01
5.222200000000000131e+01,1.316699999999999982e+01,1.210500000000000043e+01,1.073199999999999932e+01,3.036899999999999977e+01,7.105299999999999727e+00,5.521900000000000119e+01,6.962000000000000455e+01,nan,7.467600000000000016e+00,1.733699999999999974e+01,7.276500000000000057e+01,7.618399999999999750e+01,5.245700000000000074e+01,1.270199999999999996e+01,1.752700000000000102e+01,5.115899999999999892e+01,3.540500000000000114e+01,7.668800000000000239e+01,3.352499999999999858e+01,3.220100000000000051e+01,4.616400000000000148e+01,2.400199999999999889e+01,7.772299999999999898e+01,nan,6.066199999999999903e+01,4.729800000000000182e+01,3.579999999999999716e+01,8.609000000000000341e+01,8.737099999999999866e+00,nan,5.859499999999999886e+01,4.009599999999999653e+01,4.385799999999999699e+01,3.582099999999999795e+01,4.295600000000000307e+01,8.758499999999999730e+00,4.312899999999999778e+01,5.459300000000000352e+01,2.417000000000000171e+01,4.389399999999999835e+01,5.022999999999999687e+00,3.393200000000000216e+01,4.006300000000000239e+01,5.061699999999999733e+01,nan,8.466599999999999682e+01,5.153099999999999881e+01,1.663299999999999912e+01,4.825500000000000256e+01,1.676000000000000156e+01,1.573099999999999987e+01,7.257399999999999629e+00,8.926200000000000045e+01,3.575399999999999778e+01,2.496900000000000119e+01,1.725700000000000145e+01,3.581900000000000261e+01,1.373199999999999932e+01,4.882399999999999807e+01,7.924800000000000288e+00,4.436299999999999955e+01,1.059299999999999997e+01,1.306000000000000050e+01,nan,2.042299999999999827e+01,5.662700000000000244e+01,3.831100000000000172e+00,6.532099999999999795e+01,5.733299999999999841e+01,5.229899999999999949e+01,2.899500000000000099e+01,5.610000000000000142e+01,4.570300000000000296e+01,2.419800000000000040e+01,7.400100000000000477e+01,7.892199999999999704e+01,5.196800000000000352e+01,nan,3.576400000000000290e+01,4.702900000000000347e+01,4.015599999999999881e+01,3.096000000000000085e+01,7.015200000000000102e+01,2.893799999999999883e+01,7.789499999999999602e+01,5.986899999999999977e+01,4.702700000000000102e+01,1.330100000000000016e+01,4.306199999999999761e+01,8.115500000000000114e+01,2.543100000000000094e+01,4.468699999999999761e+01,8.651600000000000534e+01,4.416299999999999670e+01
5.242900000000000205e+01,1.344100000000000072e+01,1.240000000000000036e+01,4.698400000000000176e+01,3.049899999999999878e+01,7.242300000000000182e+00,5.563300000000000267e+01,6.976099999999999568e+01,nan,7.923399999999999999e+00,1.823100000000000165e+01,9.768399999999999750e+01,7.871800000000000352e+01,5.446900000000000119e+01,1.289799999999999969e+01,2.698799999999999955e+01,5.142499999999999716e+01,5.145600000000000307e+01,7.718899999999999295e+01,5.682800000000000296e+01,3.549799999999999756e+01,4.631799999999999784e+01,2.422800000000000153e+01,9.072599999999999909e+01,nan,6.076899999999999835e+01,4.754999999999999716e+01,5.146699999999999875e+01,8.645900000000000318e+01,9.494699999999999918e+00,nan,5.908899999999999864e+01,4.059000000000000341e+01,5.061899999999999977e+01,4.173199999999999932e+01,4.378900000000000148e+01,9.839900000000000091e+00,4.822800000000000153e+01,5.492600000000000193e+01,3.303499999999999659e+01,4.405899999999999750e+01,8.365899999999999892e+00,3.529200000000000159e+01,4.210699999999999932e+01,5.121800000000000352e+01,nan,8.494599999999999795e+01,5.179599999999999937e+01,2.229899999999999949e+01,7.868500000000000227e+01,2.579400000000000048e+01,1.587199999999999989e+01,8.703200000000000713e+00,nan,6.729000000000000625e+01,2.517000000000000171e+01,1.766000000000000014e+01,3.673100000000000165e+01,1.735399999999999920e+01,8.023699999999999477e+01,9.668699999999999406e+00,4.618299999999999983e+01,1.406600000000000072e+01,1.316699999999999982e+01,nan,3.929299999999999926e+01,6.772599999999999909e+01,3.966000000000000192e+00,6.702400000000000091e+01,5.772399999999999665e+01,5.520199999999999818e+01,2.916900000000000048e+01,5.622899999999999920e+01,4.698499999999999943e+01,2.496300000000000097e+01,nan,7.939799999999999613e+01,5.311699999999999733e+01,nan,5.495600000000000307e+01,4.966899999999999693e+01,4.072299999999999898e+01,3.122299999999999898e+01,nan,3.097500000000000142e+01,7.801699999999999591e+01,7.175300000000000011e+01,4.739900000000000091e+01,1.489199999999999946e+01,4.716299999999999670e+01,9.199599999999999511e+01,2.555900000000000105e+01,4.633400000000000318e+01,8.693099999999999739e+01,4.469100000000000250e+01
5.272500000000000142e+01,2.164300000000000068e+01,1.249300000000000033e+01,4.720400000000000063e+01,3.072400000000000020e+01,8.102199999999999847e+00,5.582900000000000063e+01,7.078600000000000136e+01,nan,8.040599999999999525e+00,2.698400000000000176e+01,9.775900000000000034e+01,8.249800000000000466e+01,5.940100000000000335e+01,1.485299999999999976e+01,2.789999999999999858e+01,5.431900000000000261e+01,5.183800000000000097e+01,7.865699999999999648e+01,5.869100000000000250e+01,3.570100000000000051e+01,4.646800000000000352e+01,2.450600000000000023e+01,nan,nan,6.528700000000000614e+01,4.768800000000000239e+01,5.259499999999999886e+01,9.608499999999999375e+01,9.793799999999999173e+00,nan,5.959100000000000108e+01,4.356099999999999994e+01,6.049799999999999756e+01,4.691799999999999926e+01,4.422200000000000131e+01,1.050500000000000078e+01,4.843099999999999739e+01,6.383100000000000307e+01,3.345700000000000074e+01,5.192699999999999960e+01,1.120199999999999996e+01,4.422699999999999676e+01,4.223799999999999955e+01,5.144800000000000040e+01,nan,8.591500000000000625e+01,5.232999999999999829e+01,2.245400000000000063e+01,7.911899999999999977e+01,2.599500000000000099e+01,2.630199999999999960e+01,2.233800000000000097e+01,nan,6.991899999999999693e+01,4.668900000000000006e+01,1.837000000000000099e+01,4.088400000000000034e+01,1.760099999999999909e+01,9.925700000000000500e+01,9.766099999999999781e+00,4.642000000000000171e+01,1.420700000000000074e+01,1.886599999999999966e+01,nan,3.943599999999999994e+01,6.785200000000000387e+01,1.833999999999999986e+01,7.699699999999999989e+01,7.712999999999999545e+01,5.599699999999999989e+01,4.146200000000000330e+01,6.617199999999999704e+01,4.726599999999999824e+01,2.849399999999999977e+01,nan,8.112999999999999545e+01,6.708899999999999864e+01,nan,5.506900000000000261e+01,5.105899999999999750e+01,4.139999999999999858e+01,3.462400000000000233e+01,nan,3.119699999999999918e+01,7.862999999999999545e+01,7.668800000000000239e+01,5.195600000000000307e+01,1.536899999999999977e+01,5.459300000000000352e+01,9.232399999999999807e+01,3.045799999999999841e+01,4.649499999999999744e+01,nan,4.513799999999999812e+01
5.321900000000000119e+01,2.173900000000000077e+01,1.272600000000000087e+01,4.796300000000000097e+01,3.117000000000000171e+01,8.236399999999999721e+00,5.616700000000000159e+01,7.115699999999999648e+01,nan,8.199899999999999523e+00,2.955600000000000094e+01,nan,8.279000000000000625e+01,7.806399999999999295e+01,1.582799999999999940e+01,2.894099999999999895e+01,5.469599999999999795e+01,5.421800000000000352e+01,8.852299999999999613e+01,5.895799999999999841e+01,3.620199999999999818e+01,4.963300000000000267e+01,2.920100000000000051e+01,nan,nan,6.668999999999999773e+01,4.781799999999999784e+01,5.609700000000000131e+01,9.753300000000000125e+01,9.928399999999999892e+00,nan,5.993399999999999750e+01,5.112899999999999778e+01,6.063600000000000279e+01,4.746300000000000097e+01,5.355799999999999983e+01,1.250300000000000011e+01,4.902799999999999869e+01,6.869199999999999307e+01,4.859000000000000341e+01,5.236599999999999966e+01,1.723900000000000077e+01,4.622599999999999909e+01,4.262899999999999778e+01,5.172899999999999920e+01,nan,8.900000000000000000e+01,5.392999999999999972e+01,2.273400000000000176e+01,8.049800000000000466e+01,2.609299999999999997e+01,2.639300000000000068e+01,3.573599999999999710e+01,nan,7.006000000000000227e+01,4.752100000000000080e+01,2.459799999999999898e+01,4.759700000000000131e+01,1.767500000000000071e+01,9.971999999999999886e+01,1.036299999999999955e+01,6.973499999999999943e+01,1.465799999999999947e+01,1.900199999999999889e+01,nan,4.023700000000000188e+01,7.790000000000000568e+01,1.892699999999999960e+01,7.843000000000000682e+01,nan,5.900399999999999778e+01,4.175200000000000244e+01,7.139499999999999602e+01,4.799000000000000199e+01,4.486099999999999710e+01,nan,8.838700000000000045e+01,7.055200000000000671e+01,nan,6.265800000000000125e+01,5.495000000000000284e+01,4.174000000000000199e+01,4.315999999999999659e+01,nan,3.129599999999999937e+01,7.985099999999999909e+01,7.681600000000000250e+01,5.432800000000000296e+01,2.693100000000000094e+01,5.526299999999999812e+01,9.242300000000000182e+01,3.219500000000000028e+01,5.453199999999999648e+01,nan,7.713100000000000023e+01
5.346099999999999852e+01,2.895700000000000074e+01,1.296100000000000030e+01,4.805199999999999960e+01,3.152700000000000102e+01,8.503800000000000026e+00,5.710199999999999676e+01,7.252599999999999625e+01,nan,9.408599999999999852e+00,2.979400000000000048e+01,nan,8.763200000000000500e+01,7.965699999999999648e+01,1.593399999999999928e+01,2.913500000000000156e+01,5.613400000000000034e+01,5.436399999999999721e+01,8.862500000000000000e+01,9.086799999999999500e+01,3.643900000000000006e+01,5.419299999999999784e+01,3.872800000000000153e+01,nan,nan,6.690000000000000568e+01,4.849600000000000222e+01,5.629200000000000159e+01,nan,2.206400000000000006e+01,nan,6.013199999999999790e+01,5.142999999999999972e+01,8.489900000000000091e+01,5.213400000000000034e+01,5.370100000000000051e+01,2.996699999999999875e+01,4.945600000000000307e+01,6.903499999999999659e+01,4.902300000000000324e+01,5.273599999999999710e+01,1.833500000000000085e+01,4.832500000000000284e+01,4.276899999999999835e+01,5.196200000000000330e+01,nan,nan,5.407300000000000040e+01,2.869800000000000040e+01,8.089600000000000080e+01,2.848900000000000077e+01,3.563000000000000256e+01,4.279399999999999693e+01,nan,7.985599999999999454e+01,4.859700000000000131e+01,2.483800000000000097e+01,4.775300000000000011e+01,1.856500000000000128e+01,nan,1.226200000000000045e+01,7.122299999999999898e+01,1.483799999999999919e+01,2.402299999999999969e+01,nan,5.642199999999999704e+01,7.855400000000000205e+01,1.953200000000000003e+01,9.949399999999999977e+01,nan,6.207200000000000273e+01,5.416700000000000159e+01,7.176500000000000057e+01,5.518900000000000006e+01,4.625800000000000267e+01,nan,9.095600000000000307e+01,7.081499999999999773e+01,nan,6.322099999999999653e+01,6.405800000000000693e+01,4.289500000000000313e+01,4.326800000000000068e+01,nan,4.379599999999999937e+01,8.095499999999999829e+01,7.719700000000000273e+01,5.659499999999999886e+01,2.769000000000000128e+01,5.582000000000000028e+01,9.258499999999999375e+01,3.270199999999999818e+01,6.479900000000000659e+01,nan,9.564799999999999613e+01
8.648999999999999488e+01,2.913299999999999912e+01,1.397400000000000020e+01,4.883599999999999852e+01,3.189799999999999969e+01,8.625700000000000145e+00,5.759300000000000352e+01,7.326000000000000512e+01,nan,9.625299999999999301e+00,2.996199999999999974e+01,nan,8.839000000000000057e+01,7.989900000000000091e+01,3.110200000000000031e+01,2.936199999999999832e+01,5.626599999999999824e+01,5.466299999999999670e+01,9.583199999999999363e+01,9.685599999999999454e+01,5.285999999999999943e+01,6.451800000000000068e+01,3.923899999999999721e+01,nan,nan,6.701900000000000546e+01,4.885199999999999676e+01,6.998999999999999488e+01,nan,4.276299999999999812e+01,nan,6.042699999999999960e+01,5.485600000000000165e+01,8.562600000000000477e+01,6.240200000000000102e+01,5.422299999999999898e+01,3.030600000000000094e+01,5.039300000000000068e+01,8.082500000000000284e+01,5.205499999999999972e+01,5.375200000000000244e+01,1.930399999999999849e+01,4.969100000000000250e+01,4.302400000000000091e+01,5.502700000000000102e+01,nan,nan,6.243200000000000216e+01,2.883200000000000074e+01,8.128400000000000603e+01,3.662400000000000233e+01,3.599799999999999756e+01,4.289000000000000057e+01,nan,8.039799999999999613e+01,5.439500000000000313e+01,3.866700000000000159e+01,5.059400000000000119e+01,2.055900000000000105e+01,nan,1.240700000000000003e+01,7.219400000000000261e+01,1.497100000000000009e+01,2.429100000000000037e+01,nan,5.669299999999999784e+01,7.871699999999999875e+01,1.970899999999999963e+01,nan,nan,6.379899999999999949e+01,5.827300000000000324e+01,7.192900000000000205e+01,8.030200000000000671e+01,4.649099999999999966e+01,nan,9.229099999999999682e+01,7.219499999999999318e+01,nan,6.452400000000000091e+01,6.432500000000000284e+01,4.302799999999999869e+01,4.340500000000000114e+01,nan,4.405700000000000216e+01,8.103300000000000125e+01,7.801999999999999602e+01,5.879699999999999704e+01,2.792999999999999972e+01,5.966199999999999903e+01,9.273499999999999943e+01,3.285499999999999687e+01,7.705800000000000693e+01,nan,nan
9.609699999999999420e+01,2.969900000000000162e+01,1.483399999999999963e+01,6.273499999999999943e+01,3.262599999999999767e+01,9.063499999999999446e+00,5.813300000000000267e+01,7.346200000000000330e+01,nan,5.756400000000000006e+01,3.313799999999999812e+01,nan,8.862300000000000466e+01,8.019799999999999329e+01,3.573400000000000176e+01,2.952299999999999969e+01,5.956199999999999761e+01,5.513199999999999790e+01,9.940200000000000102e+01,9.742900000000000205e+01,5.446600000000000108e+01,6.481900000000000261e+01,3.938700000000000045e+01,nan,nan,6.822899999999999920e+01,4.943200000000000216e+01,7.008899999999999864e+01,nan,4.296399999999999864e+01,nan,6.079800000000000182e+01,6.043099999999999739e+01,nan,6.275200000000000244e+01,5.492600000000000193e+01,3.089600000000000080e+01,5.530299999999999727e+01,nan,6.243399999999999750e+01,5.426599999999999824e+01,3.373199999999999932e+01,5.007099999999999795e+01,4.385799999999999699e+01,5.546399999999999864e+01,nan,nan,6.255899999999999750e+01,2.893199999999999861e+01,8.249299999999999500e+01,4.347200000000000131e+01,3.620199999999999818e+01,4.730100000000000193e+01,nan,8.116200000000000614e+01,5.462800000000000011e+01,3.892300000000000182e+01,5.108500000000000085e+01,2.990099999999999980e+01,nan,1.582900000000000063e+01,7.232999999999999829e+01,1.569500000000000028e+01,2.592899999999999849e+01,nan,5.690100000000000335e+01,nan,1.993199999999999861e+01,nan,nan,6.660299999999999443e+01,5.879500000000000171e+01,7.221699999999999875e+01,9.079300000000000637e+01,4.662899999999999778e+01,nan,9.632800000000000296e+01,7.229900000000000659e+01,nan,7.968500000000000227e+01,6.459999999999999432e+01,4.316599999999999682e+01,4.378699999999999903e+01,nan,4.440299999999999869e+01,8.850199999999999534e+01,7.854900000000000659e+01,5.905599999999999739e+01,2.970100000000000051e+01,6.088400000000000034e+01,9.322599999999999909e+01,3.317000000000000171e+01,7.739499999999999602e+01,nan,nan
9.645999999999999375e+01,3.167000000000000171e+01,1.520299999999999940e+01,6.359199999999999875e+01,3.302499999999999858e+01,1.783500000000000085e+01,6.229200000000000159e+01,7.376900000000000546e+01,nan,5.772200000000000131e+01,4.652799999999999869e+01,nan,9.241599999999999682e+01,8.285999999999999943e+01,3.636399999999999721e+01,3.110200000000000031e+01,6.062700000000000244e+01,6.200300000000000011e+01,nan,9.789000000000000057e+01,6.238799999999999812e+01,6.693099999999999739e+01,4.042499999999999716e+01,nan,nan,7.012000000000000455e+01,4.976599999999999824e+01,7.768899999999999295e+01,nan,4.333400000000000318e+01,nan,6.103499999999999659e+01,6.052400000000000091e+01,nan,6.673000000000000398e+01,5.522299999999999898e+01,4.699499999999999744e+01,5.542499999999999716e+01,nan,6.266100000000000136e+01,5.475500000000000256e+01,4.149900000000000233e+01,5.019299999999999784e+01,4.435399999999999920e+01,5.602499999999999858e+01,nan,nan,6.402899999999999636e+01,3.366299999999999670e+01,8.262800000000000011e+01,4.395499999999999829e+01,3.734100000000000108e+01,5.269700000000000273e+01,nan,8.253499999999999659e+01,5.492199999999999704e+01,4.052400000000000091e+01,5.572200000000000131e+01,3.023300000000000054e+01,nan,1.592900000000000027e+01,7.239600000000000080e+01,1.686599999999999966e+01,2.636899999999999977e+01,nan,5.702499999999999858e+01,nan,3.289600000000000080e+01,nan,nan,7.211700000000000443e+01,6.069400000000000261e+01,7.246599999999999397e+01,9.862600000000000477e+01,4.759400000000000119e+01,nan,nan,7.828799999999999670e+01,nan,8.182500000000000284e+01,6.612399999999999523e+01,4.412599999999999767e+01,4.525300000000000011e+01,nan,5.493800000000000239e+01,8.866599999999999682e+01,nan,6.241799999999999926e+01,4.733700000000000330e+01,6.402599999999999625e+01,9.335200000000000387e+01,3.425800000000000267e+01,8.179399999999999693e+01,nan,nan
9.729099999999999682e+01,3.888799999999999812e+01,1.557000000000000028e+01,6.395199999999999818e+01,3.336299999999999955e+01,1.806899999999999906e+01,6.265899999999999892e+01,7.586799999999999500e+01,nan,5.799399999999999977e+01,4.722299999999999898e+01,nan,9.261799999999999500e+01,8.326000000000000512e+01,4.373199999999999932e+01,3.149699999999999989e+01,6.085799999999999699e+01,6.239300000000000068e+01,nan,nan,6.249699999999999989e+01,6.948499999999999943e+01,4.125200000000000244e+01,nan,nan,7.075700000000000500e+01,5.003499999999999659e+01,8.755100000000000193e+01,nan,4.745199999999999818e+01,nan,7.026099999999999568e+01,6.856799999999999784e+01,nan,7.071399999999999864e+01,6.503799999999999670e+01,4.729599999999999937e+01,7.812600000000000477e+01,nan,6.705299999999999727e+01,5.502400000000000091e+01,4.161699999999999733e+01,5.170499999999999829e+01,4.529899999999999949e+01,5.612700000000000244e+01,nan,nan,6.593300000000000693e+01,3.668900000000000006e+01,8.582999999999999829e+01,4.583500000000000085e+01,3.956199999999999761e+01,5.459400000000000119e+01,nan,8.818300000000000693e+01,5.503199999999999648e+01,4.085999999999999943e+01,5.611999999999999744e+01,3.067200000000000060e+01,nan,2.896000000000000085e+01,7.256399999999999295e+01,1.706400000000000006e+01,2.940399999999999991e+01,nan,7.453799999999999670e+01,nan,3.413400000000000034e+01,nan,nan,7.772799999999999443e+01,6.636299999999999955e+01,7.482599999999999341e+01,9.887999999999999545e+01,4.793399999999999750e+01,nan,nan,7.888200000000000500e+01,nan,8.952200000000000557e+01,6.998600000000000421e+01,4.602900000000000347e+01,4.676100000000000279e+01,nan,5.772800000000000153e+01,8.878900000000000148e+01,nan,6.281799999999999784e+01,4.743200000000000216e+01,6.416400000000000148e+01,9.611400000000000432e+01,3.727199999999999847e+01,8.366299999999999670e+01,nan,nan
9.753400000000000603e+01,3.909599999999999653e+01,1.639099999999999824e+01,6.625400000000000489e+01,3.595600000000000307e+01,1.899699999999999989e+01,6.555400000000000205e+01,8.271999999999999886e+01,nan,5.858700000000000330e+01,4.799000000000000199e+01,nan,9.328199999999999648e+01,9.262500000000000000e+01,4.392600000000000193e+01,3.576599999999999824e+01,6.645300000000000296e+01,6.589400000000000546e+01,nan,nan,6.339699999999999847e+01,7.615900000000000603e+01,4.140699999999999648e+01,nan,nan,7.102200000000000557e+01,5.012299999999999756e+01,8.811499999999999488e+01,nan,4.985900000000000176e+01,nan,7.038899999999999579e+01,7.100300000000000011e+01,nan,7.415999999999999659e+01,6.663100000000000023e+01,4.782800000000000296e+01,7.838899999999999579e+01,nan,6.739600000000000080e+01,5.668800000000000239e+01,4.220300000000000296e+01,5.198799999999999955e+01,4.579599999999999937e+01,5.660099999999999909e+01,nan,nan,6.609600000000000364e+01,4.649799999999999756e+01,9.255800000000000693e+01,4.713799999999999812e+01,3.976599999999999824e+01,5.508599999999999852e+01,nan,9.025400000000000489e+01,5.531799999999999784e+01,4.108700000000000330e+01,5.842399999999999949e+01,3.322899999999999920e+01,nan,2.902899999999999991e+01,7.502800000000000580e+01,3.025799999999999912e+01,2.956800000000000139e+01,nan,7.476200000000000045e+01,nan,4.898799999999999955e+01,nan,nan,nan,6.788400000000000034e+01,7.489600000000000080e+01,9.938400000000000034e+01,4.809700000000000131e+01,nan,nan,8.286299999999999955e+01,nan,9.131300000000000239e+01,7.015800000000000125e+01,6.976399999999999579e+01,4.743299999999999983e+01,nan,5.828600000000000136e+01,nan,nan,6.293699999999999761e+01,5.308700000000000330e+01,6.429900000000000659e+01,nan,3.736899999999999977e+01,9.078700000000000614e+01,nan,nan
9.812600000000000477e+01,3.995799999999999841e+01,1.685399999999999920e+01,7.339400000000000546e+01,4.286599999999999966e+01,3.606700000000000017e+01,7.979300000000000637e+01,nan,nan,5.872999999999999687e+01,5.288499999999999801e+01,nan,9.503499999999999659e+01,9.944799999999999329e+01,5.262500000000000000e+01,4.379299999999999926e+01,6.681999999999999318e+01,6.609300000000000352e+01,nan,nan,6.440099999999999625e+01,7.692900000000000205e+01,4.156099999999999994e+01,nan,nan,nan,5.036399999999999721e+01,9.252400000000000091e+01,nan,5.453900000000000148e+01,nan,7.116700000000000159e+01,8.645300000000000296e+01,nan,7.442499999999999716e+01,6.672199999999999420e+01,5.253399999999999892e+01,8.270000000000000284e+01,nan,7.033199999999999363e+01,6.538400000000000034e+01,4.386800000000000210e+01,5.436099999999999710e+01,5.222699999999999676e+01,5.719500000000000028e+01,nan,nan,6.656499999999999773e+01,4.687100000000000222e+01,nan,4.871999999999999886e+01,4.039500000000000313e+01,6.059599999999999653e+01,nan,9.070099999999999341e+01,5.565899999999999892e+01,4.232399999999999807e+01,5.878399999999999892e+01,3.882500000000000284e+01,nan,2.969399999999999906e+01,7.533499999999999375e+01,3.036299999999999955e+01,3.809899999999999665e+01,nan,7.563200000000000500e+01,nan,4.942199999999999704e+01,nan,nan,nan,6.825600000000000023e+01,7.507099999999999795e+01,9.951900000000000546e+01,4.818900000000000006e+01,nan,nan,8.322599999999999909e+01,nan,9.238700000000000045e+01,7.765800000000000125e+01,7.116400000000000148e+01,5.105799999999999983e+01,nan,7.286499999999999488e+01,nan,nan,7.012500000000000000e+01,5.321999999999999886e+01,6.576200000000000045e+01,nan,4.385999999999999943e+01,9.092300000000000182e+01,nan,nan
9.823199999999999932e+01,4.175300000000000011e+01,1.789999999999999858e+01,7.365000000000000568e+01,7.446399999999999864e+01,3.619800000000000040e+01,nan,nan,nan,5.928300000000000125e+01,5.323400000000000176e+01,nan,9.522299999999999898e+01,nan,5.272200000000000131e+01,4.418900000000000006e+01,7.705700000000000216e+01,6.649500000000000455e+01,nan,nan,7.599699999999999989e+01,7.712600000000000477e+01,4.170400000000000063e+01,nan,nan,nan,5.212599999999999767e+01,nan,nan,6.595699999999999363e+01,nan,7.142000000000000171e+01,8.999599999999999511e+01,nan,7.449800000000000466e+01,7.639000000000000057e+01,5.298400000000000176e+01,8.588100000000000023e+01,nan,7.072799999999999443e+01,6.558499999999999375e+01,4.439800000000000324e+01,5.519100000000000250e+01,5.238799999999999812e+01,5.736599999999999966e+01,nan,nan,6.668300000000000693e+01,4.739200000000000301e+01,nan,5.582099999999999795e+01,6.269500000000000028e+01,6.109100000000000108e+01,nan,9.255899999999999750e+01,5.612299999999999756e+01,4.305799999999999983e+01,5.955700000000000216e+01,3.896800000000000352e+01,nan,3.099599999999999866e+01,7.815999999999999659e+01,4.416199999999999903e+01,3.839600000000000080e+01,nan,7.698799999999999955e+01,nan,4.978499999999999659e+01,nan,nan,nan,7.425799999999999557e+01,7.523099999999999454e+01,nan,4.965400000000000347e+01,nan,nan,8.929000000000000625e+01,nan,9.265200000000000102e+01,7.779000000000000625e+01,7.179800000000000182e+01,6.432500000000000284e+01,nan,7.629800000000000182e+01,nan,nan,7.076800000000000068e+01,6.356799999999999784e+01,6.601900000000000546e+01,nan,4.409100000000000108e+01,9.105500000000000682e+01,nan,nan
9.895099999999999341e+01,4.192799999999999727e+01,1.816000000000000014e+01,7.412199999999999989e+01,8.318999999999999773e+01,4.739399999999999835e+01,nan,nan,nan,5.946000000000000085e+01,5.526400000000000290e+01,nan,9.548099999999999454e+01,nan,5.479200000000000159e+01,4.432399999999999807e+01,8.048499999999999943e+01,6.705899999999999750e+01,nan,nan,7.726999999999999602e+01,7.799500000000000455e+01,4.221699999999999875e+01,nan,nan,nan,6.959099999999999397e+01,nan,nan,6.609499999999999886e+01,nan,7.182899999999999352e+01,9.485200000000000387e+01,nan,7.492600000000000193e+01,8.136199999999999477e+01,5.426700000000000301e+01,8.671999999999999886e+01,nan,7.213100000000000023e+01,6.698399999999999466e+01,4.714000000000000057e+01,6.465200000000000102e+01,5.432200000000000273e+01,5.748700000000000188e+01,nan,nan,7.635899999999999466e+01,4.753699999999999903e+01,nan,5.632699999999999818e+01,6.357099999999999795e+01,6.225500000000000256e+01,nan,9.269499999999999318e+01,5.696600000000000108e+01,4.319899999999999807e+01,6.332600000000000051e+01,4.892900000000000205e+01,nan,3.113299999999999912e+01,7.954999999999999716e+01,4.458800000000000097e+01,3.875600000000000023e+01,nan,7.719899999999999807e+01,nan,4.995499999999999829e+01,nan,nan,nan,7.445999999999999375e+01,7.555100000000000193e+01,nan,4.996300000000000097e+01,nan,nan,8.949599999999999511e+01,nan,nan,7.871599999999999397e+01,8.712399999999999523e+01,6.490000000000000568e+01,nan,7.642799999999999727e+01,nan,nan,7.392799999999999727e+01,6.375399999999999778e+01,7.005299999999999727e+01,nan,4.435799999999999699e+01,9.121699999999999875e+01,nan,nan
nan,4.357099999999999795e+01,1.837099999999999866e+01,nan,8.379399999999999693e+01,4.926100000000000279e+01,nan,nan,nan,6.156900000000000261e+01,5.546500000000000341e+01,nan,nan,nan,5.508800000000000097e+01,4.460099999999999909e+01,8.071699999999999875e+01,6.796299999999999386e+01,nan,nan,7.784699999999999420e+01,7.839300000000000068e+01,4.249300000000000210e+01,nan,nan,nan,nan,nan,nan,6.992600000000000193e+01,nan,7.812699999999999534e+01,nan,nan,7.605800000000000693e+01,8.401999999999999602e+01,5.588700000000000045e+01,8.683299999999999841e+01,nan,7.255500000000000682e+01,6.748600000000000421e+01,4.876299999999999812e+01,6.480100000000000193e+01,7.448799999999999955e+01,5.768999999999999773e+01,nan,nan,7.645399999999999352e+01,4.769899999999999807e+01,nan,6.116299999999999670e+01,6.372699999999999676e+01,6.275200000000000244e+01,nan,9.881499999999999773e+01,7.746399999999999864e+01,4.345900000000000318e+01,6.408799999999999386e+01,4.907000000000000028e+01,nan,3.152899999999999991e+01,8.388299999999999557e+01,4.472500000000000142e+01,3.892900000000000205e+01,nan,8.902400000000000091e+01,nan,5.066499999999999915e+01,nan,nan,nan,7.713500000000000512e+01,7.605700000000000216e+01,nan,5.076100000000000279e+01,nan,nan,9.078100000000000591e+01,nan,nan,7.889199999999999591e+01,8.775400000000000489e+01,6.612000000000000455e+01,nan,7.683400000000000318e+01,nan,nan,7.480100000000000193e+01,7.161799999999999500e+01,7.045300000000000296e+01,nan,5.766100000000000136e+01,9.964900000000000091e+01,nan,nan
nan,4.378699999999999903e+01,1.922700000000000031e+01,nan,8.399099999999999966e+01,4.952499999999999858e+01,nan,nan,nan,7.422199999999999420e+01,5.576899999999999835e+01,nan,nan,nan,5.539999999999999858e+01,4.609499999999999886e+01,8.101699999999999591e+01,6.810299999999999443e+01,nan,nan,7.912300000000000466e+01,7.852700000000000102e+01,4.363700000000000045e+01,nan,nan,nan,nan,nan,nan,7.043399999999999750e+01,nan,7.843099999999999739e+01,nan,nan,7.621699999999999875e+01,8.482200000000000273e+01,5.605499999999999972e+01,9.612000000000000455e+01,nan,7.269700000000000273e+01,6.842199999999999704e+01,4.889099999999999824e+01,6.685999999999999943e+01,7.765000000000000568e+01,7.819400000000000261e+01,nan,nan,7.659399999999999409e+01,4.802300000000000324e+01,nan,6.227100000000000080e+01,6.385199999999999676e+01,6.408499999999999375e+01,nan,nan,7.759199999999999875e+01,4.426500000000000057e+01,6.482200000000000273e+01,4.936500000000000199e+01,nan,3.342799999999999727e+01,8.707099999999999795e+01,4.752600000000000335e+01,4.042000000000000171e+01,nan,8.919299999999999784e+01,nan,5.423199999999999932e+01,nan,nan,nan,8.375900000000000034e+01,7.644799999999999329e+01,nan,5.429099999999999682e+01,nan,nan,9.089000000000000057e+01,nan,nan,8.226699999999999591e+01,8.785899999999999466e+01,6.632599999999999341e+01,nan,7.842900000000000205e+01,nan,nan,7.626099999999999568e+01,7.252700000000000102e+01,7.062600000000000477e+01,nan,5.893099999999999739e+01,nan,nan,nan
nan,4.492999999999999972e+01,1.949299999999999855e+01,nan,8.461299999999999955e+01,6.275600000000000023e+01,nan,nan,nan,7.466500000000000625e+01,6.305599999999999739e+01,nan,nan,nan,5.575000000000000000e+01,4.626700000000000301e+01,8.248699999999999477e+01,6.886599999999999966e+01,nan,nan,7.938700000000000045e+01,8.346299999999999386e+01,4.386599999999999966e+01,nan,nan,nan,nan,nan,nan,7.419199999999999307e+01,nan,7.869299999999999784e+01,nan,nan,7.779200000000000159e+01,8.960200000000000387e+01,6.269800000000000040e+01,9.631699999999999307e+01,nan,8.299200000000000443e+01,6.870199999999999818e+01,5.078499999999999659e+01,6.705800000000000693e+01,7.795699999999999363e+01,7.886499999999999488e+01,nan,nan,7.778900000000000148e+01,5.139699999999999847e+01,nan,6.299199999999999733e+01,6.426200000000000045e+01,6.418699999999999761e+01,nan,nan,nan,4.452300000000000324e+01,6.492499999999999716e+01,5.469599999999999795e+01,nan,3.366899999999999693e+01,9.845999999999999375e+01,4.792499999999999716e+01,4.115899999999999892e+01,nan,8.932399999999999807e+01,nan,5.866299999999999670e+01,nan,nan,nan,8.390200000000000102e+01,7.656000000000000227e+01,nan,6.692400000000000659e+01,nan,nan,9.135599999999999454e+01,nan,nan,8.239400000000000546e+01,9.393099999999999739e+01,6.672100000000000364e+01,nan,8.152299999999999613e+01,nan,nan,7.656399999999999295e+01,7.320099999999999341e+01,7.154900000000000659e+01,nan,5.932900000000000063e+01,nan,nan,nan
nan,4.599000000000000199e+01,1.982499999999999929e+01,nan,8.482999999999999829e+01,6.442199999999999704e+01,nan,nan,nan,7.493200000000000216e+01,6.329800000000000182e+01,nan,nan,nan,6.449200000000000443e+01,5.181900000000000261e+01,9.946099999999999852e+01,6.919199999999999307e+01,nan,nan,7.965500000000000114e+01,nan,4.395700000000000074e+01,nan,nan,nan,nan,nan,nan,7.722899999999999920e+01,nan,7.901999999999999602e+01,nan,nan,7.862000000000000455e+01,9.076699999999999591e+01,6.356400000000000006e+01,nan,nan,8.319899999999999807e+01,6.906999999999999318e+01,5.463499999999999801e+01,7.383299999999999841e+01,8.285500000000000398e+01,7.899299999999999500e+01,nan,nan,7.786100000000000421e+01,5.422299999999999898e+01,nan,6.985200000000000387e+01,6.688500000000000512e+01,6.453100000000000591e+01,nan,nan,nan,4.786699999999999733e+01,7.305500000000000682e+01,5.516199999999999903e+01,nan,3.560300000000000153e+01,9.894799999999999329e+01,5.945700000000000074e+01,4.160000000000000142e+01,nan,8.971399999999999864e+01,nan,5.880199999999999960e+01,nan,nan,nan,8.495600000000000307e+01,7.675100000000000477e+01,nan,6.703199999999999648e+01,nan,nan,9.150000000000000000e+01,nan,nan,8.474800000000000466e+01,9.426300000000000523e+01,6.755700000000000216e+01,nan,8.796099999999999852e+01,nan,nan,7.712699999999999534e+01,7.343500000000000227e+01,7.465300000000000580e+01,nan,5.986399999999999721e+01,nan,nan,nan
nan,4.916499999999999915e+01,2.007499999999999929e+01,nan,8.506199999999999761e+01,6.452500000000000568e+01,nan,nan,nan,7.518399999999999750e+01,6.358800000000000097e+01,nan,nan,nan,6.479099999999999682e+01,5.202000000000000313e+01,nan,7.379300000000000637e+01,nan,nan,7.985599999999999454e+01,nan,5.309400000000000119e+01,nan,nan,nan,nan,nan,nan,7.742499999999999716e+01,nan,7.978600000000000136e+01,nan,nan,7.932099999999999795e+01,9.092799999999999727e+01,6.512900000000000489e+01,nan,nan,9.735599999999999454e+01,6.996500000000000341e+01,5.850300000000000011e+01,7.428799999999999670e+01,8.673000000000000398e+01,7.928300000000000125e+01,nan,nan,8.093200000000000216e+01,5.432699999999999818e+01,nan,6.998799999999999955e+01,6.715900000000000603e+01,6.539700000000000557e+01,nan,nan,nan,4.795799999999999841e+01,7.413400000000000034e+01,5.533100000000000307e+01,nan,3.578600000000000136e+01,nan,7.263200000000000500e+01,4.176299999999999812e+01,nan,9.062500000000000000e+01,nan,7.079600000000000648e+01,nan,nan,nan,8.845099999999999341e+01,7.713100000000000023e+01,nan,7.607099999999999795e+01,nan,nan,9.396200000000000330e+01,nan,nan,nan,9.618399999999999750e+01,6.943200000000000216e+01,nan,8.819599999999999795e+01,nan,nan,7.766500000000000625e+01,7.362199999999999989e+01,7.482299999999999329e+01,nan,6.108800000000000097e+01,nan,nan,nan
nan,6.673600000000000421e+01,2.057499999999999929e+01,nan,8.535699999999999932e+01,7.968600000000000705e+01,nan,nan,nan,7.539199999999999591e+01,6.371900000000000119e+01,nan,nan,nan,6.781999999999999318e+01,5.273100000000000165e+01,nan,7.449399999999999977e+01,nan,nan,8.049500000000000455e+01,nan,5.386399999999999721e+01,nan,nan,nan,nan,nan,nan,7.762999999999999545e+01,nan,7.989799999999999613e+01,nan,nan,8.221500000000000341e+01,9.949599999999999511e+01,6.803000000000000114e+01,nan,nan,nan,7.149699999999999989e+01,5.879099999999999682e+01,7.608799999999999386e+01,9.124800000000000466e+01,7.976099999999999568e+01,nan,nan,8.862600000000000477e+01,6.442700000000000671e+01,nan,7.044899999999999807e+01,6.781999999999999318e+01,6.558700000000000330e+01,nan,nan,nan,5.179500000000000171e+01,7.633299999999999841e+01,5.623100000000000165e+01,nan,3.699199999999999733e+01,nan,7.588200000000000500e+01,4.246200000000000330e+01,nan,9.079099999999999682e+01,nan,7.115999999999999659e+01,nan,nan,nan,nan,7.736400000000000432e+01,nan,7.912699999999999534e+01,nan,nan,9.476999999999999602e+01,nan,nan,nan,9.629600000000000648e+01,6.988500000000000512e+01,nan,nan,nan,nan,7.821999999999999886e+01,7.368699999999999761e+01,7.489799999999999613e+01,nan,6.145700000000000074e+01,nan,nan,nan
nan,7.859600000000000364e+01,2.133200000000000074e+01,nan,8.579800000000000182e+01,7.992799999999999727e+01,nan,nan,nan,nan,6.413100000000000023e+01,nan,nan,nan,6.799800000000000466e+01,6.273299999999999699e+01,nan,7.716400000000000148e+01,nan,nan,8.115699999999999648e+01,nan,5.695900000000000318e+01,nan,nan,nan,nan,nan,nan,7.786599999999999966e+01,nan,8.013400000000000034e+01,nan,nan,8.605200000000000671e+01,nan,6.818699999999999761e+01,nan,nan,nan,7.165399999999999636e+01,7.205200000000000671e+01,7.638800000000000523e+01,nan,7.995199999999999818e+01,nan,nan,9.941500000000000625e+01,6.462800000000000011e+01,nan,7.452599999999999625e+01,6.794899999999999807e+01,6.585599999999999454e+01,nan,nan,nan,5.215100000000000335e+01,8.934600000000000364e+01,6.322699999999999676e+01,nan,3.713700000000000045e+01,nan,7.679500000000000171e+01,4.399600000000000222e+01,nan,9.148699999999999477e+01,nan,7.179200000000000159e+01,nan,nan,nan,nan,8.459499999999999886e+01,nan,8.002599999999999625e+01,nan,nan,9.505500000000000682e+01,nan,nan,nan,9.835500000000000398e+01,7.215500000000000114e+01,nan,nan,nan,nan,7.849500000000000455e+01,7.996699999999999875e+01,7.548799999999999955e+01,nan,7.055200000000000671e+01,nan,nan,nan
nan,8.259900000000000375e+01,2.183299999999999841e+01,nan,8.626500000000000057e+01,8.015300000000000580e+01,nan,nan,nan,nan,7.165000000000000568e+01,nan,nan,nan,6.831499999999999773e+01,6.450400000000000489e+01,nan,7.785299999999999443e+01,nan,nan,8.181999999999999318e+01,nan,5.702799999999999869e+01,nan,nan,nan,nan,nan,nan,7.802500000000000568e+01,nan,8.037000000000000455e+01,nan,nan,8.648300000000000409e+01,nan,6.959799999999999898e+01,nan,nan,nan,7.195099999999999341e+01,7.798300000000000409e+01,7.699599999999999511e+01,nan,8.008400000000000318e+01,nan,nan,9.971099999999999852e+01,6.495799999999999841e+01,nan,7.479800000000000182e+01,7.009499999999999886e+01,6.619199999999999307e+01,nan,nan,nan,5.289600000000000080e+01,nan,6.649899999999999523e+01,nan,4.176800000000000068e+01,nan,8.959399999999999409e+01,4.412599999999999767e+01,nan,9.235599999999999454e+01,nan,7.215500000000000114e+01,nan,nan,nan,nan,8.479999999999999716e+01,nan,8.391700000000000159e+01,nan,nan,9.979999999999999716e+01,nan,nan,nan,9.894899999999999807e+01,7.255800000000000693e+01,nan,nan,nan,nan,7.872100000000000364e+01,nan,7.739499999999999602e+01,nan,7.111899999999999977e+01,nan,nan,nan
nan,8.271899999999999409e+01,2.226300000000000168e+01,nan,8.649500000000000455e+01,8.029800000000000182e+01,nan,nan,nan,nan,7.446399999999999864e+01,nan,nan,nan,7.276800000000000068e+01,6.462099999999999511e+01,nan,7.815800000000000125e+01,nan,nan,8.208700000000000330e+01,nan,7.419499999999999318e+01,nan,nan,nan,nan,nan,nan,7.862500000000000000e+01,nan,8.049699999999999989e+01,nan,nan,8.699500000000000455e+01,nan,7.022299999999999898e+01,nan,nan,nan,7.675700000000000500e+01,7.833499999999999375e+01,7.736499999999999488e+01,nan,8.149399999999999977e+01,nan,nan,nan,7.369799999999999329e+01,nan,8.218200000000000216e+01,7.020000000000000284e+01,6.752800000000000580e+01,nan,nan,nan,5.452100000000000080e+01,nan,7.171599999999999397e+01,nan,4.295600000000000307e+01,nan,nan,6.618500000000000227e+01,nan,nan,nan,7.375799999999999557e+01,nan,nan,nan,nan,9.178700000000000614e+01,nan,8.436100000000000421e+01,nan,nan,nan,nan,nan,nan,nan,7.276399999999999579e+01,nan,nan,nan,nan,7.925400000000000489e+01,nan,7.812199999999999989e+01,nan,7.133499999999999375e+01,nan,nan,nan
nan,8.809000000000000341e+01,2.269600000000000151e+01,nan,8.686700000000000443e+01,8.086100000000000421e+01,nan,nan,nan,nan,7.502700000000000102e+01,nan,nan,nan,7.289900000000000091e+01,6.682299999999999329e+01,nan,7.832699999999999818e+01,nan,nan,8.231900000000000261e+01,nan,7.443300000000000693e+01,nan,nan,nan,nan,nan,nan,8.225300000000000011e+01,nan,8.124899999999999523e+01,nan,nan,8.722400000000000375e+01,nan,7.039799999999999613e+01,nan,nan,nan,7.776000000000000512e+01,7.849299999999999500e+01,7.843300000000000693e+01,nan,8.179300000000000637e+01,nan,nan,nan,7.390099999999999625e+01,nan,8.238700000000000045e+01,7.093699999999999761e+01,6.802700000000000102e+01,nan,nan,nan,5.463199999999999790e+01,nan,7.186400000000000432e+01,nan,4.363499999999999801e+01,nan,nan,6.693099999999999739e+01,nan,nan,nan,7.385599999999999454e+01,nan,nan,nan,nan,9.193000000000000682e+01,nan,9.506600000000000250e+01,nan,nan,nan,nan,nan,nan,nan,7.303199999999999648e+01,nan,nan,nan,nan,7.948699999999999477e+01,nan,7.904999999999999716e+01,nan,7.146099999999999852e+01,nan,nan,nan
nan,8.858799999999999386e+01,2.280300000000000082e+01,nan,8.723099999999999454e+01,8.176099999999999568e+01,nan,nan,nan,nan,8.845099999999999341e+01,nan,nan,nan,7.418500000000000227e+01,6.775600000000000023e+01,nan,7.871500000000000341e+01,nan,nan,8.252500000000000568e+01,nan,7.621800000000000352e+01,nan,nan,nan,nan,nan,nan,8.445199999999999818e+01,nan,8.148399999999999466e+01,nan,nan,8.765300000000000580e+01,nan,7.068899999999999295e+01,nan,nan,nan,7.800000000000000000e+01,8.329099999999999682e+01,7.856600000000000250e+01,nan,8.202299999999999613e+01,nan,nan,nan,7.448300000000000409e+01,nan,8.448300000000000409e+01,7.898300000000000409e+01,7.022499999999999432e+01,nan,nan,nan,5.477000000000000313e+01,nan,7.476600000000000534e+01,nan,4.379200000000000159e+01,nan,nan,6.719199999999999307e+01,nan,nan,nan,8.301900000000000546e+01,nan,nan,nan,nan,9.206300000000000239e+01,nan,nan,nan,nan,nan,nan,nan,nan,nan,7.526000000000000512e+01,nan,nan,nan,nan,7.969899999999999807e+01,nan,7.928499999999999659e+01,nan,7.225900000000000034e+01,nan,nan,nan
nan,8.922299999999999898e+01,2.383299999999999841e+01,nan,9.703300000000000125e+01,8.188700000000000045e+01,nan,nan,nan,nan,8.866299999999999670e+01,nan,nan,nan,7.766299999999999670e+01,6.789199999999999591e+01,nan,8.115800000000000125e+01,nan,nan,8.276500000000000057e+01,nan,8.788500000000000512e+01,nan,nan,nan,nan,nan,nan,8.563200000000000500e+01,nan,8.198600000000000421e+01,nan,nan,8.788899999999999579e+01,nan,7.098999999999999488e+01,nan,nan,nan,7.816899999999999693e+01,8.356000000000000227e+01,7.920399999999999352e+01,nan,8.282800000000000296e+01,nan,nan,nan,7.478199999999999648e+01,nan,8.476999999999999602e+01,7.932200000000000273e+01,7.309000000000000341e+01,nan,nan,nan,5.521999999999999886e+01,nan,7.496800000000000352e+01,nan,4.422899999999999920e+01,nan,nan,7.654900000000000659e+01,nan,nan,nan,8.324899999999999523e+01,nan,nan,nan,nan,9.259300000000000352e+01,nan,nan,nan,nan,nan,nan,nan,nan,nan,7.615999999999999659e+01,nan,nan,nan,nan,8.323000000000000398e+01,nan,8.437900000000000489e+01,nan,7.275400000000000489e+01,nan,nan,nan
nan,9.521999999999999886e+01,2.410099999999999909e+01,nan,9.732999999999999829e+01,nan,nan,nan,nan,nan,8.952700000000000102e+01,nan,nan,nan,7.795999999999999375e+01,6.809000000000000341e+01,nan,8.125600000000000023e+01,nan,nan,8.872700000000000387e+01,nan,8.823099999999999454e+01,nan,nan,nan,nan,nan,nan,8.676300000000000523e+01,nan,8.232200000000000273e+01,nan,nan,8.819199999999999307e+01,nan,7.955100000000000193e+01,nan,nan,nan,7.865800000000000125e+01,8.473499999999999943e+01,8.365699999999999648e+01,nan,8.855700000000000216e+01,nan,nan,nan,7.505599999999999739e+01,nan,8.695799999999999841e+01,7.973099999999999454e+01,7.339900000000000091e+01,nan,nan,nan,5.595100000000000051e+01,nan,8.009399999999999409e+01,nan,4.436200000000000188e+01,nan,nan,7.673000000000000398e+01,nan,nan,nan,8.336400000000000432e+01,nan,nan,nan,nan,9.402800000000000580e+01,nan,nan,nan,nan,nan,nan,nan,nan,nan,7.792199999999999704e+01,nan,nan,nan,nan,8.358599999999999852e+01,nan,8.451600000000000534e+01,nan,7.309600000000000364e+01,nan,nan,nan
nan,9.536499999999999488e+01,2.709100000000000108e+01,nan,9.768600000000000705e+01,nan,nan,nan,nan,nan,nan,nan,nan,nan,7.836199999999999477e+01,7.406600000000000250e+01,nan,8.275499999999999545e+01,nan,nan,9.102200000000000557e+01,nan,8.946399999999999864e+01,nan,nan,nan,nan,nan,nan,nan,nan,8.259600000000000364e+01,nan,nan,nan,nan,7.991700000000000159e+01,nan,nan,nan,8.262000000000000455e+01,8.500000000000000000e+01,9.238800000000000523e+01,nan,8.938400000000000034e+01,nan,nan,nan,7.710399999999999920e+01,nan,9.569599999999999795e+01,7.990200000000000102e+01,7.352100000000000080e+01,nan,nan,nan,5.613600000000000279e+01,nan,8.062000000000000455e+01,nan,4.453699999999999903e+01,nan,nan,8.093399999999999750e+01,nan,nan,nan,8.509900000000000375e+01,nan,nan,nan,nan,9.428799999999999670e+01,nan,nan,nan,nan,nan,nan,nan,nan,nan,8.101900000000000546e+01,nan,nan,nan,nan,8.389000000000000057e+01,nan,8.895799999999999841e+01,nan,7.396500000000000341e+01,nan,nan,nan
nan,9.609199999999999875e+01,2.830300000000000082e+01,nan,9.788599999999999568e+01,nan,nan,nan,nan,nan,nan,nan,nan,nan,7.856199999999999761e+01,8.185099999999999909e+01,nan,8.855599999999999739e+01,nan,nan,9.124899999999999523e+01,nan,9.006499999999999773e+01,nan,nan,nan,nan,nan,nan,nan,nan,8.279300000000000637e+01,nan,nan,nan,nan,8.222700000000000387e+01,nan,nan,nan,8.305599999999999739e+01,8.682699999999999818e+01,9.249599999999999511e+01,nan,8.978900000000000148e+01,nan,nan,nan,7.729600000000000648e+01,nan,nan,8.003100000000000591e+01,7.408499999999999375e+01,nan,nan,nan,5.658599999999999852e+01,nan,8.825499999999999545e+01,nan,4.470799999999999841e+01,nan,nan,8.292799999999999727e+01,nan,nan,nan,8.578900000000000148e+01,nan,nan,nan,nan,9.562399999999999523e+01,nan,nan,nan,nan,nan,nan,nan,nan,nan,8.428499999999999659e+01,nan,nan,nan,nan,8.399200000000000443e+01,nan,8.908499999999999375e+01,nan,8.919799999999999329e+01,nan,nan,nan
nan,9.639300000000000068e+01,2.879700000000000060e+01,nan,9.818200000000000216e+01,nan,nan,nan,nan,nan,nan,nan,nan,nan,8.366400000000000148e+01,8.322400000000000375e+01,nan,8.873499999999999943e+01,nan,nan,9.149099999999999966e+01,nan,9.265399999999999636e+01,nan,nan,nan,nan,nan,nan,nan,nan,8.315699999999999648e+01,nan,nan,nan,nan,9.075300000000000011e+01,nan,nan,nan,8.314799999999999613e+01,8.765900000000000603e+01,9.298499999999999943e+01,nan,9.002700000000000102e+01,nan,nan,nan,7.969599999999999795e+01,nan,nan,8.082899999999999352e+01,7.423399999999999466e+01,nan,nan,nan,5.683500000000000085e+01,nan,9.039300000000000068e+01,nan,4.532800000000000296e+01,nan,nan,8.305400000000000205e+01,nan,nan,nan,8.616599999999999682e+01,nan,nan,nan,nan,9.598699999999999477e+01,nan,nan,nan,nan,nan,nan,nan,nan,nan,8.479500000000000171e+01,nan,nan,nan,nan,8.428100000000000591e+01,nan,9.136400000000000432e+01,nan,8.949099999999999966e+01,nan,nan,nan
nan,9.656499999999999773e+01,4.246000000000000085e+01,nan,9.848699999999999477e+01,nan,nan,nan,nan,nan,nan,nan,nan,nan,8.379300000000000637e+01,8.365600000000000591e+01,nan,9.231999999999999318e+01,nan,nan,9.159300000000000352e+01,nan,9.368999999999999773e+01,nan,nan,nan,nan,nan,nan,nan,nan,8.342100000000000648e+01,nan,nan,nan,nan,nan,nan,nan,nan,9.301399999999999579e+01,9.218399999999999750e+01,9.939300000000000068e+01,nan,9.101699999999999591e+01,nan,nan,nan,7.999599999999999511e+01,nan,nan,8.178600000000000136e+01,7.458700000000000330e+01,nan,nan,nan,5.702700000000000102e+01,nan,9.049899999999999523e+01,nan,4.622399999999999665e+01,nan,nan,8.389799999999999613e+01,nan,nan,nan,8.642499999999999716e+01,nan,nan,nan,nan,9.638100000000000023e+01,nan,nan,nan,nan,nan,nan,nan,nan,nan,8.839600000000000080e+01,nan,nan,nan,nan,8.442700000000000671e+01,nan,nan,nan,9.108400000000000318e+01,nan,nan,nan
nan,9.668999999999999773e+01,4.282999999999999829e+01,nan,9.942300000000000182e+01,nan,nan,nan,nan,nan,nan,nan,nan,nan,9.082399999999999807e+01,8.919400000000000261e+01,nan,9.325199999999999534e+01,nan,nan,9.172199999999999420e+01,nan,9.541400000000000148e+01,nan,nan,nan,nan,nan,nan,nan,nan,8.352200000000000557e+01,nan,nan,nan,nan,nan,nan,nan,nan,9.555599999999999739e+01,9.861599999999999966e+01,nan,nan,9.115300000000000580e+01,nan,nan,nan,8.399399999999999977e+01,nan,nan,8.309000000000000341e+01,7.513500000000000512e+01,nan,nan,nan,5.728399999999999892e+01,nan,9.062699999999999534e+01,nan,4.682399999999999807e+01,nan,nan,8.403600000000000136e+01,nan,nan,nan,8.761799999999999500e+01,nan,nan,nan,nan,9.706199999999999761e+01,nan,nan,nan,nan,nan,nan,nan,nan,nan,9.395799999999999841e+01,nan,nan,nan,nan,8.613599999999999568e+01,nan,nan,nan,9.469899999999999807e+01,nan,nan,nan
nan,nan,5.189200000000000301e+01,nan,nan,nan,nan,nan,nan,nan,nan,nan,nan,nan,9.089199999999999591e+01,9.088800000000000523e+01,nan,9.346299999999999386e+01,nan,nan,9.195600000000000307e+01,nan,nan,nan,nan,nan,nan,nan,nan,nan,nan,8.398999999999999488e+01,nan,nan,nan,nan,nan,nan,nan,nan,nan,nan,nan,nan,9.141899999999999693e+01,nan,nan,nan,8.418600000000000705e+01,nan,nan,8.395099999999999341e+01,7.611499999999999488e+01,nan,nan,nan,5.842000000000000171e+01,nan,9.985200000000000387e+01,nan,4.802100000000000080e+01,nan,nan,8.455400000000000205e+01,nan,nan,nan,9.781399999999999295e+01,nan,nan,nan,nan,9.768300000000000693e+01,nan,nan,nan,nan,nan,nan,nan,nan,nan,9.409099999999999397e+01,nan,nan,nan,nan,9.039000000000000057e+01,nan,nan,nan,9.482299999999999329e+01,nan,nan,nan
nan,nan,5.446500000000000341e+01,nan,nan,nan,nan,nan,nan,nan,nan,nan,nan,nan,9.145399999999999352e+01,9.122700000000000387e+01,nan,9.369400000000000261e+01,nan,nan,9.219100000000000250e+01,nan,nan,nan,nan,nan,nan,nan,nan,nan,nan,8.418699999999999761e+01,nan,nan,nan,nan,nan,nan,nan,nan,nan,nan,nan,nan,9.185099999999999909e+01,nan,nan,nan,8.451500000000000057e+01,nan,nan,8.512199999999999989e+01,7.679300000000000637e+01,nan,nan,nan,5.909799999999999898e+01,nan,nan,nan,4.829999999999999716e+01,nan,nan,8.468200000000000216e+01,nan,nan,nan,9.799299999999999500e+01,nan,nan,nan,nan,9.782999999999999829e+01,nan,nan,nan,nan,nan,nan,nan,nan,nan,nan,nan,nan,nan,nan,9.069499999999999318e+01,nan,nan,nan,9.503400000000000603e+01,nan,nan,nan
nan,nan,6.408100000000000307e+01,nan,nan,nan,nan,nan,nan,nan,nan,nan,nan,nan,nan,9.286499999999999488e+01,nan,9.401500000000000057e+01,nan,nan,9.245099999999999341e+01,nan,nan,nan,nan,nan,nan,nan,nan,nan,nan,8.444799999999999329e+01,nan,nan,nan,nan,nan,nan,nan,nan,nan,nan,nan,nan,9.472499999999999432e+01,nan,nan,nan,8.465399999999999636e+01,nan,nan,8.771399999999999864e+01,7.936700000000000443e+01,nan,nan,nan,5.930100000000000193e+01,nan,nan,nan,5.032800000000000296e+01,nan,nan,8.516100000000000136e+01,nan,nan,nan,9.856199999999999761e+01,nan,nan,nan,nan,9.876300000000000523e+01,nan,nan,nan,nan,nan,nan,nan,nan,nan,nan,nan,nan,nan,nan,9.085999999999999943e+01,nan,nan,nan,9.529999999999999716e+01,nan,nan,nan
nan,nan,6.509900000000000375e+01,nan,nan,nan,nan,nan,nan,nan,nan,nan,nan,nan,nan,9.309199999999999875e+01,nan,9.568899999999999295e+01,nan,nan,9.268399999999999750e+01,nan,nan,nan,nan,nan,nan,nan,nan,nan,nan,8.476399999999999579e+01,nan,nan,nan,nan,nan,nan,nan,nan,nan,nan,nan,nan,9.938400000000000034e+01,nan,nan,nan,9.419700000000000273e+01,nan,nan,8.814799999999999613e+01,7.960299999999999443e+01,nan,nan,nan,5.939699999999999847e+01,nan,nan,nan,5.112500000000000000e+01,nan,nan,9.128499999999999659e+01,nan,nan,nan,9.952500000000000568e+01,nan,nan,nan,nan,9.932800000000000296e+01,nan,nan,nan,nan,nan,nan,nan,nan,nan,nan,nan,nan,nan,nan,9.238500000000000512e+01,nan,nan,nan,9.561700000000000443e+01,nan,nan,nan
nan,nan,6.829699999999999704e+01,nan,nan,nan,nan,nan,nan,nan,nan,nan,nan,nan,nan,nan,nan,nan,nan,nan,9.298300000000000409e+01,nan,nan,nan,nan,nan,nan,nan,nan,nan,nan,8.489799999999999613e+01,nan,nan,nan,nan,nan,nan,nan,nan,nan,nan,nan,nan,nan,nan,nan,nan,9.882899999999999352e+01,nan,nan,8.873099999999999454e+01,7.973699999999999477e+01,nan,nan,nan,7.062699999999999534e+01,nan,nan,nan,5.170600000000000307e+01,nan,nan,9.258799999999999386e+01,nan,nan,nan,nan,nan,nan,nan,nan,nan,nan,nan,nan,nan,nan,nan,nan,nan,nan,nan,nan,nan,nan,nan,9.644700000000000273e+01,nan,nan,nan,9.652299999999999613e+01,nan,nan,nan
nan,nan,6.856600000000000250e+01,nan,nan,nan,nan,nan,nan,nan,nan,nan,nan,nan,nan,nan,nan,nan,nan,nan,nan,nan,nan,nan,nan,nan,nan,nan,nan,nan,nan,8.511700000000000443e+01,nan,nan,nan,nan,nan,nan,nan,nan,nan,nan,nan,nan,nan,nan,nan,nan,nan,nan,nan,8.963299999999999557e+01,8.195199999999999818e+01,nan,nan,nan,7.094899999999999807e+01,nan,nan,nan,5.212800000000000011e+01,nan,nan,9.365800000000000125e+01,nan,nan,nan,nan,nan,nan,nan,nan,nan,nan,nan,nan,nan,nan,nan,nan,nan,nan,nan,nan,nan,nan,nan,9.695900000000000318e+01,nan,nan,nan,9.666800000000000637e+01,nan,nan,nan
nan,nan,6.892499999999999716e+01,nan,nan,nan,nan,nan,nan,nan,nan,nan,nan,nan,nan,nan,nan,nan,nan,nan,nan,nan,nan,nan,nan,nan,nan,nan,nan,nan,nan,8.648000000000000398e+01,nan,nan,nan,nan,nan,nan,nan,nan,nan,nan,nan,nan,nan,nan,nan,nan,nan,nan,nan,9.029000000000000625e+01,8.463299999999999557e+01,nan,nan,nan,7.260099999999999909e+01,nan,nan,nan,5.255499999999999972e+01,nan,nan,9.392300000000000182e+01,nan,nan,nan,nan,nan,nan,nan,nan,nan,nan,nan,nan,nan,nan,nan,nan,nan,nan,nan,nan,nan,nan,nan,9.751800000000000068e+01,nan,nan,nan,9.916200000000000614e+01,nan,nan,nan
nan,nan,7.135800000000000409e+01,nan,nan,nan,nan,nan,nan,nan,nan,nan,nan,nan,nan,nan,nan,nan,nan,nan,nan,nan,nan,nan,nan,nan,nan,nan,nan,nan,nan,8.672899999999999920e+01,nan,nan,nan,nan,nan,nan,nan,nan,nan,nan,nan,nan,nan,nan,nan,nan,nan,nan,nan,nan,8.606399999999999295e+01,nan,nan,nan,7.366100000000000136e+01,nan,nan,nan,5.266199999999999903e+01,nan,nan,9.402100000000000080e+01,nan,nan,nan,nan,nan,nan,nan,nan,nan,nan,nan,nan,nan,nan,nan,nan,nan,nan,nan,nan,nan,nan,nan,9.762600000000000477e+01,nan,nan,nan,nan,nan,nan,nan
nan,nan,7.172799999999999443e+01,nan,nan,nan,nan,nan,nan,nan,nan,nan,nan,nan,nan,nan,nan,nan,nan,nan,nan,nan,nan,nan,nan,nan,nan,nan,nan,nan,nan,8.718999999999999773e+01,nan,nan,nan,nan,nan,nan,nan,nan,nan,nan,nan,nan,nan,nan,nan,nan,nan,nan,nan,nan,8.664900000000000091e+01,nan,nan,nan,7.608100000000000307e+01,nan,nan,nan,5.339399999999999835e+01,nan,nan,9.784600000000000364e+01,nan,nan,nan,nan,nan,nan,nan,nan,nan,nan,nan,nan,nan,nan,nan,nan,nan,nan,nan,nan,nan,nan,nan,9.915399999999999636e+01,nan,nan,nan,nan,nan,nan,nan
nan,nan,7.623399999999999466e+01,nan,nan,nan,nan,nan,nan,nan,nan,nan,nan,nan,nan,nan,nan,nan,nan,nan,nan,nan,nan,nan,nan,nan,nan,nan,nan,nan,nan,8.742400000000000659e+01,nan,nan,nan,nan,nan,nan,nan,nan,nan,nan,nan,nan,nan,nan,nan,nan,nan,nan,nan,nan,8.693099999999999739e+01,nan,nan,nan,7.718000000000000682e+01,nan,nan,nan,5.482600000000000051e+01,nan,nan,9.803499999999999659e+01,nan,nan,nan,nan,nan,nan,nan,nan,nan,nan,nan,nan,nan,nan,nan,nan,nan,nan,nan,nan,nan,nan,nan,9.938299999999999557e+01,nan,nan,nan,nan,nan,nan,nan
nan,nan,7.678799999999999670e+01,nan,nan,nan,nan,nan,nan,nan,nan,nan,nan,nan,nan,nan,nan,nan,nan,nan,nan,nan,nan,nan,nan,nan,nan,nan,nan,nan,nan,8.765699999999999648e+01,nan,nan,nan,nan,nan,nan,nan,nan,nan,nan,nan,nan,nan,nan,nan,nan,nan,nan,nan,nan,8.809399999999999409e+01,nan,nan,nan,7.729300000000000637e+01,nan,nan,nan,5.496399999999999864e+01,nan,nan,nan,nan,nan,nan,nan,nan,nan,nan,nan,nan,nan,nan,nan,nan,nan,nan,nan,nan,nan,nan,nan,nan,nan,nan,9.965000000000000568e+01,nan,nan,nan,nan,nan,nan,nan
nan,nan,7.715900000000000603e+01,nan,nan,nan,nan,nan,nan,nan,nan,nan,nan,nan,nan,nan,nan,nan,nan,nan,nan,nan,nan,nan,nan,nan,nan,nan,nan,nan,nan,8.806000000000000227e+01,nan,nan,nan,nan,nan,nan,nan,nan,nan,nan,nan,nan,nan,nan,nan,nan,nan,nan,nan,nan,9.069799999999999329e+01,nan,nan,nan,7.799399999999999977e+01,nan,nan,nan,5.517399999999999949e+01,nan,nan,nan,nan,nan,nan,nan,nan,nan,nan,nan,nan,nan,nan,nan,nan,nan,nan,nan,nan,nan,nan,nan,nan,nan,nan,nan,nan,nan,nan,nan,nan,nan,nan
nan,nan,7.753000000000000114e+01,nan,nan,nan,nan,nan,nan,nan,nan,nan,nan,nan,nan,nan,nan,nan,nan,nan,nan,nan,nan,nan,nan,nan,nan,nan,nan,nan,nan,8.842799999999999727e+01,nan,nan,nan,nan,nan,nan,nan,nan,nan,nan,nan,nan,nan,nan,nan,nan,nan,nan,nan,nan,nan,nan,nan,nan,7.821800000000000352e+01,nan,nan,nan,5.901800000000000068e+01,nan,nan,nan,nan,nan,nan,nan,nan,nan,nan,nan,nan,nan,nan,nan,nan,nan,nan,nan,nan,nan,nan,nan,nan,nan,nan,nan,nan,nan,nan,nan,nan,nan,nan
nan,nan,7.779399999999999693e+01,nan,nan,nan,nan,nan,nan,nan,nan,nan,nan,nan,nan,nan,nan,nan,nan,nan,nan,nan,nan,nan,nan,nan,nan,nan,nan,nan,nan,8.853199999999999648e+01,nan,nan,nan,nan,nan,nan,nan,nan,nan,nan,nan,nan,nan,nan,nan,nan,nan,nan,nan,nan,nan,nan,nan,nan,7.839400000000000546e+01,nan,nan,nan,6.273100000000000165e+01,nan,nan,nan,nan,nan,nan,nan,nan,nan,nan,nan,nan,nan,nan,nan,nan,nan,nan,nan,nan,nan,nan,nan,nan,nan,nan,nan,nan,nan,nan,nan,nan,nan,nan
nan,nan,7.792199999999999704e+01,nan,nan,nan,nan,nan,nan,nan,nan,nan,nan,nan,nan,nan,nan,nan,nan,nan,nan,nan,nan,nan,nan,nan,nan,nan,nan,nan,nan,8.896099999999999852e+01,nan,nan,nan,nan,nan,nan,nan,nan,nan,nan,nan,nan,nan,nan,nan,nan,nan,nan,nan,nan,nan,nan,nan,nan,7.931999999999999318e+01,nan,nan,nan,6.449099999999999966e+01,nan,nan,nan,nan,nan,nan,nan,nan,nan,nan,nan,nan,nan,nan,nan,nan,nan,nan,nan,nan,nan,nan,nan,nan,nan,nan,nan,nan,nan,nan,nan,nan,nan,nan
nan,nan,7.805800000000000693e+01,nan,nan,nan,nan,nan,nan,nan,nan,nan,nan,nan,nan,nan,nan,nan,nan,nan,nan,nan,nan,nan,nan,nan,nan,nan,nan,nan,nan,8.915399999999999636e+01,nan,nan,nan,nan,nan,nan,nan,nan,nan,nan,nan,nan,nan,nan,nan,nan,nan,nan,nan,nan,nan,nan,nan,nan,7.941899999999999693e+01,nan,nan,nan,6.466299999999999670e+01,nan,nan,nan,nan,nan,nan,nan,nan,nan,nan,nan,nan,nan,nan,nan,nan,nan,nan,nan,nan,nan,nan,nan,nan,nan,nan,nan,nan,nan,nan,nan,nan,nan,nan
nan,nan,7.815999999999999659e+01,nan,nan,nan,nan,nan,nan,nan,nan,nan,nan,nan,nan,nan,nan,nan,nan,nan,nan,nan,nan,nan,nan,nan,nan,nan,nan,nan,nan,8.969799999999999329e+01,nan,nan,nan,nan,nan,nan,nan,nan,nan,nan,nan,nan,nan,nan,nan,nan,nan,nan,nan,nan,nan,nan,nan,nan,8.201699999999999591e+01,nan,nan,nan,6.479600000000000648e+01,nan,nan,nan,nan,nan,nan,nan,nan,nan,nan,nan,nan,nan,nan,nan,nan,nan,nan,nan,nan,nan,nan,nan,nan,nan,nan,nan,nan,nan,nan,nan,nan,nan,nan
nan,nan,7.861199999999999477e+01,nan,nan,nan,nan,nan,nan,nan,nan,nan,nan,nan,nan,nan,nan,nan,nan,nan,nan,nan,nan,nan,nan,nan,nan,nan,nan,nan,nan,9.002200000000000557e+01,nan,nan,nan,nan,nan,nan,nan,nan,nan,nan,nan,nan,nan,nan,nan,nan,nan,nan,nan,nan,nan,nan,nan,nan,8.275900000000000034e+01,nan,nan,nan,6.706300000000000239e+01,nan,nan,nan,nan,nan,nan,nan,nan,nan,nan,nan,nan,nan,nan,nan,nan,nan,nan,nan,nan,nan,nan,nan,nan,nan,nan,nan,nan,nan,nan,nan,nan,nan,nan
nan,nan,8.499500000000000455e+01,nan,nan,nan,nan,nan,nan,nan,nan,nan,nan,nan,nan,nan,nan,nan,nan,nan,nan,nan,nan,nan,nan,nan,nan,nan,nan,nan,nan,9.036400000000000432e+01,nan,nan,nan,nan,nan,nan,nan,nan,nan,nan,nan,nan,nan,nan,nan,nan,nan,nan,nan,nan,nan,nan,nan,nan,8.323199999999999932e+01,nan,nan,nan,6.742600000000000193e+01,nan,nan,nan,nan,nan,nan,nan,nan,nan,nan,nan,nan,nan,nan,nan,nan,nan,nan,nan,nan,nan,nan,nan,nan,nan,nan,nan,nan,nan,nan,nan,nan,nan,nan
nan,nan,nan,nan,nan,nan,nan,nan,nan,nan,nan,nan,nan,nan,nan,nan,nan,nan,nan,nan,nan,nan,nan,nan,nan,nan,nan,nan,nan,nan,nan,9.071699999999999875e+01,nan,nan,nan,nan,nan,nan,nan,nan,nan,nan,nan,nan,nan,nan,nan,nan,nan,nan,nan,nan,nan,nan,nan,nan,8.938899999999999579e+01,nan,nan,nan,7.385599999999999454e+01,nan,nan,nan,nan,nan,nan,nan,nan,nan,nan,nan,nan,nan,nan,nan,nan,nan,nan,nan,nan,nan,nan,nan,nan,nan,nan,nan,nan,nan,nan,nan,nan,nan,nan
nan,nan,nan,nan,nan,nan,nan,nan,nan,nan,nan,nan,nan,nan,nan,nan,nan,nan,nan,nan,nan,nan,nan,nan,nan,nan,nan,nan,nan,nan,nan,9.098600000000000421e+01,nan,nan,nan,nan,nan,nan,nan,nan,nan,nan,nan,nan,nan,nan,nan,nan,nan,nan,nan,nan,nan,nan,nan,nan,8.948499999999999943e+01,nan,nan,nan,7.419499999999999318e+01,nan,nan,nan,nan,nan,nan,nan,nan,nan,nan,nan,nan,nan,nan,nan,nan,nan,nan,nan,nan,nan,nan,nan,nan,nan,nan,nan,nan,nan,nan,nan,nan,nan,nan
nan,nan,nan,nan,nan,nan,nan,nan,nan,nan,nan,nan,nan,nan,nan,nan,nan,nan,nan,nan,nan,nan,nan,nan,nan,nan,nan,nan,nan,nan,nan,9.151999999999999602e+01,nan,nan,nan,nan,nan,nan,nan,nan,nan,nan,nan,nan,nan,nan,nan,nan,nan,nan,nan,nan,nan,nan,nan,nan,9.614700000000000557e+01,nan,nan,nan,7.709699999999999420e+01,nan,nan,nan,nan,nan,nan,nan,nan,nan,nan,nan,nan,nan,nan,nan,nan,nan,nan,nan,nan,nan,nan,nan,nan,nan,nan,nan,nan,nan,nan,nan,nan,nan,nan
nan,nan,nan,nan,nan,nan,nan,nan,nan,nan,nan,nan,nan,nan,nan,nan,nan,nan,nan,nan,nan,nan,nan,nan,nan,nan,nan,nan,nan,nan,nan,9.718600000000000705e+01,nan,nan,nan,nan,nan,nan,nan,nan,nan,nan,nan,nan,nan,nan,nan,nan,nan,nan,nan,nan,nan,nan,nan,nan,nan,nan,nan,nan,7.843000000000000682e+01,nan,nan,nan,nan,nan,nan,nan,nan,nan,nan,nan,nan,nan,nan,nan,nan,nan,nan,nan,nan,nan,nan,nan,nan,nan,nan,nan,nan,nan,nan,nan,nan,nan,nan
nan,nan,nan,nan,nan,nan,nan,nan,nan,nan,nan,nan,nan,nan,nan,nan,nan,nan,nan,nan,nan,nan,nan,nan,nan,nan,nan,nan,nan,nan,nan,9.742900000000000205e+01,nan,nan,nan,nan,nan,nan,nan,nan,nan,nan,nan,nan,nan,nan,nan,nan,nan,nan,nan,nan,nan,nan,nan,nan,nan,nan,nan,nan,7.849599999999999511e+01,nan,nan,nan,nan,nan,nan,nan,nan,nan,nan,nan,nan,nan,nan,nan,nan,nan,nan,nan,nan,nan,nan,nan,nan,nan,nan,nan,nan,nan,nan,nan,nan,nan,nan
nan,nan,nan,nan,nan,nan,nan,nan,nan,nan,nan,nan,nan,nan,nan,nan,nan,nan,nan,nan,nan,nan,nan,nan,nan,nan,nan,nan,nan,nan,nan,9.808899999999999864e+01,nan,nan,nan,nan,nan,nan,nan,nan,nan,nan,nan,nan,nan,nan,nan,nan,nan,nan,nan,nan,nan,nan,nan,nan,nan,nan,nan,nan,7.895600000000000307e+01,nan,nan,nan,nan,nan,nan,nan,nan,nan,nan,nan,nan,nan,nan,nan,nan,nan,nan,nan,nan,nan,nan,nan,nan,nan,nan,nan,nan,nan,nan,nan,nan,nan,nan
nan,nan,nan,nan,nan,nan,nan,nan,nan,nan,nan,nan,nan,nan,nan,nan,nan,nan,nan,nan,nan,nan,nan,nan,nan,nan,nan,nan,nan,nan,nan,nan,nan,nan,nan,nan,nan,nan,nan,nan,nan,nan,nan,nan,nan,nan,nan,nan,nan,nan,nan,nan,nan,nan,nan,nan,nan,nan,nan,nan,8.048999999999999488e+01,nan,nan,nan,nan,nan,nan,nan,nan,nan,nan,nan,nan,nan,nan,nan,nan,nan,nan,nan,nan,nan,nan,nan,nan,nan,nan,nan,nan,nan,nan,nan,nan,nan,nan
nan,nan,nan,nan,nan,nan,nan,nan,nan,nan,nan,nan,nan,nan,nan,nan,nan,nan,nan,nan,nan,nan,nan,nan,nan,nan,nan,nan,nan,nan,nan,nan,nan,nan,nan,nan,nan,nan,nan,nan,nan,nan,nan,nan,nan,nan,nan,nan,nan,nan,nan,nan,nan,nan,nan,nan,nan,nan,nan,nan,8.286899999999999977e+01,nan,nan,nan,nan,nan,nan,nan,nan,nan,nan,nan,nan,nan,nan,nan,nan,nan,nan,nan,nan,nan,nan,nan,nan,nan,nan,nan,nan,nan,nan,nan,nan,nan,nan
nan,nan,nan,nan,nan,nan,nan,nan,nan,nan,nan,nan,nan,nan,nan,nan,nan,nan,nan,nan,nan,nan,nan,nan,nan,nan,nan,nan,nan,nan,nan,nan,nan,nan,nan,nan,nan,nan,nan,nan,nan,nan,nan,nan,nan,nan,nan,nan,nan,nan,nan,nan,nan,nan,nan,nan,nan,nan,nan,nan,8.306300000000000239e+01,nan,nan,nan,nan,nan,nan,nan,nan,nan,nan,nan,nan,nan,nan,nan,nan,nan,nan,nan,nan,nan,nan,nan,nan,nan,nan,nan,nan,nan,nan,nan,nan,nan,nan
nan,nan,nan,nan,nan,nan,nan,nan,nan,nan,nan,nan,nan,nan,nan,nan,nan,nan,nan,nan,nan,nan,nan,nan,nan,nan,nan,nan,nan,nan,nan,nan,nan,nan,nan,nan,nan,nan,nan,nan,nan,nan,nan,nan,nan,nan,nan,nan,nan,nan,nan,nan,nan,nan,nan,nan,nan,nan,nan,nan,8.334699999999999420e+01,nan,nan,nan,nan,nan,nan,nan,nan,nan,nan,nan,nan,nan,nan,nan,nan,nan,nan,nan,nan,nan,nan,nan,nan,nan,nan,nan,nan,nan,nan,nan,nan,nan,nan
nan,nan,nan,nan,nan,nan,nan,nan,nan,nan,nan,nan,nan,nan,nan,nan,nan,nan,nan,nan,nan,nan,nan,nan,nan,nan,nan,nan,nan,nan,nan,nan,nan,nan,nan,nan,nan,nan,nan,nan,nan,nan,nan,nan,nan,nan,nan,nan,nan,nan,nan,nan,nan,nan,nan,nan,nan,nan,nan,nan,9.096299999999999386e+01,nan,nan,nan,nan,nan,nan,nan,nan,nan,nan,nan,nan,nan,nan,nan,nan,nan,nan,nan,nan,nan,nan,nan,nan,nan,nan,nan,nan,nan,nan,nan,nan,nan,nan
nan,nan,nan,nan,nan,nan,nan,nan,nan,nan,nan,nan,nan,nan,nan,nan,nan,nan,nan,nan,nan,nan,nan,nan,nan,nan,nan,nan,nan,nan,nan,nan,nan,nan,nan,nan,nan,nan,nan,nan,nan,nan,nan,nan,nan,nan,nan,nan,nan,nan,nan,nan,nan,nan,nan,nan,nan,nan,nan,nan,9.129399999999999693e+01,nan,nan,nan,nan,nan,nan,nan,nan,nan,nan,nan,nan,nan,nan,nan,nan,nan,nan,nan,nan,nan,nan,nan,nan,nan,nan,nan,nan,nan,nan,nan,nan,nan,nan
nan,nan,nan,nan,nan,nan,nan,nan,nan,nan,nan,nan,nan,nan,nan,nan,nan,nan,nan,nan,nan,nan,nan,nan,nan,nan,nan,nan,nan,nan,nan,nan,nan,nan,nan,nan,nan,nan,nan,nan,nan,nan,nan,nan,nan,nan,nan,nan,nan,nan,nan,nan,nan,nan,nan,nan,nan,nan,nan,nan,9.905800000000000693e+01,nan,nan,nan,nan,nan,nan,nan,nan,nan,nan,nan,nan,nan,nan,nan,nan,nan,nan,nan,nan,nan,nan,nan,nan,nan,nan,nan,nan,nan,nan,nan,nan,nan,nan
nan,nan,nan,nan,nan,nan,nan,nan,nan,nan,nan,nan,nan,nan,nan,nan,nan,nan,nan,nan,nan,nan,nan,nan,nan,nan,nan,nan,nan,nan,nan,nan,nan,nan,nan,nan,nan,nan,nan,nan,nan,nan,nan,nan,nan,nan,nan,nan,nan,nan,nan,nan,nan,nan,nan,nan,nan,nan,nan,nan,9.937800000000000011e+01,nan,nan,nan,nan,nan,nan,nan,nan,nan,nan,nan,nan,nan,nan,nan,nan,nan,nan,nan,nan,nan,nan,nan,nan,nan,nan,nan,nan,nan,nan,nan,nan,nan,nan
nan,nan,nan,nan,nan,nan,nan,nan,nan,nan,nan,nan,nan,nan,nan,nan,nan,nan,nan,nan,nan,nan,nan,nan,nan,nan,nan,nan,nan,nan,nan,nan,nan,nan,nan,nan,nan,nan,nan,nan,nan,nan,nan,nan,nan,nan,nan,nan,nan,nan,nan,nan,nan,nan,nan,nan,nan,nan,nan,nan,9.949200000000000443e+01,nan,nan,nan,nan,nan,nan,nan,nan,nan,nan,nan,nan,nan,nan,nan,nan,nan,nan,nan,nan,nan,nan,nan,nan,nan,nan,nan,nan,nan,nan,nan,nan,nan,nan
nan,nan,nan,nan,nan,nan,nan,nan,nan,nan,nan,nan,nan,nan,nan,nan,nan,nan,nan,nan,nan,nan,nan,nan,nan,nan,nan,nan,nan,nan,nan,nan,nan,nan,nan,nan,nan,nan,nan,nan,nan,nan,nan,nan,nan,nan,nan,nan,nan,nan,nan,nan,nan,nan,nan,nan,nan,nan,nan,nan,9.965500000000000114e+01,nan,nan,nan,nan,nan,nan,nan,nan,nan,nan,nan,nan,nan,nan,nan,nan,nan,nan,nan,nan,nan,nan,nan,nan,nan,nan,nan,nan,nan,nan,nan,nan,nan,nan
nan,nan,nan,nan,nan,nan,nan,nan,nan,nan,nan,nan,nan,nan,nan,nan,nan,nan,nan,nan,nan,nan,nan,nan,nan,nan,nan,nan,nan,nan,nan,nan,nan,nan,nan,nan,nan,nan,nan,nan,nan,nan,nan,nan,nan,nan,nan,nan,nan,nan,nan,nan,nan,nan,nan,nan,nan,nan,nan,nan,nan,nan,nan,nan,nan,nan,nan,nan,nan,nan,nan,nan,nan,nan,nan,nan,nan,nan,nan,nan,nan,nan,nan,nan,nan,nan,nan,nan,nan,nan,nan,nan,nan,nan,nan
nan,nan,nan,nan,nan,nan,nan,nan,nan,nan,nan,nan,nan,nan,nan,nan,nan,nan,nan,nan,nan,nan,nan,nan,nan,nan,nan,nan,nan,nan,nan,nan,nan,nan,nan,nan,nan,nan,nan,nan,nan,nan,nan,nan,nan,nan,nan,nan,nan,nan,nan,nan,nan,nan,nan,nan,nan,nan,nan,nan,nan,nan,nan,nan,nan,nan,nan,nan,nan,nan,nan,nan,nan,nan,nan,nan,nan,nan,nan,nan,nan,nan,nan,nan,nan,nan,nan,nan,nan,nan,nan,nan,nan,nan,nan
nan,nan,nan,nan,nan,nan,nan,nan,nan,nan,nan,nan,nan,nan,nan,nan,nan,nan,nan,nan,nan,nan,nan,nan,nan,nan,nan,nan,nan,nan,nan,nan,nan,nan,nan,nan,nan,nan,nan,nan,nan,nan,nan,nan,nan,nan,nan,nan,nan,nan,nan,nan,nan,nan,nan,nan,nan,nan,nan,nan,nan,nan,nan,nan,nan,nan,nan,nan,nan,nan,nan,nan,nan,nan,nan,nan,nan,nan,nan,nan,nan,nan,nan,nan,nan,nan,nan,nan,nan,nan,nan,nan,nan,nan,nan
nan,nan,nan,nan,nan,nan,nan,nan,nan,nan,nan,nan,nan,nan,nan,nan,nan,nan,nan,nan,nan,nan,nan,nan,nan,nan,nan,nan,nan,nan,nan,nan,nan,nan,nan,nan,nan,nan,nan,nan,nan,nan,nan,nan,nan,nan,nan,nan,nan,nan,nan,nan,nan,nan,nan,nan,nan,nan,nan,nan,nan,nan,nan,nan,nan,nan,nan,nan,nan,nan,nan,nan,nan,nan,nan,nan,nan,nan,nan,nan,nan,nan,nan,nan,nan,nan,nan,nan,nan,nan,nan,nan,nan,nan,nan
nan,nan,nan,nan,nan,nan,nan,nan,nan,nan,nan,nan,nan,nan,nan,nan,nan,nan,nan,nan,nan,nan,nan,nan,nan,nan,nan,nan,nan,nan,nan,nan,nan,nan,nan,nan,nan,nan,nan,nan,nan,nan,nan,nan,nan,nan,nan,nan,nan,nan,nan,nan,nan,nan,nan,nan,nan,nan,nan,nan,nan,nan,nan,nan,nan,nan,nan,nan,nan,nan,nan,nan,nan,nan,nan,nan,nan,nan,nan,nan,nan,nan,nan,nan,nan,nan,nan,nan,nan,nan,nan,nan,nan,nan,nan
nan,nan,nan,nan,nan,nan,nan,nan,nan,nan,nan,nan,nan,nan,nan,nan,nan,nan,nan,nan,nan,nan,nan,nan,nan,nan,nan,nan,nan,nan,nan,nan,nan,nan,nan,nan,nan,nan,nan,nan,nan,nan,nan,nan,nan,nan,nan,nan,nan,nan,nan,nan,nan,nan,nan,nan,nan,nan,nan,nan,nan,nan,nan,nan,nan,nan,nan,nan,nan,nan,nan,nan,nan,nan,nan,nan,nan,nan,nan,nan,nan,nan,nan,nan,nan,nan,nan,nan,nan,nan,nan,nan,nan,nan,nan
nan,nan,nan,nan,nan,nan,nan,nan,nan,nan,nan,nan,nan,nan,nan,nan,nan,nan,nan,nan,nan,nan,nan,nan,nan,nan,nan,nan,nan,nan,nan,nan,nan,nan,nan,nan,nan,nan,nan,nan,nan,nan,nan,nan,nan,nan,nan,nan,nan,nan,nan,nan,nan,nan,nan,nan,nan,nan,nan,nan,nan,nan,nan,nan,nan,nan,nan,nan,nan,nan,nan,nan,nan,nan,nan,nan,nan,nan,nan,nan,nan,nan,nan,nan,nan,nan,nan,nan,nan,nan,nan,nan,nan,nan,nan
nan,nan,nan,nan,nan,nan,nan,nan,nan,nan,nan,nan,nan,nan,nan,nan,nan,nan,nan,nan,nan,nan,nan,nan,nan,nan,nan,nan,nan,nan,nan,nan,nan,nan,nan,nan,nan,nan,nan,nan,nan,nan,nan,nan,nan,nan,nan,nan,nan,nan,nan,nan,nan,nan,nan,nan,nan,nan,nan,nan,nan,nan,nan,nan,nan,nan,nan,nan,nan,nan,nan,nan,nan,nan,nan,nan,nan,nan,nan,nan,nan,nan,nan,nan,nan,nan,nan,nan,nan,nan,nan,nan,nan,nan,nan
nan,nan,nan,nan,nan,nan,nan,nan,nan,nan,nan,nan,nan,nan,nan,nan,nan,nan,nan,nan,nan,nan,nan,nan,nan,nan,nan,nan,nan,nan,nan,nan,nan,nan,nan,nan,nan,nan,nan,nan,nan,nan,nan,nan,nan,nan,nan,nan,nan,nan,nan,nan,nan,nan,nan,nan,nan,nan,nan,nan,nan,nan,nan,nan,nan,nan,nan,nan,nan,nan,nan,nan,nan,nan,nan,nan,nan,nan,nan,nan,nan,nan,nan,nan,nan,nan,nan,nan,nan,nan,nan,nan,nan,nan,nan
nan,nan,nan,nan,nan,nan,nan,nan,nan,nan,nan,nan,nan,nan,nan,nan,nan,nan,nan,nan,nan,nan,nan,nan,nan,nan,nan,nan,nan,nan,nan,nan,nan,nan,nan,nan,nan,nan,nan,nan,nan,nan,nan,nan,nan,nan,nan,nan,nan,nan,nan,nan,nan,nan,nan,nan,nan,nan,nan,nan,nan,nan,nan,nan,nan,nan,nan,nan,nan,nan,nan,nan,nan,nan,nan,nan,nan,nan,nan,nan,nan,nan,nan,nan,nan,nan,nan,nan,nan,nan,nan,nan,nan,nan,nan
nan,nan,nan,nan,nan,nan,nan,nan,nan,nan,nan,nan,nan,nan,nan,nan,nan,nan,nan,nan,nan,nan,nan,nan,nan,nan,nan,nan,nan,nan,nan,nan,nan,nan,nan,nan,nan,nan,nan,nan,nan,nan,nan,nan,nan,nan,nan,nan,nan,nan,nan,nan,nan,nan,nan,nan,nan,nan,nan,nan,nan,nan,nan,nan,nan,nan,nan,nan,nan,nan,nan,nan,nan,nan,nan,nan,nan,nan,nan,nan,nan,nan,nan,nan,nan,nan,nan,nan,nan,nan,nan,nan,nan,nan,nan
nan,nan,nan,nan,nan,nan,nan,nan,nan,nan,nan,nan,nan,nan,nan,nan,nan,nan,nan,nan,nan,nan,nan,nan,nan,nan,nan,nan,nan,nan,nan,nan,nan,nan,nan,nan,nan,nan,nan,nan,nan,nan,nan,nan,nan,nan,nan,nan,nan,nan,nan,nan,nan,nan,nan,nan,nan,nan,nan,nan,nan,nan,nan,nan,nan,nan,nan,nan,nan,nan,nan,nan,nan,nan,nan,nan,nan,nan,nan,nan,nan,nan,nan,nan,nan,nan,nan,nan,nan,nan,nan,nan,nan,nan,nan
nan,nan,nan,nan,nan,nan,nan,nan,nan,nan,nan,nan,nan,nan,nan,nan,nan,nan,nan,nan,nan,nan,nan,nan,nan,nan,nan,nan,nan,nan,nan,nan,nan,nan,nan,nan,nan,nan,nan,nan,nan,nan,nan,nan,nan,nan,nan,nan,nan,nan,nan,nan,nan,nan,nan,nan,nan,nan,nan,nan,nan,nan,nan,nan,nan,nan,nan,nan,nan,nan,nan,nan,nan,nan,nan,nan,nan,nan,nan,nan,nan,nan,nan,nan,nan,nan,nan,nan,nan,nan,nan,nan,nan,nan,nan
nan,nan,nan,nan,nan,nan,nan,nan,nan,nan,nan,nan,nan,nan,nan,nan,nan,nan,nan,nan,nan,nan,nan,nan,nan,nan,nan,nan,nan,nan,nan,nan,nan,nan,nan,nan,nan,nan,nan,nan,nan,nan,nan,nan,nan,nan,nan,nan,nan,nan,nan,nan,nan,nan,nan,nan,nan,nan,nan,nan,nan,nan,nan,nan,nan,nan,nan,nan,nan,nan,nan,nan,nan,nan,nan,nan,nan,nan,nan,nan,nan,nan,nan,nan,nan,nan,nan,nan,nan,nan,nan,nan,nan,nan,nan
nan,nan,nan,nan,nan,nan,nan,nan,nan,nan,nan,nan,nan,nan,nan,nan,nan,nan,nan,nan,nan,nan,nan,nan,nan,nan,nan,nan,nan,nan,nan,nan,nan,nan,nan,nan,nan,nan,nan,nan,nan,nan,nan,nan,nan,nan,nan,nan,nan,nan,nan,nan,nan,nan,nan,nan,nan,nan,nan,nan,nan,nan,nan,nan,nan,nan,nan,nan,nan,nan,nan,nan,nan,nan,nan,nan,nan,nan,nan,nan,nan,nan,nan,nan,nan,nan,nan,nan,nan,nan,nan,nan,nan,nan,nan
nan,nan,nan,nan,nan,nan,nan,nan,nan,nan,nan,nan,nan,nan,nan,nan,nan,nan,nan,nan,nan,nan,nan,nan,nan,nan,nan,nan,nan,nan,nan,nan,nan,nan,nan,nan,nan,nan,nan,nan,nan,nan,nan,nan,nan,nan,nan,nan,nan,nan,nan,nan,nan,nan,nan,nan,nan,nan,nan,nan,nan,nan,nan,nan,nan,nan,nan,nan,nan,nan,nan,nan,nan,nan,nan,nan,nan,nan,nan,nan,nan,nan,nan,nan,nan,nan,nan,nan,nan,nan,nan,nan,nan,nan,nan
nan,nan,nan,nan,nan,nan,nan,nan,nan,nan,nan,nan,nan,nan,nan,nan,nan,nan,nan,nan,nan,nan,nan,nan,nan,nan,nan,nan,nan,nan,nan,nan,nan,nan,nan,nan,nan,nan,nan,nan,nan,nan,nan,nan,nan,nan,nan,nan,nan,nan,nan,nan,nan,nan,nan,nan,nan,nan,nan,nan,nan,nan,nan,nan,nan,nan,nan,nan,nan,nan,nan,nan,nan,nan,nan,nan,nan,nan,nan,nan,nan,nan,nan,nan,nan,nan,nan,nan,nan,nan,nan,nan,nan,nan,nan
nan,nan,nan,nan,nan,nan,nan,nan,nan,nan,nan,nan,nan,nan,nan,nan,nan,nan,nan,nan,nan,nan,nan,nan,nan,nan,nan,nan,nan,nan,nan,nan,nan,nan,nan,nan,nan,nan,nan,nan,nan,nan,nan,nan,nan,nan,nan,nan,nan,nan,nan,nan,nan,nan,nan,nan,nan,nan,nan,nan,nan,nan,nan,nan,nan,nan,nan,nan,nan,nan,nan,nan,nan,nan,nan,nan,nan,nan,nan,nan,nan,nan,nan,nan,nan,nan,nan,nan,nan,nan,nan,nan,nan,nan,nan
nan,nan,nan,nan,nan,nan,nan,nan,nan,nan,nan,nan,nan,nan,nan,nan,nan,nan,nan,nan,nan,nan,nan,nan,nan,nan,nan,nan,nan,nan,nan,nan,nan,nan,nan,nan,nan,nan,nan,nan,nan,nan,nan,nan,nan,nan,nan,nan,nan,nan,nan,nan,nan,nan,nan,nan,nan,nan,nan,nan,nan,nan,nan,nan,nan,nan,nan,nan,nan,nan,nan,nan,nan,nan,nan,nan,nan,nan,nan,nan,nan,nan,nan,nan,nan,nan,nan,nan,nan,nan,nan,nan,nan,nan,nan
nan,nan,nan,nan,nan,nan,nan,nan,nan,nan,nan,nan,nan,nan,nan,nan,nan,nan,nan,nan,nan,nan,nan,nan,nan,nan,nan,nan,nan,nan,nan,nan,nan,nan,nan,nan,nan,nan,nan,nan,nan,nan,nan,nan,nan,nan,nan,nan,nan,nan,nan,nan,nan,nan,nan,nan,nan,nan,nan,nan,nan,nan,nan,nan,nan,nan,nan,nan,nan,nan,nan,nan,nan,nan,nan,nan,nan,nan,nan,nan,nan,nan,nan,nan,nan,nan,nan,nan,nan,nan,nan,nan,nan,nan,nan
nan,nan,nan,nan,nan,nan,nan,nan,nan,nan,nan,nan,nan,nan,nan,nan,nan,nan,nan,nan,nan,nan,nan,nan,nan,nan,nan,nan,nan,nan,nan,nan,nan,nan,nan,nan,nan,nan,nan,nan,nan,nan,nan,nan,nan,nan,nan,nan,nan,nan,nan,nan,nan,nan,nan,nan,nan,nan,nan,nan,nan,nan,nan,nan,nan,nan,nan,nan,nan,nan,nan,nan,nan,nan,nan,nan,nan,nan,nan,nan,nan,nan,nan,nan,nan,nan,nan,nan,nan,nan,nan,nan,nan,nan,nan
nan,nan,nan,nan,nan,nan,nan,nan,nan,nan,nan,nan,nan,nan,nan,nan,nan,nan,nan,nan,nan,nan,nan,nan,nan,nan,nan,nan,nan,nan,nan,nan,nan,nan,nan,nan,nan,nan,nan,nan,nan,nan,nan,nan,nan,nan,nan,nan,nan,nan,nan,nan,nan,nan,nan,nan,nan,nan,nan,nan,nan,nan,nan,nan,nan,nan,nan,nan,nan,nan,nan,nan,nan,nan,nan,nan,nan,nan,nan,nan,nan,nan,nan,nan,nan,nan,nan,nan,nan,nan,nan,nan,nan,nan,nan
nan,nan,nan,nan,nan,nan,nan,nan,nan,nan,nan,nan,nan,nan,nan,nan,nan,nan,nan,nan,nan,nan,nan,nan,nan,nan,nan,nan,nan,nan,nan,nan,nan,nan,nan,nan,nan,nan,nan,nan,nan,nan,nan,nan,nan,nan,nan,nan,nan,nan,nan,nan,nan,nan,nan,nan,nan,nan,nan,nan,nan,nan,nan,nan,nan,nan,nan,nan,nan,nan,nan,nan,nan,nan,nan,nan,nan,nan,nan,nan,nan,nan,nan,nan,nan,nan,nan,nan,nan,nan,nan,nan,nan,nan,nan
nan,nan,nan,nan,nan,nan,nan,nan,nan,nan,nan,nan,nan,nan,nan,nan,nan,nan,nan,nan,nan,nan,nan,nan,nan,nan,nan,nan,nan,nan,nan,nan,nan,nan,nan,nan,nan,nan,nan,nan,nan,nan,nan,nan,nan,nan,nan,nan,nan,nan,nan,nan,nan,nan,nan,nan,nan,nan,nan,nan,nan,nan,nan,nan,nan,nan,nan,nan,nan,nan,nan,nan,nan,nan,nan,nan,nan,nan,nan,nan,nan,nan,nan,nan,nan,nan,nan,nan,nan,nan,nan,nan,nan,nan,nan
nan,nan,nan,nan,nan,nan,nan,nan,nan,nan,nan,nan,nan,nan,nan,nan,nan,nan,nan,nan,nan,nan,nan,nan,nan,nan,nan,nan,nan,nan,nan,nan,nan,nan,nan,nan,nan,nan,nan,nan,nan,nan,nan,nan,nan,nan,nan,nan,nan,nan,nan,nan,nan,nan,nan,nan,nan,nan,nan,nan,nan,nan,nan,nan,nan,nan,nan,nan,nan,nan,nan,nan,nan,nan,nan,nan,nan,nan,nan,nan,nan,nan,nan,nan,nan,nan,nan,nan,nan,nan,nan,nan,nan,nan,nan
nan,nan,nan,nan,nan,nan,nan,nan,nan,nan,nan,nan,nan,nan,nan,nan,nan,nan,nan,nan,nan,nan,nan,nan,nan,nan,nan,nan,nan,nan,nan,nan,nan,nan,nan,nan,nan,nan,nan,nan,nan,nan,nan,nan,nan,nan,nan,nan,nan,nan,nan,nan,nan,nan,nan,nan,nan,nan,nan,nan,nan,nan,nan,nan,nan,nan,nan,nan,nan,nan,nan,nan,nan,nan,nan,nan,nan,nan,nan,nan,nan,nan,nan,nan,nan,nan,nan,nan,nan,nan,nan,nan,nan,nan,nan
nan,nan,nan,nan,nan,nan,nan,nan,nan,nan,nan,nan,nan,nan,nan,nan,nan,nan,nan,nan,nan,nan,nan,nan,nan,nan,nan,nan,nan,nan,nan,nan,nan,nan,nan,nan,nan,nan,nan,nan,nan,nan,nan,nan,nan,nan,nan,nan,nan,nan,nan,nan,nan,nan,nan,nan,nan,nan,nan,nan,nan,nan,nan,nan,nan,nan,nan,nan,nan,nan,nan,nan,nan,nan,nan,nan,nan,nan,nan,nan,nan,nan,nan,nan,nan,nan,nan,nan,nan,nan,nan,nan,nan,nan,nan
nan,nan,nan,nan,nan,nan,nan,nan,nan,nan,nan,nan,nan,nan,nan,nan,nan,nan,nan,nan,nan,nan,nan,nan,nan,nan,nan,nan,nan,nan,nan,nan,nan,nan,nan,nan,nan,nan,nan,nan,nan,nan,nan,nan,nan,nan,nan,nan,nan,nan,nan,nan,nan,nan,nan,nan,nan,nan,nan,nan,nan,nan,nan,nan,nan,nan,nan,nan,nan,nan,nan,nan,nan,nan,nan,nan,nan,nan,nan,nan,nan,nan,nan,nan,nan,nan,nan,nan,nan,nan,nan,nan,nan,nan,nan
nan,nan,nan,nan,nan,nan,nan,nan,nan,nan,nan,nan,nan,nan,nan,nan,nan,nan,nan,nan,nan,nan,nan,nan,nan,nan,nan,nan,nan,nan,nan,nan,nan,nan,nan,nan,nan,nan,nan,nan,nan,nan,nan,nan,nan,nan,nan,nan,nan,nan,nan,nan,nan,nan,nan,nan,nan,nan,nan,nan,nan,nan,nan,nan,nan,nan,nan,nan,nan,nan,nan,nan,nan,nan,nan,nan,nan,nan,nan,nan,nan,nan,nan,nan,nan,nan,nan,nan,nan,nan,nan,nan,nan,nan,nan
nan,nan,nan,nan,nan,nan,nan,nan,nan,nan,nan,nan,nan,nan,nan,nan,nan,nan,nan,nan,nan,nan,nan,nan,nan,nan,nan,nan,nan,nan,nan,nan,nan,nan,nan,nan,nan,nan,nan,nan,nan,nan,nan,nan,nan,nan,nan,nan,nan,nan,nan,nan,nan,nan,nan,nan,nan,nan,nan,nan,nan,nan,nan,nan,nan,nan,nan,nan,nan,nan,nan,nan,nan,nan,nan,nan,nan,nan,nan,nan,nan,nan,nan,nan,nan,nan,nan,nan,nan,nan,nan,nan,nan,nan,nan
nan,nan,nan,nan,nan,nan,nan,nan,nan,nan,nan,nan,nan,nan,nan,nan,nan,nan,nan,nan,nan,nan,nan,nan,nan,nan,nan,nan,nan,nan,nan,nan,nan,nan,nan,nan,nan,nan,nan,nan,nan,nan,nan,nan,nan,nan,nan,nan,nan,nan,nan,nan,nan,nan,nan,nan,nan,nan,nan,nan,nan,nan,nan,nan,nan,nan,nan,nan,nan,nan,nan,nan,nan,nan,nan,nan,nan,nan,nan,nan,nan,nan,nan,nan,nan,nan,nan,nan,nan,nan,nan,nan,nan,nan,nan
nan,nan,nan,nan,nan,nan,nan,nan,nan,nan,nan,nan,nan,nan,nan,nan,nan,nan,nan,nan,nan,nan,nan,nan,nan,nan,nan,nan,nan,nan,nan,nan,nan,nan,nan,nan,nan,nan,nan,nan,nan,nan,nan,nan,nan,nan,nan,nan,nan,nan,nan,nan,nan,nan,nan,nan,nan,nan,nan,nan,nan,nan,nan,nan,nan,nan,nan,nan,nan,nan,nan,nan,nan,nan,nan,nan,nan,nan,nan,nan,nan,nan,nan,nan,nan,nan,nan,nan,nan,nan,nan,nan,nan,nan,nan
nan,nan,nan,nan,nan,nan,nan,nan,nan,nan,nan,nan,nan,nan,nan,nan,nan,nan,nan,nan,nan,nan,nan,nan,nan,nan,nan,nan,nan,nan,nan,nan,nan,nan,nan,nan,nan,nan,nan,nan,nan,nan,nan,nan,nan,nan,nan,nan,nan,nan,nan,nan,nan,nan,nan,nan,nan,nan,nan,nan,nan,nan,nan,nan,nan,nan,nan,nan,nan,nan,nan,nan,nan,nan,nan,nan,nan,nan,nan,nan,nan,nan,nan,nan,nan,nan,nan,nan,nan,nan,nan,nan,nan,nan,nan
nan,nan,nan,nan,nan,nan,nan,nan,nan,nan,nan,nan,nan,nan,nan,nan,nan,nan,nan,nan,nan,nan,nan,nan,nan,nan,nan,nan,nan,nan,nan,nan,nan,nan,nan,nan,nan,nan,nan,nan,nan,nan,nan,nan,nan,nan,nan,nan,nan,nan,nan,nan,nan,nan,nan,nan,nan,nan,nan,nan,nan,nan,nan,nan,nan,nan,nan,nan,nan,nan,nan,nan,nan,nan,nan,nan,nan,nan,nan,nan,nan,nan,nan,nan,nan,nan,nan,nan,nan,nan,nan,nan,nan,nan,nan
nan,nan,nan,nan,nan,nan,nan,nan,nan,nan,nan,nan,nan,nan,nan,nan,nan,nan,nan,nan,nan,nan,nan,nan,nan,nan,nan,nan,nan,nan,nan,nan,nan,nan,nan,nan,nan,nan,nan,nan,nan,nan,nan,nan,nan,nan,nan,nan,nan,nan,nan,nan,nan,nan,nan,nan,nan,nan,nan,nan,nan,nan,nan,nan,nan,nan,nan,nan,nan,nan,nan,nan,nan,nan,nan,nan,nan,nan,nan,nan,nan,nan,nan,nan,nan,nan,nan,nan,nan,nan,nan,nan,nan,nan,nan
nan,nan,nan,nan,nan,nan,nan,nan,nan,nan,nan,nan,nan,nan,nan,nan,nan,nan,nan,nan,nan,nan,nan,nan,nan,nan,nan,nan,nan,nan,nan,nan,nan,nan,nan,nan,nan,nan,nan,nan,nan,nan,nan,nan,nan,nan,nan,nan,nan,nan,nan,nan,nan,nan,nan,nan,nan,nan,nan,nan,nan,nan,nan,nan,nan,nan,nan,nan,nan,nan,nan,nan,nan,nan,nan,nan,nan,nan,nan,nan,nan,nan,nan,nan,nan,nan,nan,nan,nan,nan,nan,nan,nan,nan,nan
nan,nan,nan,nan,nan,nan,nan,nan,nan,nan,nan,nan,nan,nan,nan,nan,nan,nan,nan,nan,nan,nan,nan,nan,nan,nan,nan,nan,nan,nan,nan,nan,nan,nan,nan,nan,nan,nan,nan,nan,nan,nan,nan,nan,nan,nan,nan,nan,nan,nan,nan,nan,nan,nan,nan,nan,nan,nan,nan,nan,nan,nan,nan,nan,nan,nan,nan,nan,nan,nan,nan,nan,nan,nan,nan,nan,nan,nan,nan,nan,nan,nan,nan,nan,nan,nan,nan,nan,nan,nan,nan,nan,nan,nan,nan
nan,nan,nan,nan,nan,nan,nan,nan,nan,nan,nan,nan,nan,nan,nan,nan,nan,nan,nan,nan,nan,nan,nan,nan,nan,nan,nan,nan,nan,nan,nan,nan,nan,nan,nan,nan,nan,nan,nan,nan,nan,nan,nan,nan,nan,nan,nan,nan,nan,nan,nan,nan,nan,nan,nan,nan,nan,nan,nan,nan,nan,nan,nan,nan,nan,nan,nan,nan,nan,nan,nan,nan,nan,nan,nan,nan,nan,nan,nan,nan,nan,nan,nan,nan,nan,nan,nan,nan,nan,nan,nan,nan,nan,nan,nan
nan,nan,nan,nan,nan,nan,nan,nan,nan,nan,nan,nan,nan,nan,nan,nan,nan,nan,nan,nan,nan,nan,nan,nan,nan,nan,nan,nan,nan,nan,nan,nan,nan,nan,nan,nan,nan,nan,nan,nan,nan,nan,nan,nan,nan,nan,nan,nan,nan,nan,nan,nan,nan,nan,nan,nan,nan,nan,nan,nan,nan,nan,nan,nan,nan,nan,nan,nan,nan,nan,nan,nan,nan,nan,nan,nan,nan,nan,nan,nan,nan,nan,nan,nan,nan,nan,nan,nan,nan,nan,nan,nan,nan,nan,nan
nan,nan,nan,nan,nan,nan,nan,nan,nan,nan,nan,nan,nan,nan,nan,nan,nan,nan,nan,nan,nan,nan,nan,nan,nan,nan,nan,nan,nan,nan,nan,nan,nan,nan,nan,nan,nan,nan,nan,nan,nan,nan,nan,nan,nan,nan,nan,nan,nan,nan,nan,nan,nan,nan,nan,nan,nan,nan,nan,nan,nan,nan,nan,nan,nan,nan,nan,nan,nan,nan,nan,nan,nan,nan,nan,nan,nan,nan,nan,nan,nan,nan,nan,nan,nan,nan,nan,nan,nan,nan,nan,nan,nan,nan,nan
nan,nan,nan,nan,nan,nan,nan,nan,nan,nan,nan,nan,nan,nan,nan,nan,nan,nan,nan,nan,nan,nan,nan,nan,nan,nan,nan,nan,nan,nan,nan,nan,nan,nan,nan,nan,nan,nan,nan,nan,nan,nan,nan,nan,nan,nan,nan,nan,nan,nan,nan,nan,nan,nan,nan,nan,nan,nan,nan,nan,nan,nan,nan,nan,nan,nan,nan,nan,nan,nan,nan,nan,nan,nan,nan,nan,nan,nan,nan,nan,nan,nan,nan,nan,nan,nan,nan,nan,nan,nan,nan,nan,nan,nan,nan
nan,nan,nan,nan,nan,nan,nan,nan,nan,nan,nan,nan,nan,nan,nan,nan,nan,nan,nan,nan,nan,nan,nan,nan,nan,nan,nan,nan,nan,nan,nan,nan,nan,nan,nan,nan,nan,nan,nan,nan,nan,nan,nan,nan,nan,nan,nan,nan,nan,nan,nan,nan,nan,nan,nan,nan,nan,nan,nan,nan,nan,nan,nan,nan,nan,nan,nan,nan,nan,nan,nan,nan,nan,nan,nan,nan,nan,nan,nan,nan,nan,nan,nan,nan,nan,nan,nan,nan,nan,nan,nan,nan,nan,nan,nan
nan,nan,nan,nan,nan,nan,nan,nan,nan,nan,nan,nan,nan,nan,nan,nan,nan,nan,nan,nan,nan,nan,nan,nan,nan,nan,nan,nan,nan,nan,nan,nan,nan,nan,nan,nan,nan,nan,nan,nan,nan,nan,nan,nan,nan,nan,nan,nan,nan,nan,nan,nan,nan,nan,nan,nan,nan,nan,nan,nan,nan,nan,nan,nan,nan,nan,nan,nan,nan,nan,nan,nan,nan,nan,nan,nan,nan,nan,nan,nan,nan,nan,nan,nan,nan,nan,nan,nan,nan,nan,nan,nan,nan,nan,nan
nan,nan,nan,nan,nan,nan,nan,nan,nan,nan,nan,nan,nan,nan,nan,nan,nan,nan,nan,nan,nan,nan,nan,nan,nan,nan,nan,nan,nan,nan,nan,nan,nan,nan,nan,nan,nan,nan,nan,nan,nan,nan,nan,nan,nan,nan,nan,nan,nan,nan,nan,nan,nan,nan,nan,nan,nan,nan,nan,nan,nan,nan,nan,nan,nan,nan,nan,nan,nan,nan,nan,nan,nan,nan,nan,nan,nan,nan,nan,nan,nan,nan,nan,nan,nan,nan,nan,nan,nan,nan,nan,nan,nan,nan,nan
nan,nan,nan,nan,nan,nan,nan,nan,nan,nan,nan,nan,nan,nan,nan,nan,nan,nan,nan,nan,nan,nan,nan,nan,nan,nan,nan,nan,nan,nan,nan,nan,nan,nan,nan,nan,nan,nan,nan,nan,nan,nan,nan,nan,nan,nan,nan,nan,nan,nan,nan,nan,nan,nan,nan,nan,nan,nan,nan,nan,nan,nan,nan,nan,nan,nan,nan,nan,nan,nan,nan,nan,nan,nan,nan,nan,nan,nan,nan,nan,nan,nan,nan,nan,nan,nan,nan,nan,nan,nan,nan,nan,nan,nan,nan
nan,nan,nan,nan,nan,nan,nan,nan,nan,nan,nan,nan,nan,nan,nan,nan,nan,nan,nan,nan,nan,nan,nan,nan,nan,nan,nan,nan,nan,nan,nan,nan,nan,nan,nan,nan,nan,nan,nan,nan,nan,nan,nan,nan,nan,nan,nan,nan,nan,nan,nan,nan,nan,nan,nan,nan,nan,nan,nan,nan,nan,nan,nan,nan,nan,nan,nan,nan,nan,nan,nan,nan,nan,nan,nan,nan,nan,nan,nan,nan,nan,nan,nan,nan,nan,nan,nan,nan,nan,nan,nan,nan,nan,nan,nan
nan,nan,nan,nan,nan,nan,nan,nan,nan,nan,nan,nan,nan,nan,nan,nan,nan,nan,nan,nan,nan,nan,nan,nan,nan,nan,nan,nan,nan,nan,nan,nan,nan,nan,nan,nan,nan,nan,nan,nan,nan,nan,nan,nan,nan,nan,nan,nan,nan,nan,nan,nan,nan,nan,nan,nan,nan,nan,nan,nan,nan,nan,nan,nan,nan,nan,nan,nan,nan,nan,nan,nan,nan,nan,nan,nan,nan,nan,nan,nan,nan,nan,nan,nan,nan,nan,nan,nan,nan,nan,nan,nan,nan,nan,nan
nan,nan,nan,nan,nan,nan,nan,nan,nan,nan,nan,nan,nan,nan,nan,nan,nan,nan,nan,nan,nan,nan,nan,nan,nan,nan,nan,nan,nan,nan,nan,nan,nan,nan,nan,nan,nan,nan,nan,nan,nan,nan,nan,nan,nan,nan,nan,nan,nan,nan,nan,nan,nan,nan,nan,nan,nan,nan,nan,nan,nan,nan,nan,nan,nan,nan,nan,nan,nan,nan,nan,nan,nan,nan,nan,nan,nan,nan,nan,nan,nan,nan,nan,nan,nan,nan,nan,nan,nan,nan,nan,nan,nan,nan,nan
nan,nan,nan,nan,nan,nan,nan,nan,nan,nan,nan,nan,nan,nan,nan,nan,nan,nan,nan,nan,nan,nan,nan,nan,nan,nan,nan,nan,nan,nan,nan,nan,nan,nan,nan,nan,nan,nan,nan,nan,nan,nan,nan,nan,nan,nan,nan,nan,nan,nan,nan,nan,nan,nan,nan,nan,nan,nan,nan,nan,nan,nan,nan,nan,nan,nan,nan,nan,nan,nan,nan,nan,nan,nan,nan,nan,nan,nan,nan,nan,nan,nan,nan,nan,nan,nan,nan,nan,nan,nan,nan,nan,nan,nan,nan
nan,nan,nan,nan,nan,nan,nan,nan,nan,nan,nan,nan,nan,nan,nan,nan,nan,nan,nan,nan,nan,nan,nan,nan,nan,nan,nan,nan,nan,nan,nan,nan,nan,nan,nan,nan,nan,nan,nan,nan,nan,nan,nan,nan,nan,nan,nan,nan,nan,nan,nan,nan,nan,nan,nan,nan,nan,nan,nan,nan,nan,nan,nan,nan,nan,nan,nan,nan,nan,nan,nan,nan,nan,nan,nan,nan,nan,nan,nan,nan,nan,nan,nan,nan,nan,nan,nan,nan,nan,nan,nan,nan,nan,nan,nan
nan,nan,nan,nan,nan,nan,nan,nan,nan,nan,nan,nan,nan,nan,nan,nan,nan,nan,nan,nan,nan,nan,nan,nan,nan,nan,nan,nan,nan,nan,nan,nan,nan,nan,nan,nan,nan,nan,nan,nan,nan,nan,nan,nan,nan,nan,nan,nan,nan,nan,nan,nan,nan,nan,nan,nan,nan,nan,nan,nan,nan,nan,nan,nan,nan,nan,nan,nan,nan,nan,nan,nan,nan,nan,nan,nan,nan,nan,nan,nan,nan,nan,nan,nan,nan,nan,nan,nan,nan,nan,nan,nan,nan,nan,nan
nan,nan,nan,nan,nan,nan,nan,nan,nan,nan,nan,nan,nan,nan,nan,nan,nan,nan,nan,nan,nan,nan,nan,nan,nan,nan,nan,nan,nan,nan,nan,nan,nan,nan,nan,nan,nan,nan,nan,nan,nan,nan,nan,nan,nan,nan,nan,nan,nan,nan,nan,nan,nan,nan,nan,nan,nan,nan,nan,nan,nan,nan,nan,nan,nan,nan,nan,nan,nan,nan,nan,nan,nan,nan,nan,nan,nan,nan,nan,nan,nan,nan,nan,nan,nan,nan,nan,nan,nan,nan,nan,nan,nan,nan,nan
nan,nan,nan,nan,nan,nan,nan,nan,nan,nan,nan,nan,nan,nan,nan,nan,nan,nan,nan,nan,nan,nan,nan,nan,nan,nan,nan,nan,nan,nan,nan,nan,nan,nan,nan,nan,nan,nan,nan,nan,nan,nan,nan,nan,nan,nan,nan,nan,nan,nan,nan,nan,nan,nan,nan,nan,nan,nan,nan,nan,nan,nan,nan,nan,nan,nan,nan,nan,nan,nan,nan,nan,nan,nan,nan,nan,nan,nan,nan,nan,nan,nan,nan,nan,nan,nan,nan,nan,nan,nan,nan,nan,nan,nan,nan
nan,nan,nan,nan,nan,nan,nan,nan,nan,nan,nan,nan,nan,nan,nan,nan,nan,nan,nan,nan,nan,nan,nan,nan,nan,nan,nan,nan,nan,nan,nan,nan,nan,nan,nan,nan,nan,nan,nan,nan,nan,nan,nan,nan,nan,nan,nan,nan,nan,nan,nan,nan,nan,nan,nan,nan,nan,nan,nan,nan,nan,nan,nan,nan,nan,nan,nan,nan,nan,nan,nan,nan,nan,nan,nan,nan,nan,nan,nan,nan,nan,nan,nan,nan,nan,nan,nan,nan,nan,nan,nan,nan,nan,nan,nan
nan,nan,nan,nan,nan,nan,nan,nan,nan,nan,nan,nan,nan,nan,nan,nan,nan,nan,nan,nan,nan,nan,nan,nan,nan,nan,nan,nan,nan,nan,nan,nan,nan,nan,nan,nan,nan,nan,nan,nan,nan,nan,nan,nan,nan,nan,nan,nan,nan,nan,nan,nan,nan,nan,nan,nan,nan,nan,nan,nan,nan,nan,nan,nan,nan,nan,nan,nan,nan,nan,nan,nan,nan,nan,nan,nan,nan,nan,nan,nan,nan,nan,nan,nan,nan,nan,nan,nan,nan,nan,nan,nan,nan,nan,nan
nan,nan,nan,nan,nan,nan,nan,nan,nan,nan,nan,nan,nan,nan,nan,nan,nan,nan,nan,nan,nan,nan,nan,nan,nan,nan,nan,nan,nan,nan,nan,nan,nan,nan,nan,nan,nan,nan,nan,nan,nan,nan,nan,nan,nan,nan,nan,nan,nan,nan,nan,nan,nan,nan,nan,nan,nan,nan,nan,nan,nan,nan,nan,nan,nan,nan,nan,nan,nan,nan,nan,nan,nan,nan,nan,nan,nan,nan,nan,nan,nan,nan,nan,nan,nan,nan,nan,nan,nan,nan,nan,nan,nan,nan,nan
nan,nan,nan,nan,nan,nan,nan,nan,nan,nan,nan,nan,nan,nan,nan,nan,nan,nan,nan,nan,nan,nan,nan,nan,nan,nan,nan,nan,nan,nan,nan,nan,nan,nan,nan,nan,nan,nan,nan,nan,nan,nan,nan,nan,nan,nan,nan,nan,nan,nan,nan,nan,nan,nan,nan,nan,nan,nan,nan,nan,nan,nan,nan,nan,nan,nan,nan,nan,nan,nan,nan,nan,nan,nan,nan,nan,nan,nan,nan,nan,nan,nan,nan,nan,nan,nan,nan,nan,nan,nan,nan,nan,nan,nan,nan
nan,nan,nan,nan,nan,nan,nan,nan,nan,nan,nan,nan,nan,nan,nan,nan,nan,nan,nan,nan,nan,nan,nan,nan,nan,nan,nan,nan,nan,nan,nan,nan,nan,nan,nan,nan,nan,nan,nan,nan,nan,nan,nan,nan,nan,nan,nan,nan,nan,nan,nan,nan,nan,nan,nan,nan,nan,nan,nan,nan,nan,nan,nan,nan,nan,nan,nan,nan,nan,nan,nan,nan,nan,nan,nan,nan,nan,nan,nan,nan,nan,nan,nan,nan,nan,nan,nan,nan,nan,nan,nan,nan,nan,nan,nan
nan,nan,nan,nan,nan,nan,nan,nan,nan,nan,nan,nan,nan,nan,nan,nan,nan,nan,nan,nan,nan,nan,nan,nan,nan,nan,nan,nan,nan,nan,nan,nan,nan,nan,nan,nan,nan,nan,nan,nan,nan,nan,nan,nan,nan,nan,nan,nan,nan,nan,nan,nan,nan,nan,nan,nan,nan,nan,nan,nan,nan,nan,nan,nan,nan,nan,nan,nan,nan,nan,nan,nan,nan,nan,nan,nan,nan,nan,nan,nan,nan,nan,nan,nan,nan,nan,nan,nan,nan,nan,nan,nan,nan,nan,nan
