3.336,5.9746,3.7762,2.0766,3.6771,13.133,2.0573,7.6744,5.9414,5.9134,2.0738,4.3279,3.7532,10.07,1.7363,16.2,5.4717,2.035,3.3689,2.0401,2.0647,5.9741,7.2378,1.3384,19.535,1.365,1.4238,5.9598,9.5602,8.5603,8.3565,6.8755,22.936,5.9636,1.374,8.6318,9.2279,2.2296,3.7885,1.4707,2.0756,2.0409,8.5451,2.088,1.7345,2.0594,5.9627,6.2635,7.0386,3.6636,5.9567,3.9369,6.9384,2.045,7.1284,5.9587,1.7366,3.6195,2.6749,1.4371,4.188,5.9401,8.6413,2.664,6.8437,4.4434,8.3716,5.3337,0.89686,2.7035,2.0889,23.436,7.1322,0.76304,7.074,2.1398,0.73721,5.5724,4.9386,1.7592,0.60499,1.0714,2.0698,1.4601,6.0313,2.0048,2.0609,3.7606,4.9577,7.8641,2.6929,5.4114,22.973,6.9086,2.0916,8.4657,7.0387,2.0391,3.8034,1.3728,1.4323,2.0682,0.83902,2.0367,1.356,3.6531,7.33,1.7546,10.066,18.657,2.9445,1.4246,7.5911,5.9369,5.9605,2.1705,1.4392,4.4306,2.1309,5.3865,6.9717,8.3913,6.962,1.297
3.6742,6.1016,5.4363,2.1726,3.7747,14.074,2.1389,8.3047,7.403,6.0431,3.6678,8.3915,5.4393,10.167,3.6865,23.442,6.807,3.7619,3.6898,2.1276,2.1635,7.0402,7.3624,1.4285,23.444,1.4433,1.5766,6.0287,10.296,9.397,8.4639,7.6676,23.457,6.065,1.7398,12.696,9.3586,2.6021,3.8681,1.605,6.8756,2.1591,22.925,14.296,7.5638,19.902,6.0598,9.3404,7.702,3.7983,6.0706,4.0598,17.075,2.6996,8.3405,6.0661,2.6412,5.3428,2.7975,1.7454,5.3541,38.527,8.9034,5.3687,7.0427,4.5571,8.4693,5.4777,2.0597,4.4299,5.96,23.539,8.4444,5.4941,7.1416,3.9757,1.7445,7.0701,6.0219,3.5642,1.3623,1.2002,2.1593,6.9391,14.303,2.103,4.3372,7.0002,5.9379,8.468,2.7932,5.5356,23.119,7.0293,4.0733,9.3266,10.311,3.7542,5.9558,6.8359,6.9312,2.1604,0.99922,10.329,1.4321,3.802,10.541,5.928,10.137,18.775,3.2787,2.6411,19.074,10.459,6.471,2.2964,2.5681,4.5541,22.496,5.5067,8.3413,16.768,7.574,3.1278
3.8011,8.2606,5.5601,5.2783,4.4056,14.358,6.8099,19.838,7.4734,14.298,3.8737,10.043,5.5422,19.936,5.5382,23.558,7.0297,3.9028,5.9317,3.6346,15.868,10.063,8.4037,2.6075,25.27,3.57,1.7401,8.1659,10.597,10.228,22.443,7.8361,25.369,8.3645,5.4333,13.723,12.571,10.8,4.0442,4.7279,7.2336,3.6687,23.444,22.538,54.204,20.055,7.0599,20.959,14.262,5.974,7.6703,5.4397,22.952,7.0647,8.4376,6.8276,2.7986,5.4709,6.8957,1.8574,5.4719,39.47,12.971,5.9426,12.833,6.9663,12.936,5.9776,2.1581,5.3946,6.9213,26.186,8.9637,6.4398,8.3647,5.956,3.5727,10.303,6.1728,3.6918,1.464,4.5264,6.9282,10.075,16.289,5.3732,5.3337,7.0702,6.1096,8.6569,6.8058,12.227,32.62,18.22,4.2012,12.629,13.1,7.0274,7.6708,7.2297,7.5328,2.7038,2.5899,11.858,3.9424,6.9334,12.427,6.0734,15.742,25.371,6.8235,5.9605,23.001,12.598,6.5923,5.3939,6.9895,7.0562,22.567,14.705,9.5266,23.499,9.5682,3.471
5.3209,13.858,5.9671,6.8013,5.3425,23.489,6.968,26.156,15.825,16.742,5.4206,12.736,7.5658,26.169,7.5648,25.266,7.1616,5.335,6.3968,3.7721,15.971,10.17,9.7398,5.5036,26.158,3.668,2.1883,8.3389,10.786,10.672,26.164,8.3364,26.187,8.4717,5.6019,17.066,12.804,13.066,5.3328,5.3654,8.5039,3.7737,23.555,22.993,54.9,20.137,7.1411,22.986,14.442,7.0684,8.3361,5.9958,23.106,7.1637,10.666,6.9386,3.174,7.4329,9.8971,5.5297,5.9083,40.276,26.191,6.0644,14.208,8.4426,13.062,6.0666,11.661,5.5341,7.1322,26.261,9.3378,6.9943,10.701,6.0609,3.6642,10.921,7.2985,5.3577,1.8753,6.9277,7.7923,10.202,16.373,5.6726,5.433,7.2416,6.4442,8.8638,8.473,14.768,32.767,23.531,7.0664,14.132,19.09,7.168,8.3731,7.5991,12.736,3.6729,7.7048,11.977,5.4412,7.7329,12.565,6.9254,22.932,25.564,12.632,8.4665,23.103,14.993,7.3639,6.1579,8.9293,7.1343,22.97,14.826,16.757,26.071,12.665,5.3116
5.4619,13.969,6.0687,6.9442,6.9391,23.636,8.4267,26.265,23.555,27.907,6.4593,12.874,16.961,26.276,7.7654,25.401,8.2921,5.4787,6.4999,5.31,23.444,13.866,12.571,5.9614,26.331,6.5086,2.3047,13.365,16.72,12.588,26.271,12.603,26.272,25.635,6.1621,17.295,16.288,14.322,6.9288,7.3659,14.129,7.6083,26.233,29.258,55.852,23.006,26.141,23.109,17.933,7.7031,10.106,6.4791,23.432,19.921,10.762,13.868,3.8289,9.8288,12.808,6.46,5.9945,40.39,26.262,7.1298,23.009,9.4049,22.502,14.165,11.796,5.9029,10.535,27.137,10.032,7.5321,12.601,10.036,6.4739,11.024,7.5666,7.0025,3.8402,7.2025,8.5376,13.634,16.801,5.9297,7.3909,7.3054,7.4662,9.0313,14.146,14.872,47.068,24.91,8.4061,14.635,19.66,8.0932,12.725,11.857,17.076,5.9585,13.462,13.136,6.4728,7.8374,18.604,9.0259,23.033,26.336,12.724,11.699,26.267,15.963,10.065,6.269,12.464,8.2022,23.06,26.175,16.871,26.267,16.405,5.5378
7.3523,25.893,7.3959,7.3401,7.1388,24.909,17.032,31.467,24.94,32.671,6.6314,13.719,26.873,34.34,9.0764,25.535,8.4338,8.3648,7.6927,6.7903,23.571,17.033,13.304,6.961,44.339,6.6271,2.4712,13.509,16.937,12.956,29.633,12.839,31.819,26.171,6.9348,18.888,18.907,27.967,7.1941,7.494,14.237,7.8628,27.131,29.406,58.137,23.105,26.242,23.504,22.952,8.4886,13.895,6.622,25.273,20.042,15.792,15.363,3.9412,12.573,23.02,6.6042,7.3731,54.409,26.655,7.2647,23.106,9.7624,23.93,16.003,11.965,6.0713,10.629,65.317,11.037,8.0966,13.296,10.161,6.9268,12.259,9.4415,7.2226,5.5059,11.877,8.6411,13.775,19.098,6.9262,9.106,8.3984,7.603,12.406,26.137,23.727,47.201,25.027,8.5313,17.063,19.803,9.8256,12.832,13.705,20.828,6.0619,13.792,23.005,6.9327,8.3687,18.906,9.2991,23.708,31.003,14.101,11.831,26.37,26.333,16.734,6.9691,12.573,12.633,26.171,26.285,20.793,27.94,16.523,6.4971
7.4755,26.155,14.26,7.6935,8.7706,27.139,17.172,47.861,25.03,49.984,6.9753,16.361,31.855,40.271,9.67,27.143,9.8342,10.069,8.6572,7.0409,24.937,17.17,14.269,7.3619,61.961,7.5712,2.6949,13.936,20.768,13.104,29.753,17.034,41.841,26.264,8.2666,19.102,22.987,29.654,7.3344,8.2399,14.441,9.3741,27.238,44.352,60.566,23.409,29.602,38.19,23.107,10.063,15.73,6.9905,26.333,26.64,17.036,19.837,6.9733,12.675,23.443,8.3982,7.4617,66.257,26.839,7.6619,23.471,14.136,26.177,18.642,12.24,7.7901,17.067,79.889,17.625,8.3367,13.391,13.874,7.1062,12.689,10.766,7.3043,6.2279,11.992,9.3965,25.972,20.128,7.0434,9.7991,14.261,7.8957,12.541,31.002,23.999,47.826,26.17,9.4285,17.162,26.166,10.03,22.591,14.335,23.436,7.0417,14.186,23.103,7.4607,10.076,19.001,11.934,26.184,31.104,16.861,13.165,31.804,29.637,16.827,7.1039,12.729,14.133,26.269,26.634,31.726,28.063,19.122,6.969
10.002,26.27,15.752,8.5542,10.497,27.967,24.806,61.893,26.327,54.393,7.4739,17.361,45.391,40.391,10.155,35.585,12.634,10.207,9.0934,10.955,25.262,26.153,16.235,10.1,68.731,8.1057,3.5369,15.871,24.337,13.292,38.696,22.972,41.931,38.563,8.403,19.202,23.105,29.731,7.5609,8.3661,17.001,10.062,31.068,47.038,60.734,23.531,29.724,38.404,23.436,10.275,19.104,7.1018,31,31.865,17.125,19.965,9.5648,13.4,23.541,8.5109,8.9344,66.404,31.069,7.7658,24.965,22.439,26.272,18.81,12.732,8.6047,17.193,79.998,19.225,8.4391,16.996,14.023,8.3716,21.264,16.766,13.036,7.334,14.357,9.9313,28.705,22.936,9.0316,10.433,19.755,9.8305,14.231,31.792,25.373,55.369,26.24,9.6002,18.9,26.293,10.225,22.731,17.041,23.538,7.1327,16.989,23.458,9.4354,19.121,20.137,12.961,26.272,56.191,18.29,13.331,31.937,31.001,16.993,7.3387,14.391,14.232,29.639,26.866,34.104,28.373,20.898,8.4365
12.735,31.469,18.724,10.301,12.734,31.073,25.369,73.67,40.292,64.868,7.7736,17.54,45.529,54.321,12.596,44.35,13.844,16.93,9.3321,12.738,25.531,26.269,22.8,26.934,78.055,8.3051,4.7005,20.721,24.533,13.391,41.594,23.094,47.125,40.924,14.269,23.294,24.968,31.042,10.139,9.2416,17.098,10.168,31.806,47.167,61.701,26.194,32.073,46.153,23.638,12.572,20.722,12.462,31.803,34.368,19.925,21.023,13.388,14.106,25.375,14.227,9.3314,80.289,49.584,8.129,31.866,22.56,29.062,18.992,12.831,9.639,17.86,89.96,19.894,9.241,18.024,14.158,9.5016,23.067,20.106,17.257,7.5661,15.866,11.965,31.105,23.541,12.827,12.698,22.975,10.335,14.356,40.332,25.497,55.432,28.008,10.928,22.997,31.072,10.406,25.609,18.289,24.321,12.795,17.131,24.561,20.83,19.234,20.267,13.131,26.64,57.857,21.038,17.339,40.308,31.967,18.262,7.5585,15.738,19.937,31.866,31.103,42.301,28.46,24.922,9.0027
12.8,41.603,18.802,10.803,13.722,31.785,25.522,81.78,44.354,66.23,14.153,20.136,47.967,54.429,12.831,55.103,22.971,17.056,9.5327,12.842,26.196,29.627,25.533,27.436,81.151,12.728,5.5273,20.838,26.271,14.108,81.769,26.161,49.7,41.032,14.396,24.988,28.807,31.174,11.898,9.3615,22.977,11.031,45.696,49.519,62.427,26.295,34.369,46.266,25.275,12.668,20.835,12.731,47.832,34.909,20.089,26.176,13.491,22.91,25.704,14.377,9.4044,88.515,49.818,8.4665,31.971,26.17,34.371,22.452,13.568,9.834,18.655,95.778,20.001,10.154,23.763,22.453,10.332,23.67,22.541,17.425,8.2696,17.297,12.073,37.95,23.667,13.371,14.269,23.436,10.434,22.867,40.429,36.334,63.067,31.09,12.711,23.138,31.529,13.673,25.703,18.57,24.436,13.135,17.975,25.402,30.897,19.827,23.432,14.062,26.862,57.96,24.025,17.487,40.418,38.669,20.001,12.569,15.961,21.406,31.97,41.894,44.118,31.071,24.997,10.124
12.934,48.202,19.536,12.832,15.892,40.308,25.669,81.9,44.429,76.865,16.922,24.835,51.039,70.695,16.492,57.433,23.103,18.703,9.7308,18.674,31.774,31.856,25.939,28.442,81.785,13.044,6.2614,21.003,30.953,18.64,NaN,26.262,49.825,41.595,18.002,26.326,31.091,31.542,12.101,12.569,23.095,14.137,49.697,49.59,63.989,27.935,39.403,47.063,25.391,14.141,23.824,15.991,47.928,40.274,22.969,26.295,14.126,23.007,26.227,16.571,12.732,NaN,53.328,9.2357,32.609,26.26,34.459,22.591,15.932,10.66,23.526,NaN,22.436,10.323,25.611,22.971,12.707,24.005,22.722,18.924,9.4975,19.163,23,38.067,26.23,15.337,14.399,24.972,10.763,22.965,40.772,38.827,63.184,31.196,14.158,26.289,31.826,14.107,26.666,20.022,24.558,16.27,19.926,25.561,31.036,23.997,24.52,14.265,27.891,58.551,24.906,22.069,42.928,42.229,20.094,14.74,19.101,26.156,32.201,42.094,44.586,33.908,28.331,10.256
13.704,48.336,19.665,14.167,20.656,40.417,26.162,93.822,46.055,78.091,17.159,25.666,60.432,70.822,16.637,57.499,26.136,18.827,10.205,22.438,32.485,32.226,26.858,29.264,81.932,13.301,6.4978,23.765,31.691,18.773,NaN,29.629,66.198,54.329,18.106,27.141,31.784,36.033,12.728,12.692,25.433,19.997,49.798,49.79,64.56,31.799,39.526,49.791,31.792,18.805,26.165,16.165,49.495,40.384,24.056,34.365,14.272,24.806,27.198,16.869,12.836,NaN,56.668,9.3748,44.34,31.931,40.227,22.988,17.121,10.771,27.538,NaN,22.557,10.723,26.227,25.668,12.861,24.154,22.956,19.134,12.631,19.309,23.439,39.735,28.076,15.726,15.838,26.227,12.709,23.069,41.904,38.971,NaN,32.668,14.342,31.034,42.266,15.535,26.86,20.17,24.673,22.96,20.094,26.231,34.117,26.17,24.662,14.819,29.606,61.186,25.034,22.934,44.832,44.34,23.459,19.1,22.795,26.242,40.935,42.292,44.784,40.803,28.496,12.676
14.02,55.44,22.771,14.342,20.921,41.807,26.261,NaN,47.057,96.126,19.101,25.796,63.333,78.797,22.436,65.993,26.26,22.931,14.025,22.969,33.466,34.373,26.975,30.929,82.895,14.27,7.165,23.936,34.128,23.453,NaN,32.665,67.221,78.759,24.943,27.296,32.602,37.504,14.102,12.796,28.762,20.141,68.738,49.897,65.535,45.666,41.602,49.926,31.902,28.058,26.269,19.176,61.89,40.87,26.167,34.46,15.702,25.004,31.374,17.304,22.768,NaN,56.759,12.595,44.433,32.137,41.025,26.162,18.597,10.935,28.429,NaN,24.106,12.764,27.268,27.921,15.964,24.894,23.104,20.192,14.225,22.692,24.54,41.324,28.195,15.834,19.657,26.294,13.506,23.661,44.66,40.259,NaN,38.603,17.975,31.795,50.824,15.943,27.096,23.33,29.236,26.172,24.02,27.138,42.269,29.619,24.943,14.928,29.741,65.76,27.126,23.532,45.871,44.488,41.526,19.197,23.002,31.387,52.165,54.363,44.967,41.807,31.727,19.908
17.358,60.463,23.405,14.658,21.04,42.632,29.642,NaN,49.497,NaN,19.305,26.158,63.454,78.894,22.561,66.222,29.636,25.697,14.263,23.095,44.302,39.301,31.474,32.207,89.801,19.104,7.5975,26.194,34.239,23.609,NaN,34.366,73.793,78.883,26.83,31.803,32.701,39.055,14.236,13.527,31.006,21.303,70.715,51.95,67.765,49.503,41.727,52.763,32.597,28.207,28.803,19.266,78.933,40.973,26.259,38.605,16.354,26.205,31.491,20.166,23.003,NaN,56.9,12.677,45.494,34.436,41.596,26.268,18.761,13.135,30.268,NaN,25.629,12.835,27.407,28.024,16.09,25.401,27.964,20.295,14.971,22.937,24.635,43.349,28.438,17.029,20.033,28.909,13.629,24.958,44.769,40.392,NaN,40.773,18.564,32.167,60.496,16.972,27.908,23.435,29.364,26.275,24.193,27.233,43.595,29.732,25.293,20.673,40.936,78.604,31.067,26.271,45.966,46.027,42.232,24.633,23.337,31.524,53.759,55.652,45.093,42.086,31.832,20.034
17.502,61.704,24.329,16.958,22.902,42.77,38.508,NaN,63.153,NaN,22.442,27.258,71.801,85.09,22.753,67.236,30.532,26.169,14.369,25.393,51.195,41.609,31.825,33.442,90.135,19.263,9.5233,26.268,38.504,25.394,NaN,34.531,78.596,85.089,28.106,32.793,34.653,41.819,18.255,16.996,41.519,22.172,78.433,55.394,71.335,49.598,45.702,61.088,47.04,28.932,29.656,20.804,79.069,41.602,26.638,38.702,16.528,30.533,33.456,25.922,24.905,NaN,57.431,13.369,47.051,34.564,41.701,31.863,20.085,13.293,30.72,NaN,26.175,13.24,27.941,32.357,17.993,25.836,28.444,29.789,16.238,24.332,25.293,45.726,28.569,17.156,22.79,32.641,14.305,28.854,46.041,42.055,NaN,40.898,20.054,35.837,69.005,19.167,54.417,25.508,32.231,31.095,28.427,31.027,45.059,38.568,26.203,21.228,41.597,95.782,36.256,27.554,49.8,47.024,49.555,25.395,24.542,32.296,53.885,60.9,49.885,42.296,38.488,20.695
22.591,65.301,24.434,19.41,22.994,45.424,38.601,NaN,65.723,NaN,22.561,30.099,71.899,85.192,24.319,68.723,32.072,26.267,15.377,25.533,51.291,44.233,32.502,36.717,95.77,20.47,9.769,34.437,38.795,25.536,NaN,34.858,80.936,85.205,28.203,32.957,34.768,48.069,18.893,17.06,41.639,23.353,78.527,57.534,71.793,51.324,47.832,98.99,47.161,29.636,29.729,23.768,81.157,44.592,26.852,48.533,18.791,32.735,34.109,26.043,25.005,NaN,62.798,14.105,47.832,34.901,48.565,32.036,20.288,13.407,31.508,NaN,26.261,13.965,31.954,34.434,18.439,26.097,30.335,30.263,16.373,24.463,26.233,45.866,31.837,20.638,22.995,32.727,14.41,40.498,46.158,42.184,NaN,41.604,20.842,35.933,70.689,22.971,61.885,30.393,32.354,31.2,29.503,31.166,45.368,43.565,26.333,22.028,41.691,96.632,36.363,27.67,54.559,47.12,50.069,25.597,28.307,34.404,55.662,65.303,49.97,55.467,42.088,26.261
22.929,65.423,28.307,19.521,23.123,51.154,39.423,NaN,67.522,NaN,23.607,31.031,78.064,87.502,24.435,68.829,32.208,29.631,15.97,26.155,58.363,54.991,34.102,36.894,95.898,20.798,10.176,34.571,42.328,26.176,NaN,38.588,81.152,92.645,29.131,34.168,38.604,51.117,20.906,18.709,44.763,23.461,79.899,57.857,72.637,51.465,48.036,NaN,47.839,29.771,38.564,28.101,85.354,45.97,31.951,54.39,19.136,34.425,34.193,32.533,27.267,NaN,62.93,20.04,48.402,40.872,48.666,32.193,22.294,14.327,33.694,NaN,26.651,14.128,32.095,34.925,20.138,26.223,31.872,30.439,16.496,24.97,31.804,49.531,31.953,22.753,24.835,34.96,17.269,40.631,54.334,42.717,NaN,41.835,23.025,41.504,75.218,23.071,63.067,30.532,39.23,31.505,29.659,34.266,46.071,49.164,38.786,23.462,49.57,97.858,36.733,28.39,54.658,47.967,50.825,26.362,29.467,34.969,57.126,67.158,50.652,56.632,42.294,26.653
25.597,67.267,34.104,20.889,27.24,55.627,46.056,NaN,78.6,NaN,23.699,32.665,80.268,87.593,28.074,72.9,34.291,30.554,18.026,26.258,61.092,55.105,34.191,40.795,NaN,22.488,10.634,38.564,46.13,26.294,NaN,38.695,82.164,94.861,31.488,38.7,43.743,55.435,23.022,21.574,45.567,24.025,79.991,58.967,77.361,55.497,50.027,NaN,47.932,30.434,38.698,28.2,95.778,46.06,32.061,55.452,19.258,40.797,38.958,34.121,27.37,NaN,65.333,22.934,49.718,40.956,52.134,48.133,23.522,19.907,34.307,NaN,26.84,17.324,32.857,41.602,26.002,26.856,31.962,30.668,17.764,28.085,31.893,53.528,34.627,24.002,24.972,37.526,17.404,44.305,54.499,42.872,NaN,42.098,23.662,45.33,76.918,24.02,63.183,31.732,42.297,36.795,31.791,39.054,48.097,49.906,38.926,23.556,49.659,NaN,37.454,28.489,55.154,48.156,53.868,28.072,30.521,40.803,61.819,69.956,51.457,65.298,47.069,26.831
26.662,67.369,38.45,21.006,27.361,61.905,46.17,NaN,85.295,NaN,27.93,32.733,80.366,NaN,28.304,78.079,34.403,34.888,18.872,30.54,63.561,62.921,35.22,41.092,NaN,22.998,10.704,38.702,46.294,31.089,NaN,40.82,85.333,95.458,31.603,42.036,44.839,61.699,23.529,23.662,46.76,24.172,81.779,61.087,78.257,57.423,61.693,NaN,61.699,31.099,42.061,42.403,98.127,62.139,34.432,63.425,19.574,41.656,51.536,42.96,31.059,NaN,65.79,24.987,49.798,42.463,55.951,52.219,25.005,20.055,34.472,NaN,31.461,17.83,32.967,41.701,26.201,27.169,34.652,32.22,17.907,28.2,41.896,53.637,40.295,24.422,25.8,37.631,18.54,44.437,55.866,47.97,NaN,42.229,24.805,47.035,77.033,25.424,66.218,32.457,45.324,36.923,32.6,39.199,48.194,52.23,40.598,25.498,54.534,NaN,40.963,31.064,55.36,49.498,53.969,29.252,31.726,40.954,70.459,70.662,54.799,69.486,47.63,31.901
27.256,69.815,39.14,21.13,27.968,66.166,47.988,NaN,85.403,NaN,30.403,34.311,95.964,NaN,30.493,78.22,40.939,35.056,22.988,30.625,67.149,65.3,35.304,41.455,NaN,23.298,11.038,43.634,47.958,48.291,NaN,41.6,85.458,NaN,40.253,45.67,46.196,63.602,24.94,23.796,46.986,24.826,82.134,62.4,78.366,60.895,61.791,NaN,63.665,32.037,42.198,60.553,NaN,62.225,34.539,63.563,19.826,44.073,57.439,43.538,31.165,NaN,65.993,25.658,52.13,55.265,56.057,52.331,25.392,20.805,37.939,NaN,31.994,18.923,40.266,44.471,28.63,27.495,35.485,32.337,19.021,31.988,44.338,58.149,40.441,24.861,26.163,38.604,18.992,47.087,57.089,48.094,NaN,43.967,24.967,47.16,81.793,26.651,67.791,32.695,46.232,42.327,32.799,40.632,51.164,54.301,41.855,26.298,64.861,NaN,42.228,40.896,56.023,54.769,55.69,29.362,31.865,41.585,70.557,82.193,55.505,69.592,49.497,32.033
30.531,70.672,39.43,25.338,29.666,66.296,48.069,NaN,91.7,NaN,31.862,38.557,96.025,NaN,30.637,78.587,41.593,40.639,23.103,34.332,67.265,65.399,38.436,41.563,NaN,24.431,12.638,44.091,49.819,51.261,NaN,46.327,89.758,NaN,40.333,47.058,47.058,63.801,25.064,24.028,47.839,24.929,82.231,62.524,80.265,62.137,66.196,NaN,68.733,32.189,43.556,64.793,NaN,66.181,40.25,65.383,20.889,48.103,65.303,43.671,31.457,NaN,66.36,26.87,59.665,55.382,59.428,54.793,25.523,21.602,38.059,NaN,34.343,19.173,40.832,44.599,28.802,29.627,42.94,34.105,19.169,36.985,45.986,58.296,41.067,27.26,26.231,41.07,19.122,47.172,57.431,48.396,NaN,48.585,29.289,48.308,90.916,26.83,68.627,33.458,46.469,50.951,35.501,41.824,54.857,54.407,41.935,26.664,65.303,NaN,43.754,41.002,60.496,61.035,55.79,30.258,32.289,45.37,84.201,82.782,64.492,70.701,49.586,37.169
31.062,74.364,40.752,25.532,29.769,68.261,48.202,NaN,91.791,NaN,34.122,38.758,NaN,NaN,42.494,81.127,41.702,40.937,23.542,34.904,78.419,66.198,39.132,41.906,NaN,24.56,12.934,49.259,50.057,60.393,NaN,51.452,94.688,NaN,41.501,47.159,48.156,65.303,25.932,24.867,47.933,26.17,89.965,64.519,80.454,62.231,67.097,NaN,68.833,34.374,43.628,64.866,NaN,66.32,44.484,67.103,21.466,48.738,65.814,43.839,31.553,NaN,68.256,27.586,59.753,60.618,59.656,70.696,31.759,21.865,42.026,NaN,34.921,19.304,40.933,46.26,34.103,30.94,44.567,34.875,19.521,37.105,46.096,60.527,44.79,28.439,27.26,41.502,21.599,49.751,76.904,50.039,NaN,48.69,29.395,49.516,95.658,29.635,68.758,41.5,46.735,54.388,37.09,49.565,57.557,54.835,44.338,29.301,67.302,NaN,44.928,41.724,61.1,61.128,61.696,30.492,33.665,48.024,84.293,82.9,64.599,75.268,50.923,37.291
31.492,92.322,40.86,27.326,32.019,70.705,49.804,NaN,91.898,NaN,34.869,43.022,NaN,NaN,43.662,81.769,48.233,41.606,23.637,36.504,78.594,67.094,39.273,42.096,NaN,24.927,17.693,54.362,51.432,65.318,NaN,51.956,94.798,NaN,41.596,49.256,49.805,66.17,27.964,25.005,49.574,26.653,90.055,67.202,81.46,62.386,NaN,NaN,80.803,34.932,44.096,80.281,NaN,70.669,47.989,67.733,22.896,50.801,67.235,43.928,34.399,NaN,70.695,27.953,62.455,60.76,61.706,70.831,31.857,21.998,44.502,NaN,38.551,20.169,45.636,46.397,36.502,31.025,44.769,35.005,19.64,42.701,48.494,60.717,45.885,28.904,27.395,43.796,22.498,49.885,81.767,50.174,NaN,49.532,31.037,49.835,95.726,30.425,73.526,41.704,47.999,57.802,39.359,49.824,59.663,55.496,44.441,29.499,72.649,NaN,45.132,41.929,64.551,61.916,67.79,40.754,38.073,48.524,92.392,88.422,65.557,76.066,51.029,38.616
31.957,92.448,41.791,28.073,39.507,75.236,55.668,NaN,95.746,NaN,35.007,43.139,NaN,NaN,43.801,94.69,54.321,41.74,24.922,38.493,78.734,67.232,40.922,42.697,NaN,26.527,17.76,54.661,51.553,66.192,NaN,55.618,95.685,NaN,47.04,49.523,51.201,67.102,30.537,25.69,54.488,26.852,95.786,67.331,82.335,62.503,NaN,NaN,83.088,35.068,49.396,82.006,NaN,70.766,50.232,67.867,22.998,58.389,67.337,45.155,43.557,NaN,70.829,28.14,65.73,61.895,61.894,78.779,32.805,22.704,47.288,NaN,38.657,21.978,45.921,47.931,36.936,38.6,46.397,35.566,23.34,48.168,49.237,69.592,48.164,30.287,30.921,48.336,22.963,54.219,88.764,51.149,NaN,50.9,31.106,50.098,NaN,31.438,76.959,42.634,48.131,61.705,40.973,54.654,60.453,57.832,48.867,31.365,78.797,NaN,45.798,42.095,65.599,63.17,80.353,47.058,38.202,50.785,94.785,88.535,65.736,76.231,52.937,43.76
34.87,NaN,42.024,28.195,39.632,75.33,58.183,NaN,95.901,NaN,35.527,48.117,NaN,NaN,46.071,95.797,60.44,47.319,26.205,38.591,80.804,67.563,41.852,45.903,NaN,26.633,19.097,55.455,54.29,70.655,NaN,55.733,95.783,NaN,47.135,51.237,51.299,67.2,31.14,25.797,61.706,27.924,NaN,68.856,83.725,63.09,NaN,NaN,85.335,35.261,51.572,82.783,NaN,71.655,50.352,68.814,23.334,74.225,68.234,46.169,45.674,NaN,74.185,29.642,70.229,62.1,62.926,79.183,33.441,24.901,49.988,NaN,40.96,24.77,53.157,50.593,37.989,38.722,46.998,42.931,23.536,60.623,49.338,71.065,52.024,30.925,31.062,54.56,23.432,54.327,88.863,54.423,NaN,57.422,31.488,56.559,NaN,34.427,78.055,45.293,49.528,61.795,41.796,56.26,60.73,57.894,49.26,31.765,83.928,NaN,46.338,42.265,65.754,64.662,80.454,47.198,38.438,52.234,NaN,NaN,70.824,84.981,53.024,44.258
39.503,NaN,45.266,29.497,41.828,76.829,58.362,NaN,NaN,NaN,42.075,48.239,NaN,NaN,46.195,95.889,60.559,47.428,26.364,40.258,82.145,69.69,43.163,46.471,NaN,29.772,21.764,56.56,54.405,78.454,NaN,57.451,95.893,NaN,53.866,51.602,56.164,70.68,35.695,26.196,65.518,28.062,NaN,74.101,86.549,64.671,NaN,NaN,85.47,38.508,51.703,82.898,NaN,71.833,54.321,68.886,23.465,76.952,70.828,46.334,48.73,NaN,75.232,29.767,70.359,65.304,67.259,79.901,33.565,24.975,53.022,NaN,50.036,27.765,54.331,54.753,38.061,39.39,47.341,51.593,25.704,61.094,49.732,76.862,55.168,31.034,31.173,57.556,23.566,56.864,90.322,57.486,NaN,60.932,31.625,57.571,NaN,34.922,78.783,45.568,49.852,62.366,42.134,56.8,64.887,62.269,49.359,32.233,85.525,NaN,46.564,46.424,80.426,65.292,83.193,47.593,38.855,53.324,NaN,NaN,71.294,85.099,55.733,49.53
39.595,NaN,45.434,31.139,41.961,76.935,62.287,NaN,NaN,NaN,42.197,49.9,NaN,NaN,46.797,97.862,65.319,48.199,28.603,40.903,82.229,78.634,45.572,46.871,NaN,29.903,21.996,56.629,54.597,84.951,NaN,57.588,96.034,NaN,54.291,52.235,63.068,71.232,38.484,27.964,65.672,29.624,NaN,76.491,86.7,64.82,NaN,NaN,89.754,38.625,53.862,89.285,NaN,73.587,55.265,76.552,24.927,77.159,71.223,49.536,56.599,NaN,76.553,30.527,76.982,68.803,69.784,83.865,34.63,25.395,53.169,NaN,50.556,27.865,59.653,57.898,39.56,40.222,47.836,52.257,26.259,62.421,55.86,77.323,55.357,32.506,32.485,59.895,23.972,58.888,91.015,60.522,NaN,65.33,33.036,57.696,NaN,35.774,78.925,46.795,50.007,62.491,47.359,56.93,67.919,62.393,49.527,33.302,NaN,NaN,48.602,46.567,80.551,67.133,87.266,47.754,38.968,62.898,NaN,NaN,72.464,89.999,60.487,55.638
43.755,NaN,46.357,31.518,47.322,78.054,65.295,NaN,NaN,NaN,46.303,50.005,NaN,NaN,47.272,NaN,65.425,52.208,31.452,41.04,89.223,78.758,45.703,47.057,NaN,30.528,22.758,59.582,56.194,89.967,NaN,58.366,NaN,NaN,55.364,55.626,64.498,74.397,41.496,30.554,67.231,32.039,NaN,80.423,86.834,65.331,NaN,NaN,91.7,41.599,54.394,89.386,NaN,77.691,67.568,78.7,24.997,80.437,81.459,53.157,56.7,NaN,78.39,30.693,77.123,68.895,70.685,85.864,35.49,25.523,56.058,NaN,51.384,29.29,62.925,58.035,41.594,41.651,48.369,53.805,26.359,72.215,55.964,81.136,55.559,32.8,34.293,61.933,24.54,59.663,92.852,61.915,NaN,67.088,33.156,61.851,NaN,35.992,80.263,46.894,50.619,68.735,47.838,57.265,71.653,70.725,52.034,33.433,NaN,NaN,48.686,47.526,83.729,67.489,90.997,53.8,39.535,63.387,NaN,NaN,72.596,92.714,60.591,58.26
43.863,NaN,46.471,31.636,47.624,78.151,65.484,NaN,NaN,NaN,47.501,50.894,NaN,NaN,47.361,NaN,67.254,52.327,31.602,47.291,89.382,79.994,46.997,50.899,NaN,31.07,23.327,60.355,56.527,90.065,NaN,65.317,NaN,NaN,58.091,56.373,64.603,74.464,45.383,31.46,79.502,34.922,NaN,80.83,88.261,67.132,NaN,NaN,91.83,45.971,59.484,92.164,NaN,78.858,81.77,78.796,25.975,81.797,81.782,53.263,59.702,NaN,79.899,30.926,80.434,74.854,78.058,87.503,38.603,25.692,57.202,NaN,51.699,32.235,65.336,66.295,44.665,41.936,48.522,61.728,26.604,72.327,58.63,81.458,64.561,33.906,34.399,62.389,24.93,61.929,95.258,63.062,NaN,67.154,33.425,61.997,NaN,38.873,80.436,47.037,54.686,70.668,47.926,57.926,73.222,70.79,52.163,35.16,NaN,NaN,51.089,49.094,83.866,67.918,91.22,58.528,42.23,63.79,NaN,NaN,75.523,92.902,61.064,58.389
45.695,NaN,47.849,32.698,48.353,84.863,65.997,NaN,NaN,NaN,47.599,51.103,NaN,NaN,48.273,NaN,67.56,53.328,32.568,48.192,90.294,80.131,47.101,51.103,NaN,31.737,24.309,60.482,57.025,95.779,NaN,65.421,NaN,NaN,60.448,56.525,68.756,78.869,45.563,31.532,80.949,36.501,NaN,87.193,89.269,67.371,NaN,NaN,96.629,46.131,61.702,92.284,NaN,81.769,85.863,79.761,28.267,81.988,81.861,53.46,64.752,NaN,80.017,31.062,80.823,74.963,78.164,97.399,38.756,26.164,57.329,NaN,55.664,32.333,66.222,67.752,44.771,45.669,55.372,65.362,27.6,74.028,59.061,84.254,64.797,35.2,39.056,63.481,26.309,63.486,95.791,63.187,NaN,68.661,33.53,67.218,NaN,38.986,81,47.224,55.528,71.798,49.401,64.561,77.432,72.932,54.69,35.505,NaN,NaN,53.334,49.957,85.318,74.102,93.799,58.961,44.127,64.698,NaN,NaN,75.651,95.763,61.689,60.293
45.905,NaN,49.854,33.452,48.493,85.429,66.267,NaN,NaN,NaN,47.898,51.596,NaN,NaN,48.392,NaN,70.67,53.799,32.868,52.218,91.715,80.331,47.854,51.456,NaN,31.861,24.494,60.999,57.457,95.892,NaN,67.764,NaN,NaN,61.695,61.622,76.399,78.994,49.285,31.874,81.057,38.573,NaN,91.702,89.393,67.525,NaN,NaN,NaN,48.086,65.83,94.884,NaN,84.146,87.535,82.525,31.725,82.824,82.224,60.432,65.319,NaN,81.764,31.169,81.866,75.561,78.658,97.456,40.394,26.268,58.236,NaN,55.806,34.084,66.361,72.617,47.263,45.919,55.504,65.523,32.196,74.163,61.719,91.555,65.591,39.933,41.556,63.592,26.635,63.621,95.891,64.916,NaN,70.72,38.601,67.288,NaN,40.8,84.197,47.456,56.967,71.917,49.591,65.732,77.522,78.77,54.797,35.651,NaN,NaN,56.559,51.539,91.169,74.16,94.624,59.067,46.737,68.827,NaN,NaN,76.568,NaN,61.803,60.484
46.457,NaN,52.024,34.936,48.667,85.492,68.085,NaN,NaN,NaN,51.065,51.737,NaN,NaN,48.69,NaN,74.22,53.899,35.804,52.326,91.888,89.683,51.17,53.85,NaN,32.338,25.588,61.496,60.425,NaN,NaN,78.822,NaN,NaN,61.823,62.368,80.832,81.781,49.526,32.019,81.781,38.689,NaN,91.82,94.346,73.614,NaN,NaN,NaN,48.189,65.971,95.189,NaN,84.451,88.465,82.789,34.119,84.922,85.518,60.623,65.398,NaN,81.887,31.835,87.26,78.091,78.832,NaN,40.696,27.135,59.19,NaN,58.266,42.596,67.933,74.892,53.494,48.593,58.252,65.766,33.06,77.369,61.932,92.15,65.729,40.075,43.424,64.659,34.064,68.349,NaN,66.218,NaN,70.83,38.697,67.464,NaN,41.631,84.528,49.823,59.488,76.962,50.091,65.969,81.534,78.895,55.359,39.24,NaN,NaN,57.929,54.396,91.998,78.135,NaN,60.466,47.857,68.939,NaN,NaN,76.655,NaN,65.499,64.793
46.59,NaN,55.753,41.005,50.566,89.991,74.838,NaN,NaN,NaN,51.159,53.003,NaN,NaN,48.833,NaN,92.272,54.629,37.701,55.703,95.817,92.354,51.653,53.964,NaN,42.707,25.989,63.438,60.53,NaN,NaN,79.624,NaN,NaN,65.501,64.526,86.934,85.426,52.597,34.268,81.87,40.3,NaN,95.959,95.383,75.253,NaN,NaN,NaN,48.669,67.137,95.4,NaN,84.567,88.598,82.9,36.127,85.286,88.424,61.735,80.893,NaN,88.557,32.231,91.723,80.955,82.628,NaN,43.864,27.954,61.263,NaN,58.392,42.772,73.569,76.596,53.638,48.725,61.865,66.627,33.19,77.465,62.297,92.748,67.231,42.194,46.064,65.566,34.226,68.955,NaN,67.783,NaN,74.398,41.534,67.524,NaN,43.626,85.085,50.049,60.632,80.93,52.259,67.087,94.614,89.191,56.265,39.399,NaN,NaN,61.725,57.422,92.289,78.252,NaN,60.564,47.932,69.565,NaN,NaN,82.796,NaN,65.592,64.857
48.105,NaN,60.503,41.297,54.451,90.053,74.952,NaN,NaN,NaN,51.371,53.159,NaN,NaN,49.586,NaN,NaN,54.861,40.273,55.785,98.09,92.46,53.765,57.133,NaN,45.227,26.237,63.56,60.967,NaN,NaN,80.453,NaN,NaN,68.664,65.971,91.696,85.499,52.999,34.386,82.965,42.973,NaN,96.094,95.517,75.321,NaN,NaN,NaN,49.869,67.266,95.52,NaN,85.854,NaN,87.37,36.267,86.053,89.956,64.821,84.126,NaN,89.962,32.356,NaN,81.781,85.729,NaN,46.837,28.369,61.701,NaN,61.816,43.163,73.698,76.736,54.223,50.195,70.086,67.968,35.734,81.69,63.327,92.849,78.232,44.537,48.214,65.756,34.354,69.654,NaN,72.171,NaN,75.226,41.761,69.759,NaN,45.434,85.294,53.761,64.532,81.767,53.657,67.49,95.388,89.283,61.002,42.192,NaN,NaN,61.791,65.771,92.357,80.029,NaN,61.731,48.63,71.129,NaN,NaN,83.856,NaN,73.396,67.496
48.228,NaN,61.833,41.525,54.599,95.53,78.059,NaN,NaN,NaN,51.493,54.23,NaN,NaN,49.691,NaN,NaN,55.704,40.43,62.135,98.194,NaN,53.87,58.138,NaN,47.266,26.455,65.193,61.097,NaN,NaN,81.783,NaN,NaN,68.783,66.102,NaN,95.767,53.126,39.325,88.413,43.649,NaN,98.26,96.221,78.602,NaN,NaN,NaN,50.124,67.396,96.834,NaN,88.466,NaN,87.499,37.53,86.197,90.053,64.891,84.265,NaN,95.787,32.706,NaN,81.888,85.886,NaN,47.836,31.063,63.454,NaN,62.23,45.125,75.59,78.838,56.862,51.126,76.394,71.053,36.707,81.796,63.517,94.797,80.452,48.034,48.334,66.803,34.664,70.256,NaN,76.597,NaN,78.425,43.754,70.057,NaN,46.034,85.492,55.087,65.222,81.966,54.17,68.731,95.516,89.793,61.135,45.132,NaN,NaN,62.459,66.162,95.991,80.828,NaN,64.7,48.702,71.259,NaN,NaN,83.997,NaN,74.219,67.691
48.607,NaN,64.862,42.921,54.848,95.817,79.613,NaN,NaN,NaN,52.952,54.337,NaN,NaN,49.996,NaN,NaN,58.215,40.938,68.221,NaN,NaN,54.834,58.297,NaN,47.628,26.956,65.327,61.769,NaN,NaN,82.515,NaN,NaN,69.882,66.202,NaN,95.863,53.764,39.62,94.629,44.087,NaN,NaN,97.395,78.696,NaN,NaN,NaN,51.618,67.534,99.463,NaN,88.629,NaN,NaN,38.203,86.497,90.725,66.287,86.955,NaN,97.363,34.95,NaN,85.86,87.732,NaN,47.928,33.43,65.315,NaN,65.3,45.236,78.737,78.961,57,51.235,76.523,71.171,38.404,82.892,65.965,95.982,80.528,50.024,48.603,66.898,36.735,70.365,NaN,76.732,NaN,78.87,45.3,75.09,NaN,46.134,87.368,55.689,65.329,85.384,55.896,68.835,NaN,92.657,65.3,47.191,NaN,NaN,62.59,67.166,98.292,80.97,NaN,65.47,49.367,72.599,NaN,NaN,84.969,NaN,74.328,67.955
49.333,NaN,65.126,43.673,57.139,95.885,82.128,NaN,NaN,NaN,53.033,59.698,NaN,NaN,51.03,NaN,NaN,61.993,41.936,68.353,NaN,NaN,54.983,64.87,NaN,47.986,27.26,65.853,62.019,NaN,NaN,84.437,NaN,NaN,72.171,66.352,NaN,96.053,53.863,41.633,NaN,44.724,NaN,NaN,NaN,79.893,NaN,NaN,NaN,52.217,67.861,NaN,NaN,94.086,NaN,NaN,38.489,87.65,90.898,68.915,87.125,NaN,NaN,35.087,NaN,87.359,89.453,NaN,50.895,33.902,66.183,NaN,65.401,45.362,81.558,81.536,60.628,51.6,76.993,71.687,38.919,85.266,67.235,96.12,81.48,50.173,48.7,67.227,36.797,71.16,NaN,76.949,NaN,81.763,45.391,77.196,NaN,47.984,94.866,55.799,65.65,90.632,58.196,78.636,NaN,92.761,65.965,48.902,NaN,NaN,63.094,68.282,NaN,82.193,NaN,68.69,49.568,72.723,NaN,NaN,88.134,NaN,76.599,68.623
49.457,NaN,67.759,45.074,60.466,NaN,82.227,NaN,NaN,NaN,61.857,65.3,NaN,NaN,51.133,NaN,NaN,62.268,43.771,70.693,NaN,NaN,61.703,66.299,NaN,48.125,28.307,67.127,63.215,NaN,NaN,88.464,NaN,NaN,73.204,67.216,NaN,97.598,54.837,41.797,NaN,45.393,NaN,NaN,NaN,88.734,NaN,NaN,NaN,54.385,80.281,NaN,NaN,94.856,NaN,NaN,40.57,87.92,95.817,70.802,90.553,NaN,NaN,35.816,NaN,88.296,98.43,NaN,52.722,36.037,66.4,NaN,73.819,45.929,82.518,83.492,60.7,51.722,77.099,72.528,39.026,85.384,67.331,96.881,81.633,51.085,49.561,70.09,37.626,72.854,NaN,77.062,NaN,88.75,46.369,77.334,NaN,49.528,94.996,59.492,65.758,90.787,60.291,80.859,NaN,99.591,67.238,49.361,NaN,NaN,64.49,70.563,NaN,82.9,NaN,71.165,52.391,74.789,NaN,NaN,90.281,NaN,78.227,70.393
51.117,NaN,74.018,45.543,61.891,NaN,87.499,NaN,NaN,NaN,64.784,65.404,NaN,NaN,54.187,NaN,NaN,62.363,44.799,70.803,NaN,NaN,68.896,66.697,NaN,51.039,31.726,67.418,64.763,NaN,NaN,98.248,NaN,NaN,73.291,67.552,NaN,97.691,54.964,42.694,NaN,46.271,NaN,NaN,NaN,88.824,NaN,NaN,NaN,54.487,81.966,NaN,NaN,94.956,NaN,NaN,42.1,88.688,97.599,71.418,96.023,NaN,NaN,36.451,NaN,88.425,98.548,NaN,52.905,37.502,67.497,NaN,73.951,46.762,85.527,90.912,65.627,53.854,80.259,74.283,41.34,95.357,67.531,97,82.163,54.263,49.653,74.818,37.966,74.189,NaN,78.194,NaN,88.865,47.033,78.124,NaN,49.655,NaN,59.601,67.458,92.424,61.859,82.151,NaN,NaN,67.334,49.585,NaN,NaN,64.795,70.691,NaN,82.996,NaN,73.754,52.527,74.957,NaN,NaN,93.586,NaN,78.356,71.667
51.436,NaN,74.124,46.639,65.295,NaN,88.022,NaN,NaN,NaN,64.885,66.226,NaN,NaN,55.6,NaN,NaN,63.457,45.038,71.831,NaN,NaN,69.034,68.67,NaN,53.633,32.43,67.535,65.304,NaN,NaN,NaN,NaN,NaN,76.862,76.848,NaN,NaN,56.387,45.922,NaN,46.405,NaN,NaN,NaN,89.963,NaN,NaN,NaN,55.588,82.102,NaN,NaN,95.43,NaN,NaN,42.265,89.049,97.687,75.621,96.157,NaN,NaN,37.229,NaN,NaN,NaN,NaN,53.369,37.64,69.506,NaN,75.559,46.995,87.786,91.066,65.768,54.285,80.427,75.561,43.558,95.458,72.22,NaN,83.734,55.256,50.894,74.929,38.063,74.832,NaN,78.692,NaN,92.651,47.157,79.117,NaN,54.356,NaN,61.701,67.77,NaN,63.958,86.68,NaN,NaN,67.503,50.37,NaN,NaN,64.858,71.229,NaN,88.965,NaN,75.614,54.183,76.62,NaN,NaN,96.823,NaN,81.401,85.792
51.629,NaN,77.213,47.221,65.402,NaN,93.968,NaN,NaN,NaN,66,67.271,NaN,NaN,60.403,NaN,NaN,65.295,45.299,71.925,NaN,NaN,74.186,68.752,NaN,55.062,33.834,67.787,65.467,NaN,NaN,NaN,NaN,NaN,76.962,78.102,NaN,NaN,60.487,48.065,NaN,47.325,NaN,NaN,NaN,90.06,NaN,NaN,NaN,59.424,83.132,NaN,NaN,95.531,NaN,NaN,42.656,89.2,NaN,76.561,NaN,NaN,NaN,38.63,NaN,NaN,NaN,NaN,53.506,38.961,73.492,NaN,76.89,47.694,88.621,94.758,75.628,55.023,80.832,75.956,43.664,96.199,78.558,NaN,83.829,57.528,53.629,76.295,38.765,76.503,NaN,78.823,NaN,95.82,47.851,81.779,NaN,54.488,NaN,67.133,67.968,NaN,64.225,87.634,NaN,NaN,68.728,50.859,NaN,NaN,66.165,71.426,NaN,89.419,NaN,78.899,54.324,78.764,NaN,NaN,96.982,NaN,81.503,89.591
51.769,NaN,77.358,49.8,65.753,NaN,94.084,NaN,NaN,NaN,67.819,67.366,NaN,NaN,60.628,NaN,NaN,67.269,45.497,72.981,NaN,NaN,74.258,69.161,NaN,55.692,34.135,67.858,66.304,NaN,NaN,NaN,NaN,NaN,81.397,78.6,NaN,NaN,61.099,48.217,NaN,48.091,NaN,NaN,NaN,92.777,NaN,NaN,NaN,61.839,83.217,NaN,NaN,NaN,NaN,NaN,43.551,89.35,NaN,76.687,NaN,NaN,NaN,38.759,NaN,NaN,NaN,NaN,53.637,39.069,77.53,NaN,76.988,47.862,95.415,95.064,78.253,57.492,81.455,85.281,43.94,97.399,80.427,NaN,85.367,58.291,53.77,79.03,40.234,76.966,NaN,80.258,NaN,NaN,47.933,81.919,NaN,61.724,NaN,68.656,71.75,NaN,66.604,89.28,NaN,NaN,68.926,52.726,NaN,NaN,66.269,74.8,NaN,95.795,NaN,79.718,54.691,80.392,NaN,NaN,NaN,NaN,82.296,93.363
54.229,NaN,77.463,49.895,66.181,NaN,95.427,NaN,NaN,NaN,67.955,67.926,NaN,NaN,60.766,NaN,NaN,67.365,47.557,73.103,NaN,NaN,77.122,71.668,NaN,59.962,35.159,68.855,67.099,NaN,NaN,NaN,NaN,NaN,81.496,79.896,NaN,NaN,61.801,49.185,NaN,50.951,NaN,NaN,NaN,95.767,NaN,NaN,NaN,62.038,85.433,NaN,NaN,NaN,NaN,NaN,43.733,90.566,NaN,78.064,NaN,NaN,NaN,40.286,NaN,NaN,NaN,NaN,54.294,43.427,82.119,NaN,80.951,48.262,98.348,95.325,80.358,57.595,81.595,95.99,46.083,NaN,81.149,NaN,85.461,58.388,65.298,79.126,40.63,77.158,NaN,84.195,NaN,NaN,48.361,82.222,NaN,65.3,NaN,71.735,81.151,NaN,68.732,90.385,NaN,NaN,79.892,52.828,NaN,NaN,67.123,74.934,NaN,97.783,NaN,79.834,58.765,81.403,NaN,NaN,NaN,NaN,86.026,93.465
54.717,NaN,81.432,50.041,66.301,NaN,95.793,NaN,NaN,NaN,74.025,69.602,NaN,NaN,62.432,NaN,NaN,67.527,48.461,79.168,NaN,NaN,77.354,71.936,NaN,60.102,35.329,74.861,67.19,NaN,NaN,NaN,NaN,NaN,84.753,80.365,NaN,NaN,64.522,49.322,NaN,51.37,NaN,NaN,NaN,97.597,NaN,NaN,NaN,66.195,85.524,NaN,NaN,NaN,NaN,NaN,48.188,90.722,NaN,78.257,NaN,NaN,NaN,40.437,NaN,NaN,NaN,NaN,55.991,44.004,87.55,NaN,84.458,48.661,98.487,97.382,81.563,58.356,82.869,NaN,46.662,NaN,81.595,NaN,85.593,59.506,65.833,82.988,40.761,77.951,NaN,84.299,NaN,NaN,48.521,85.365,NaN,65.396,NaN,74.136,82.764,NaN,68.897,90.767,NaN,NaN,80.737,53.235,NaN,NaN,67.217,76.018,NaN,98.127,NaN,82.452,59.822,85.263,NaN,NaN,NaN,NaN,89.168,93.978
56.07,NaN,81.523,51.098,67.527,NaN,NaN,NaN,NaN,NaN,78.361,70.681,NaN,NaN,65.393,NaN,NaN,68.07,50.055,79.788,NaN,NaN,78.127,77.649,NaN,61.699,36.255,75.588,67.736,NaN,NaN,NaN,NaN,NaN,85.332,81.134,NaN,NaN,65.654,50.787,NaN,52.926,NaN,NaN,NaN,97.696,NaN,NaN,NaN,70.671,91.585,NaN,NaN,NaN,NaN,NaN,49.835,91.694,NaN,80.425,NaN,NaN,NaN,43.626,NaN,NaN,NaN,NaN,57.703,44.529,87.89,NaN,84.59,50.899,NaN,97.462,82.323,59.631,85.52,NaN,46.795,NaN,85.025,NaN,85.732,63.066,70.787,84.765,41.564,78.099,NaN,85.324,NaN,NaN,48.865,85.459,NaN,67.77,NaN,75.595,82.918,NaN,70.564,95.955,NaN,NaN,80.855,53.626,NaN,NaN,69.66,76.854,NaN,98.228,NaN,83.182,62.223,85.355,NaN,NaN,NaN,NaN,89.227,95.566
56.198,NaN,82.794,52.019,69.129,NaN,NaN,NaN,NaN,NaN,80.267,70.802,NaN,NaN,67.734,NaN,NaN,68.201,51.999,81.562,NaN,NaN,78.251,78.015,NaN,64.787,38.854,78.955,67.931,NaN,NaN,NaN,NaN,NaN,85.955,82.227,NaN,NaN,67.192,51.106,NaN,53.253,NaN,NaN,NaN,NaN,NaN,NaN,NaN,71.229,91.666,NaN,NaN,NaN,NaN,NaN,50.029,92.356,NaN,82.363,NaN,NaN,NaN,43.801,NaN,NaN,NaN,NaN,57.927,44.966,92.315,NaN,85.096,51.121,NaN,98.254,82.531,60.301,88.734,NaN,47.038,NaN,87.697,NaN,88.729,64.031,73.504,84.827,42.496,78.59,NaN,93.187,NaN,NaN,49.266,85.748,NaN,67.939,NaN,76.57,83.728,NaN,70.861,NaN,NaN,NaN,82.153,53.818,NaN,NaN,69.8,77.618,NaN,NaN,NaN,83.301,63.586,86.66,NaN,NaN,NaN,NaN,89.416,95.782
58.458,NaN,84.014,54.362,69.27,NaN,NaN,NaN,NaN,NaN,81.398,73.484,NaN,NaN,67.935,NaN,NaN,68.302,53.299,81.659,NaN,NaN,78.36,79.119,NaN,64.892,39.063,79.862,68.062,NaN,NaN,NaN,NaN,NaN,86.063,82.825,NaN,NaN,67.336,51.199,NaN,54.16,NaN,NaN,NaN,NaN,NaN,NaN,NaN,73.584,91.785,NaN,NaN,NaN,NaN,NaN,51.117,92.486,NaN,82.528,NaN,NaN,NaN,44.401,NaN,NaN,NaN,NaN,58.156,45.334,94.332,NaN,91.679,51.429,NaN,98.727,83.731,60.496,94.665,NaN,47.188,NaN,87.788,NaN,95.96,64.154,73.765,86.899,44.331,78.861,NaN,93.321,NaN,NaN,49.589,85.988,NaN,68.068,NaN,76.69,84.866,NaN,71.014,NaN,NaN,NaN,88.99,53.955,NaN,NaN,70.737,79.48,NaN,NaN,NaN,86.922,63.694,87.455,NaN,NaN,NaN,NaN,90.591,95.897
58.598,NaN,84.152,56.031,69.603,NaN,NaN,NaN,NaN,NaN,83.059,80.281,NaN,NaN,71.802,NaN,NaN,69.797,53.497,85.859,NaN,NaN,80.324,81.388,NaN,70.834,41.6,82.523,68.827,NaN,NaN,NaN,NaN,NaN,86.652,82.96,NaN,NaN,71.66,54.298,NaN,55.461,NaN,NaN,NaN,NaN,NaN,NaN,NaN,73.695,94.399,NaN,NaN,NaN,NaN,NaN,51.389,94.657,NaN,84.694,NaN,NaN,NaN,46.359,NaN,NaN,NaN,NaN,58.327,45.418,94.457,NaN,NaN,53.116,NaN,98.861,84.72,63.067,96,NaN,50.038,NaN,89.229,NaN,96.096,64.326,74.819,87.028,44.402,79.858,NaN,94.889,NaN,NaN,49.752,86.934,NaN,70.7,NaN,77.366,84.953,NaN,72.589,NaN,NaN,NaN,90.193,54.786,NaN,NaN,72.371,80.234,NaN,NaN,NaN,89.287,64,88.967,NaN,NaN,NaN,NaN,NaN,NaN
60.126,NaN,84.924,56.131,69.734,NaN,NaN,NaN,NaN,NaN,83.732,80.45,NaN,NaN,71.916,NaN,NaN,70.656,55.088,95.066,NaN,NaN,84.988,81.531,NaN,71.021,41.805,85.084,70.662,NaN,NaN,NaN,NaN,NaN,87.262,83.749,NaN,NaN,71.768,54.429,NaN,65.296,NaN,NaN,NaN,NaN,NaN,NaN,NaN,80.447,NaN,NaN,NaN,NaN,NaN,NaN,51.704,96.954,NaN,86.729,NaN,NaN,NaN,47.207,NaN,NaN,NaN,NaN,61.626,46.296,NaN,NaN,NaN,53.265,NaN,NaN,84.82,63.188,96.121,NaN,50.362,NaN,89.39,NaN,NaN,64.467,74.93,87.726,47.091,80.825,NaN,94.988,NaN,NaN,49.886,91.723,NaN,70.832,NaN,77.463,85.115,NaN,72.726,NaN,NaN,NaN,90.297,54.898,NaN,NaN,72.486,80.656,NaN,NaN,NaN,89.419,65.427,89.293,NaN,NaN,NaN,NaN,NaN,NaN
60.262,NaN,85.382,58.123,74.857,NaN,NaN,NaN,NaN,NaN,83.862,80.967,NaN,NaN,75.601,NaN,NaN,72.562,55.497,95.195,NaN,NaN,85.13,81.623,NaN,71.897,42.393,85.288,70.792,NaN,NaN,NaN,NaN,NaN,87.364,84.565,NaN,NaN,74.228,57.519,NaN,65.428,NaN,NaN,NaN,NaN,NaN,NaN,NaN,80.561,NaN,NaN,NaN,NaN,NaN,NaN,51.796,98.313,NaN,88.369,NaN,NaN,NaN,47.323,NaN,NaN,NaN,NaN,64.501,47.99,NaN,NaN,NaN,54.706,NaN,NaN,88.346,65.262,97.402,NaN,50.467,NaN,91.718,NaN,NaN,67.857,78.93,89.23,47.704,82.959,NaN,96.143,NaN,NaN,50.051,94.113,NaN,76.867,NaN,77.833,86.304,NaN,73.825,NaN,NaN,NaN,91.763,56.161,NaN,NaN,76.067,81.661,NaN,NaN,NaN,NaN,65.63,95.023,NaN,NaN,NaN,NaN,NaN,NaN
60.45,NaN,85.503,59.669,78.964,NaN,NaN,NaN,NaN,NaN,85.084,82.491,NaN,NaN,78.26,NaN,NaN,72.697,61.089,NaN,NaN,NaN,86.023,81.789,NaN,74.219,42.5,85.433,71.727,NaN,NaN,NaN,NaN,NaN,88.8,86.522,NaN,NaN,75.429,57.906,NaN,67.783,NaN,NaN,NaN,NaN,NaN,NaN,NaN,80.928,NaN,NaN,NaN,NaN,NaN,NaN,55.265,98.579,NaN,89.731,NaN,NaN,NaN,47.731,NaN,NaN,NaN,NaN,65.989,48.266,NaN,NaN,NaN,56.622,NaN,NaN,90.19,66.239,97.496,NaN,51.562,NaN,94.994,NaN,NaN,67.962,79.03,90.294,48.825,83.199,NaN,96.268,NaN,NaN,50.167,94.455,NaN,76.98,NaN,79.892,86.67,NaN,78.561,NaN,NaN,NaN,95.794,56.268,NaN,NaN,76.295,84.862,NaN,NaN,NaN,NaN,66.496,99.363,NaN,NaN,NaN,NaN,NaN,NaN
60.561,NaN,86.015,59.758,79.969,NaN,NaN,NaN,NaN,NaN,85.796,85.392,NaN,NaN,84.455,NaN,NaN,76.561,62.052,NaN,NaN,NaN,86.167,82.77,NaN,76.005,42.723,85.519,72.161,NaN,NaN,NaN,NaN,NaN,88.889,87.717,NaN,NaN,79.868,58.022,NaN,68.065,NaN,NaN,NaN,NaN,NaN,NaN,NaN,84.455,NaN,NaN,NaN,NaN,NaN,NaN,55.361,98.702,NaN,89.986,NaN,NaN,NaN,48.331,NaN,NaN,NaN,NaN,67.172,51.789,NaN,NaN,NaN,56.988,NaN,NaN,90.318,67.289,99.166,NaN,52.164,NaN,95.816,NaN,NaN,68.635,80.982,90.998,49.503,84.729,NaN,NaN,NaN,NaN,54.228,94.568,NaN,79.623,NaN,85.996,86.787,NaN,78.722,NaN,NaN,NaN,96.085,58.019,NaN,NaN,78.45,87.555,NaN,NaN,NaN,NaN,66.63,99.656,NaN,NaN,NaN,NaN,NaN,NaN
61.967,NaN,86.149,61.938,80.088,NaN,NaN,NaN,NaN,NaN,88.225,85.532,NaN,NaN,84.59,NaN,NaN,76.933,64.527,NaN,NaN,NaN,87.256,85.996,NaN,77.382,43.323,87.419,72.332,NaN,NaN,NaN,NaN,NaN,89.224,89.015,NaN,NaN,80.285,58.189,NaN,70.693,NaN,NaN,NaN,NaN,NaN,NaN,NaN,84.601,NaN,NaN,NaN,NaN,NaN,NaN,56.251,NaN,NaN,90.589,NaN,NaN,NaN,50.82,NaN,NaN,NaN,NaN,67.318,53.295,NaN,NaN,NaN,57.158,NaN,NaN,92.522,69.121,99.255,NaN,52.599,NaN,96.633,NaN,NaN,68.784,81.089,91.12,49.67,85.349,NaN,NaN,NaN,NaN,54.324,95.789,NaN,79.866,NaN,86.088,88.278,NaN,88.424,NaN,NaN,NaN,NaN,59.47,NaN,NaN,78.901,89.433,NaN,NaN,NaN,NaN,66.817,NaN,NaN,NaN,NaN,NaN,NaN,NaN
62.071,NaN,88.493,63.095,80.92,NaN,NaN,NaN,NaN,NaN,90.024,87.853,NaN,NaN,85.724,NaN,NaN,77.052,66.63,NaN,NaN,NaN,87.364,86.092,NaN,78.128,43.637,87.519,72.687,NaN,NaN,NaN,NaN,NaN,90.233,95.001,NaN,NaN,80.461,58.461,NaN,70.832,NaN,NaN,NaN,NaN,NaN,NaN,NaN,85.793,NaN,NaN,NaN,NaN,NaN,NaN,56.368,NaN,NaN,91.214,NaN,NaN,NaN,51.194,NaN,NaN,NaN,NaN,68.698,57.468,NaN,NaN,NaN,60.495,NaN,NaN,93.682,69.234,NaN,NaN,53.065,NaN,NaN,NaN,NaN,69.121,81.768,91.714,51.872,86.917,NaN,NaN,NaN,NaN,55.962,NaN,NaN,81.781,NaN,89.283,88.425,NaN,90.62,NaN,NaN,NaN,NaN,60.55,NaN,NaN,82.371,92.295,NaN,NaN,NaN,NaN,67.915,NaN,NaN,NaN,NaN,NaN,NaN,NaN
63.297,NaN,89.603,63.237,81.035,NaN,NaN,NaN,NaN,NaN,92.363,88.447,NaN,NaN,85.958,NaN,NaN,79.729,66.899,NaN,NaN,NaN,87.527,90.598,NaN,78.248,46.764,88.445,73.169,NaN,NaN,NaN,NaN,NaN,92.8,95.783,NaN,NaN,80.79,61.12,NaN,71.815,NaN,NaN,NaN,NaN,NaN,NaN,NaN,87.062,NaN,NaN,NaN,NaN,NaN,NaN,56.464,NaN,NaN,92.799,NaN,NaN,NaN,51.428,NaN,NaN,NaN,NaN,70.059,59.451,NaN,NaN,NaN,60.695,NaN,NaN,94.327,69.937,NaN,NaN,53.123,NaN,NaN,NaN,NaN,69.263,86.954,94.386,52.227,87.028,NaN,NaN,NaN,NaN,56.153,NaN,NaN,81.888,NaN,89.415,89.483,NaN,90.858,NaN,NaN,NaN,NaN,61.995,NaN,NaN,83.716,92.758,NaN,NaN,NaN,NaN,68.389,NaN,NaN,NaN,NaN,NaN,NaN,NaN
63.43,NaN,89.696,65.503,84.199,NaN,NaN,NaN,NaN,NaN,95.414,95.453,NaN,NaN,86.089,NaN,NaN,82.133,72.185,NaN,NaN,NaN,87.655,90.891,NaN,78.36,47.405,91.388,73.452,NaN,NaN,NaN,NaN,NaN,92.914,96.024,NaN,NaN,84.184,61.892,NaN,80.27,NaN,NaN,NaN,NaN,NaN,NaN,NaN,88.381,NaN,NaN,NaN,NaN,NaN,NaN,57.101,NaN,NaN,92.89,NaN,NaN,NaN,52.131,NaN,NaN,NaN,NaN,70.295,60.128,NaN,NaN,NaN,61.066,NaN,NaN,94.629,73.455,NaN,NaN,53.872,NaN,NaN,NaN,NaN,69.926,87.092,95.785,53.058,88.482,NaN,NaN,NaN,NaN,56.327,NaN,NaN,85.819,NaN,91.053,90.394,NaN,91.717,NaN,NaN,NaN,NaN,63.599,NaN,NaN,84.948,92.954,NaN,NaN,NaN,NaN,68.766,NaN,NaN,NaN,NaN,NaN,NaN,NaN
64.77,NaN,94.602,66.199,84.322,NaN,NaN,NaN,NaN,NaN,95.549,95.599,NaN,NaN,88.162,NaN,NaN,82.25,78.758,NaN,NaN,NaN,89.757,92.719,NaN,80.762,48,91.69,75.225,NaN,NaN,NaN,NaN,NaN,96.012,97.883,NaN,NaN,84.387,63.066,NaN,80.364,NaN,NaN,NaN,NaN,NaN,NaN,NaN,91.747,NaN,NaN,NaN,NaN,NaN,NaN,58.191,NaN,NaN,96.36,NaN,NaN,NaN,53.531,NaN,NaN,NaN,NaN,72.637,61.885,NaN,NaN,NaN,62.362,NaN,NaN,94.885,74.121,NaN,NaN,54.299,NaN,NaN,NaN,NaN,73.499,87.517,95.929,54.287,89.25,NaN,NaN,NaN,NaN,56.629,NaN,NaN,86.516,NaN,94.624,90.723,NaN,94.292,NaN,NaN,NaN,NaN,65.018,NaN,NaN,85.066,93.628,NaN,NaN,NaN,NaN,69.595,NaN,NaN,NaN,NaN,NaN,NaN,NaN
65.296,NaN,94.729,73.117,85.426,NaN,NaN,NaN,NaN,NaN,97.425,98,NaN,NaN,89.584,NaN,NaN,85.088,78.927,NaN,NaN,NaN,89.83,92.922,NaN,82.326,48.268,91.791,75.522,NaN,NaN,NaN,NaN,NaN,99.163,98.125,NaN,NaN,84.962,63.194,NaN,81.864,NaN,NaN,NaN,NaN,NaN,NaN,NaN,92.127,NaN,NaN,NaN,NaN,NaN,NaN,58.499,NaN,NaN,97.416,NaN,NaN,NaN,53.627,NaN,NaN,NaN,NaN,72.756,62.298,NaN,NaN,NaN,62.463,NaN,NaN,94.994,76.562,NaN,NaN,54.528,NaN,NaN,NaN,NaN,73.672,88.387,96.632,60.317,89.391,NaN,NaN,NaN,NaN,61.705,NaN,NaN,95.786,NaN,97.401,91.435,NaN,96.627,NaN,NaN,NaN,NaN,65.66,NaN,NaN,90.993,95.353,NaN,NaN,NaN,NaN,69.888,NaN,NaN,NaN,NaN,NaN,NaN,NaN
65.76,NaN,NaN,73.328,89.59,NaN,NaN,NaN,NaN,NaN,NaN,98.349,NaN,NaN,93.225,NaN,NaN,85.821,82.951,NaN,NaN,NaN,95.362,93.85,NaN,82.52,48.666,94.391,75.755,NaN,NaN,NaN,NaN,NaN,NaN,NaN,NaN,NaN,87.253,64.765,NaN,82.001,NaN,NaN,NaN,NaN,NaN,NaN,NaN,94.883,NaN,NaN,NaN,NaN,NaN,NaN,58.783,NaN,NaN,97.563,NaN,NaN,NaN,53.901,NaN,NaN,NaN,NaN,78.429,66.237,NaN,NaN,NaN,64.123,NaN,NaN,97.265,76.721,NaN,NaN,54.658,NaN,NaN,NaN,NaN,75.389,88.525,96.764,60.464,91.323,NaN,NaN,NaN,NaN,62.429,NaN,NaN,95.888,NaN,97.495,91.904,NaN,NaN,NaN,NaN,NaN,NaN,65.992,NaN,NaN,92.758,97.589,NaN,NaN,NaN,NaN,71.352,NaN,NaN,NaN,NaN,NaN,NaN,NaN
65.897,NaN,NaN,73.434,89.699,NaN,NaN,NaN,NaN,NaN,NaN,NaN,NaN,NaN,93.318,NaN,NaN,92.298,84.978,NaN,NaN,NaN,97.414,93.969,NaN,82.85,49.818,94.898,75.866,NaN,NaN,NaN,NaN,NaN,NaN,NaN,NaN,NaN,89.255,65.298,NaN,88.397,NaN,NaN,NaN,NaN,NaN,NaN,NaN,94.993,NaN,NaN,NaN,NaN,NaN,NaN,60.468,NaN,NaN,98.221,NaN,NaN,NaN,55.665,NaN,NaN,NaN,NaN,80.835,66.399,NaN,NaN,NaN,64.77,NaN,NaN,NaN,78.56,NaN,NaN,57.949,NaN,NaN,NaN,NaN,76.881,90.627,97.457,62.317,91.595,NaN,NaN,NaN,NaN,65.496,NaN,NaN,98.464,NaN,NaN,92.021,NaN,NaN,NaN,NaN,NaN,NaN,66.068,NaN,NaN,92.964,NaN,NaN,NaN,NaN,NaN,71.82,NaN,NaN,NaN,NaN,NaN,NaN,NaN
66.238,NaN,NaN,74.036,92.303,NaN,NaN,NaN,NaN,NaN,NaN,NaN,NaN,NaN,94.599,NaN,NaN,92.648,85.116,NaN,NaN,NaN,NaN,94.225,NaN,85.121,50.1,94.996,76.871,NaN,NaN,NaN,NaN,NaN,NaN,NaN,NaN,NaN,89.389,66.214,NaN,95.685,NaN,NaN,NaN,NaN,NaN,NaN,NaN,97.397,NaN,NaN,NaN,NaN,NaN,NaN,60.656,NaN,NaN,NaN,NaN,NaN,NaN,55.787,NaN,NaN,NaN,NaN,84.961,66.501,NaN,NaN,NaN,66.13,NaN,NaN,NaN,79.802,NaN,NaN,60.897,NaN,NaN,NaN,NaN,77.053,90.756,NaN,62.474,91.695,NaN,NaN,NaN,NaN,75.95,NaN,NaN,NaN,NaN,NaN,95.781,NaN,NaN,NaN,NaN,NaN,NaN,67.5,NaN,NaN,95.286,NaN,NaN,NaN,NaN,NaN,73.129,NaN,NaN,NaN,NaN,NaN,NaN,NaN
67.266,NaN,NaN,74.188,94.317,NaN,NaN,NaN,NaN,NaN,NaN,NaN,NaN,NaN,94.73,NaN,NaN,92.782,89.193,NaN,NaN,NaN,NaN,NaN,NaN,94.688,50.931,95.469,78.053,NaN,NaN,NaN,NaN,NaN,NaN,NaN,NaN,NaN,93.368,67.263,NaN,NaN,NaN,NaN,NaN,NaN,NaN,NaN,NaN,NaN,NaN,NaN,NaN,NaN,NaN,NaN,60.728,NaN,NaN,NaN,NaN,NaN,NaN,55.867,NaN,NaN,NaN,NaN,90.27,69.856,NaN,NaN,NaN,66.497,NaN,NaN,NaN,80.385,NaN,NaN,63.257,NaN,NaN,NaN,NaN,78.052,NaN,NaN,68.899,95.735,NaN,NaN,NaN,NaN,77.004,NaN,NaN,NaN,NaN,NaN,NaN,NaN,NaN,NaN,NaN,NaN,NaN,73.223,NaN,NaN,95.423,NaN,NaN,NaN,NaN,NaN,73.259,NaN,NaN,NaN,NaN,NaN,NaN,NaN
67.384,NaN,NaN,75.501,94.8,NaN,NaN,NaN,NaN,NaN,NaN,NaN,NaN,NaN,95.451,NaN,NaN,94.819,89.335,NaN,NaN,NaN,NaN,NaN,NaN,98.291,51.093,NaN,78.121,NaN,NaN,NaN,NaN,NaN,NaN,NaN,NaN,NaN,93.453,67.519,NaN,NaN,NaN,NaN,NaN,NaN,NaN,NaN,NaN,NaN,NaN,NaN,NaN,NaN,NaN,NaN,65.53,NaN,NaN,NaN,NaN,NaN,NaN,58.267,NaN,NaN,NaN,NaN,92.25,72.56,NaN,NaN,NaN,66.661,NaN,NaN,NaN,81.581,NaN,NaN,63.861,NaN,NaN,NaN,NaN,80.327,NaN,NaN,71.931,96.627,NaN,NaN,NaN,NaN,77.155,NaN,NaN,NaN,NaN,NaN,NaN,NaN,NaN,NaN,NaN,NaN,NaN,73.364,NaN,NaN,95.696,NaN,NaN,NaN,NaN,NaN,74.995,NaN,NaN,NaN,NaN,NaN,NaN,NaN
69.866,NaN,NaN,75.651,94.897,NaN,NaN,NaN,NaN,NaN,NaN,NaN,NaN,NaN,95.559,NaN,NaN,94.986,NaN,NaN,NaN,NaN,NaN,NaN,NaN,NaN,52.928,NaN,78.656,NaN,NaN,NaN,NaN,NaN,NaN,NaN,NaN,NaN,93.834,68.2,NaN,NaN,NaN,NaN,NaN,NaN,NaN,NaN,NaN,NaN,NaN,NaN,NaN,NaN,NaN,NaN,66.187,NaN,NaN,NaN,NaN,NaN,NaN,58.826,NaN,NaN,NaN,NaN,93.835,78.415,NaN,NaN,NaN,67.237,NaN,NaN,NaN,82.885,NaN,NaN,66.461,NaN,NaN,NaN,NaN,82.518,NaN,NaN,72.05,98.188,NaN,NaN,NaN,NaN,77.59,NaN,NaN,NaN,NaN,NaN,NaN,NaN,NaN,NaN,NaN,NaN,NaN,74.189,NaN,NaN,95.927,NaN,NaN,NaN,NaN,NaN,75.122,NaN,NaN,NaN,NaN,NaN,NaN,NaN
70.698,NaN,NaN,75.729,95.35,NaN,NaN,NaN,NaN,NaN,NaN,NaN,NaN,NaN,97.411,NaN,NaN,95.789,NaN,NaN,NaN,NaN,NaN,NaN,NaN,NaN,53.465,NaN,78.921,NaN,NaN,NaN,NaN,NaN,NaN,NaN,NaN,NaN,97.656,69.798,NaN,NaN,NaN,NaN,NaN,NaN,NaN,NaN,NaN,NaN,NaN,NaN,NaN,NaN,NaN,NaN,66.651,NaN,NaN,NaN,NaN,NaN,NaN,59.067,NaN,NaN,NaN,NaN,94.415,80.279,NaN,NaN,NaN,68.413,NaN,NaN,NaN,84.124,NaN,NaN,67.127,NaN,NaN,NaN,NaN,82.632,NaN,NaN,72.682,NaN,NaN,NaN,NaN,NaN,77.689,NaN,NaN,NaN,NaN,NaN,NaN,NaN,NaN,NaN,NaN,NaN,NaN,76.035,NaN,NaN,NaN,NaN,NaN,NaN,NaN,NaN,76.284,NaN,NaN,NaN,NaN,NaN,NaN,NaN
70.834,NaN,NaN,76.391,95.467,NaN,NaN,NaN,NaN,NaN,NaN,NaN,NaN,NaN,97.524,NaN,NaN,NaN,NaN,NaN,NaN,NaN,NaN,NaN,NaN,NaN,54.09,NaN,80.46,NaN,NaN,NaN,NaN,NaN,NaN,NaN,NaN,NaN,NaN,70.816,NaN,NaN,NaN,NaN,NaN,NaN,NaN,NaN,NaN,NaN,NaN,NaN,NaN,NaN,NaN,NaN,68.129,NaN,NaN,NaN,NaN,NaN,NaN,59.867,NaN,NaN,NaN,NaN,94.717,83.757,NaN,NaN,NaN,68.733,NaN,NaN,NaN,84.95,NaN,NaN,67.361,NaN,NaN,NaN,NaN,83.984,NaN,NaN,72.896,NaN,NaN,NaN,NaN,NaN,78.899,NaN,NaN,NaN,NaN,NaN,NaN,NaN,NaN,NaN,NaN,NaN,NaN,80.853,NaN,NaN,NaN,NaN,NaN,NaN,NaN,NaN,76.402,NaN,NaN,NaN,NaN,NaN,NaN,NaN
72.55,NaN,NaN,76.492,96.049,NaN,NaN,NaN,NaN,NaN,NaN,NaN,NaN,NaN,NaN,NaN,NaN,NaN,NaN,NaN,NaN,NaN,NaN,NaN,NaN,NaN,58.128,NaN,81.656,NaN,NaN,NaN,NaN,NaN,NaN,NaN,NaN,NaN,NaN,73.49,NaN,NaN,NaN,NaN,NaN,NaN,NaN,NaN,NaN,NaN,NaN,NaN,NaN,NaN,NaN,NaN,71.723,NaN,NaN,NaN,NaN,NaN,NaN,60.056,NaN,NaN,NaN,NaN,95.783,85.024,NaN,NaN,NaN,68.995,NaN,NaN,NaN,85.366,NaN,NaN,68.666,NaN,NaN,NaN,NaN,84.183,NaN,NaN,73.394,NaN,NaN,NaN,NaN,NaN,79.058,NaN,NaN,NaN,NaN,NaN,NaN,NaN,NaN,NaN,NaN,NaN,NaN,80.954,NaN,NaN,NaN,NaN,NaN,NaN,NaN,NaN,76.59,NaN,NaN,NaN,NaN,NaN,NaN,NaN
73.656,NaN,NaN,79.847,96.166,NaN,NaN,NaN,NaN,NaN,NaN,NaN,NaN,NaN,NaN,NaN,NaN,NaN,NaN,NaN,NaN,NaN,NaN,NaN,NaN,NaN,58.253,NaN,81.78,NaN,NaN,NaN,NaN,NaN,NaN,NaN,NaN,NaN,NaN,73.598,NaN,NaN,NaN,NaN,NaN,NaN,NaN,NaN,NaN,NaN,NaN,NaN,NaN,NaN,NaN,NaN,71.86,NaN,NaN,NaN,NaN,NaN,NaN,64.348,NaN,NaN,NaN,NaN,99.627,85.293,NaN,NaN,NaN,69.229,NaN,NaN,NaN,85.515,NaN,NaN,70.215,NaN,NaN,NaN,NaN,84.335,NaN,NaN,78.557,NaN,NaN,NaN,NaN,NaN,81.627,NaN,NaN,NaN,NaN,NaN,NaN,NaN,NaN,NaN,NaN,NaN,NaN,82.253,NaN,NaN,NaN,NaN,NaN,NaN,NaN,NaN,77.358,NaN,NaN,NaN,NaN,NaN,NaN,NaN
73.788,NaN,NaN,80.247,98.58,NaN,NaN,NaN,NaN,NaN,NaN,NaN,NaN,NaN,NaN,NaN,NaN,NaN,NaN,NaN,NaN,NaN,NaN,NaN,NaN,NaN,60.598,NaN,83.832,NaN,NaN,NaN,NaN,NaN,NaN,NaN,NaN,NaN,NaN,73.791,NaN,NaN,NaN,NaN,NaN,NaN,NaN,NaN,NaN,NaN,NaN,NaN,NaN,NaN,NaN,NaN,72.195,NaN,NaN,NaN,NaN,NaN,NaN,64.515,NaN,NaN,NaN,NaN,99.755,88.418,NaN,NaN,NaN,69.599,NaN,NaN,NaN,87.885,NaN,NaN,72.727,NaN,NaN,NaN,NaN,84.886,NaN,NaN,78.679,NaN,NaN,NaN,NaN,NaN,81.799,NaN,NaN,NaN,NaN,NaN,NaN,NaN,NaN,NaN,NaN,NaN,NaN,82.731,NaN,NaN,NaN,NaN,NaN,NaN,NaN,NaN,79.383,NaN,NaN,NaN,NaN,NaN,NaN,NaN
76.661,NaN,NaN,80.401,98.7,NaN,NaN,NaN,NaN,NaN,NaN,NaN,NaN,NaN,NaN,NaN,NaN,NaN,NaN,NaN,NaN,NaN,NaN,NaN,NaN,NaN,60.687,NaN,84.23,NaN,NaN,NaN,NaN,NaN,NaN,NaN,NaN,NaN,NaN,76.563,NaN,NaN,NaN,NaN,NaN,NaN,NaN,NaN,NaN,NaN,NaN,NaN,NaN,NaN,NaN,NaN,72.335,NaN,NaN,NaN,NaN,NaN,NaN,64.773,NaN,NaN,NaN,NaN,NaN,88.517,NaN,NaN,NaN,70.855,NaN,NaN,NaN,88.022,NaN,NaN,73.792,NaN,NaN,NaN,NaN,85.834,NaN,NaN,78.958,NaN,NaN,NaN,NaN,NaN,94.692,NaN,NaN,NaN,NaN,NaN,NaN,NaN,NaN,NaN,NaN,NaN,NaN,85.09,NaN,NaN,NaN,NaN,NaN,NaN,NaN,NaN,79.97,NaN,NaN,NaN,NaN,NaN,NaN,NaN
76.889,NaN,NaN,81.303,NaN,NaN,NaN,NaN,NaN,NaN,NaN,NaN,NaN,NaN,NaN,NaN,NaN,NaN,NaN,NaN,NaN,NaN,NaN,NaN,NaN,NaN,67.831,NaN,84.582,NaN,NaN,NaN,NaN,NaN,NaN,NaN,NaN,NaN,NaN,76.929,NaN,NaN,NaN,NaN,NaN,NaN,NaN,NaN,NaN,NaN,NaN,NaN,NaN,NaN,NaN,NaN,72.526,NaN,NaN,NaN,NaN,NaN,NaN,64.867,NaN,NaN,NaN,NaN,NaN,92.75,NaN,NaN,NaN,71.67,NaN,NaN,NaN,88.465,NaN,NaN,74.167,NaN,NaN,NaN,NaN,87.497,NaN,NaN,79.061,NaN,NaN,NaN,NaN,NaN,95.482,NaN,NaN,NaN,NaN,NaN,NaN,NaN,NaN,NaN,NaN,NaN,NaN,85.386,NaN,NaN,NaN,NaN,NaN,NaN,NaN,NaN,80.354,NaN,NaN,NaN,NaN,NaN,NaN,NaN
77.121,NaN,NaN,81.767,NaN,NaN,NaN,NaN,NaN,NaN,NaN,NaN,NaN,NaN,NaN,NaN,NaN,NaN,NaN,NaN,NaN,NaN,NaN,NaN,NaN,NaN,68.99,NaN,84.964,NaN,NaN,NaN,NaN,NaN,NaN,NaN,NaN,NaN,NaN,78.423,NaN,NaN,NaN,NaN,NaN,NaN,NaN,NaN,NaN,NaN,NaN,NaN,NaN,NaN,NaN,NaN,72.73,NaN,NaN,NaN,NaN,NaN,NaN,65.316,NaN,NaN,NaN,NaN,NaN,92.882,NaN,NaN,NaN,75.55,NaN,NaN,NaN,89.686,NaN,NaN,77.203,NaN,NaN,NaN,NaN,88.502,NaN,NaN,84.732,NaN,NaN,NaN,NaN,NaN,96.681,NaN,NaN,NaN,NaN,NaN,NaN,NaN,NaN,NaN,NaN,NaN,NaN,90.821,NaN,NaN,NaN,NaN,NaN,NaN,NaN,NaN,80.752,NaN,NaN,NaN,NaN,NaN,NaN,NaN
78.266,NaN,NaN,81.956,NaN,NaN,NaN,NaN,NaN,NaN,NaN,NaN,NaN,NaN,NaN,NaN,NaN,NaN,NaN,NaN,NaN,NaN,NaN,NaN,NaN,NaN,69.057,NaN,85.696,NaN,NaN,NaN,NaN,NaN,NaN,NaN,NaN,NaN,NaN,80.295,NaN,NaN,NaN,NaN,NaN,NaN,NaN,NaN,NaN,NaN,NaN,NaN,NaN,NaN,NaN,NaN,73.66,NaN,NaN,NaN,NaN,NaN,NaN,65.461,NaN,NaN,NaN,NaN,NaN,93.728,NaN,NaN,NaN,75.656,NaN,NaN,NaN,90.667,NaN,NaN,77.788,NaN,NaN,NaN,NaN,90.656,NaN,NaN,84.932,NaN,NaN,NaN,NaN,NaN,97.391,NaN,NaN,NaN,NaN,NaN,NaN,NaN,NaN,NaN,NaN,NaN,NaN,91.358,NaN,NaN,NaN,NaN,NaN,NaN,NaN,NaN,80.862,NaN,NaN,NaN,NaN,NaN,NaN,NaN
78.886,NaN,NaN,83.119,NaN,NaN,NaN,NaN,NaN,NaN,NaN,NaN,NaN,NaN,NaN,NaN,NaN,NaN,NaN,NaN,NaN,NaN,NaN,NaN,NaN,NaN,72.519,NaN,86.027,NaN,NaN,NaN,NaN,NaN,NaN,NaN,NaN,NaN,NaN,80.423,NaN,NaN,NaN,NaN,NaN,NaN,NaN,NaN,NaN,NaN,NaN,NaN,NaN,NaN,NaN,NaN,73.798,NaN,NaN,NaN,NaN,NaN,NaN,68.731,NaN,NaN,NaN,NaN,NaN,95.788,NaN,NaN,NaN,76.447,NaN,NaN,NaN,90.782,NaN,NaN,78.749,NaN,NaN,NaN,NaN,91.934,NaN,NaN,85.029,NaN,NaN,NaN,NaN,NaN,NaN,NaN,NaN,NaN,NaN,NaN,NaN,NaN,NaN,NaN,NaN,NaN,NaN,91.486,NaN,NaN,NaN,NaN,NaN,NaN,NaN,NaN,81.989,NaN,NaN,NaN,NaN,NaN,NaN,NaN
80.294,NaN,NaN,84.751,NaN,NaN,NaN,NaN,NaN,NaN,NaN,NaN,NaN,NaN,NaN,NaN,NaN,NaN,NaN,NaN,NaN,NaN,NaN,NaN,NaN,NaN,80.294,NaN,87.432,NaN,NaN,NaN,NaN,NaN,NaN,NaN,NaN,NaN,NaN,82.793,NaN,NaN,NaN,NaN,NaN,NaN,NaN,NaN,NaN,NaN,NaN,NaN,NaN,NaN,NaN,NaN,75.726,NaN,NaN,NaN,NaN,NaN,NaN,71.298,NaN,NaN,NaN,NaN,NaN,97.662,NaN,NaN,NaN,77.024,NaN,NaN,NaN,94.792,NaN,NaN,78.831,NaN,NaN,NaN,NaN,95.783,NaN,NaN,91.692,NaN,NaN,NaN,NaN,NaN,NaN,NaN,NaN,NaN,NaN,NaN,NaN,NaN,NaN,NaN,NaN,NaN,NaN,94.488,NaN,NaN,NaN,NaN,NaN,NaN,NaN,NaN,82.128,NaN,NaN,NaN,NaN,NaN,NaN,NaN
80.867,NaN,NaN,84.867,NaN,NaN,NaN,NaN,NaN,NaN,NaN,NaN,NaN,NaN,NaN,NaN,NaN,NaN,NaN,NaN,NaN,NaN,NaN,NaN,NaN,NaN,82.752,NaN,88.159,NaN,NaN,NaN,NaN,NaN,NaN,NaN,NaN,NaN,NaN,82.931,NaN,NaN,NaN,NaN,NaN,NaN,NaN,NaN,NaN,NaN,NaN,NaN,NaN,NaN,NaN,NaN,75.847,NaN,NaN,NaN,NaN,NaN,NaN,74.432,NaN,NaN,NaN,NaN,NaN,97.797,NaN,NaN,NaN,78.065,NaN,NaN,NaN,94.985,NaN,NaN,79.959,NaN,NaN,NaN,NaN,96.16,NaN,NaN,93.65,NaN,NaN,NaN,NaN,NaN,NaN,NaN,NaN,NaN,NaN,NaN,NaN,NaN,NaN,NaN,NaN,NaN,NaN,94.754,NaN,NaN,NaN,NaN,NaN,NaN,NaN,NaN,84.301,NaN,NaN,NaN,NaN,NaN,NaN,NaN
81.77,NaN,NaN,85.348,NaN,NaN,NaN,NaN,NaN,NaN,NaN,NaN,NaN,NaN,NaN,NaN,NaN,NaN,NaN,NaN,NaN,NaN,NaN,NaN,NaN,NaN,84.187,NaN,88.357,NaN,NaN,NaN,NaN,NaN,NaN,NaN,NaN,NaN,NaN,84.949,NaN,NaN,NaN,NaN,NaN,NaN,NaN,NaN,NaN,NaN,NaN,NaN,NaN,NaN,NaN,NaN,75.997,NaN,NaN,NaN,NaN,NaN,NaN,74.83,NaN,NaN,NaN,NaN,NaN,NaN,NaN,NaN,NaN,79.057,NaN,NaN,NaN,96.18,NaN,NaN,80.795,NaN,NaN,NaN,NaN,98.386,NaN,NaN,93.896,NaN,NaN,NaN,NaN,NaN,NaN,NaN,NaN,NaN,NaN,NaN,NaN,NaN,NaN,NaN,NaN,NaN,NaN,95.016,NaN,NaN,NaN,NaN,NaN,NaN,NaN,NaN,84.447,NaN,NaN,NaN,NaN,NaN,NaN,NaN
84.136,NaN,NaN,85.452,NaN,NaN,NaN,NaN,NaN,NaN,NaN,NaN,NaN,NaN,NaN,NaN,NaN,NaN,NaN,NaN,NaN,NaN,NaN,NaN,NaN,NaN,88.791,NaN,90.456,NaN,NaN,NaN,NaN,NaN,NaN,NaN,NaN,NaN,NaN,89.255,NaN,NaN,NaN,NaN,NaN,NaN,NaN,NaN,NaN,NaN,NaN,NaN,NaN,NaN,NaN,NaN,76.352,NaN,NaN,NaN,NaN,NaN,NaN,75.252,NaN,NaN,NaN,NaN,NaN,NaN,NaN,NaN,NaN,80.259,NaN,NaN,NaN,96.264,NaN,NaN,81.963,NaN,NaN,NaN,NaN,98.757,NaN,NaN,93.985,NaN,NaN,NaN,NaN,NaN,NaN,NaN,NaN,NaN,NaN,NaN,NaN,NaN,NaN,NaN,NaN,NaN,NaN,95.29,NaN,NaN,NaN,NaN,NaN,NaN,NaN,NaN,84.614,NaN,NaN,NaN,NaN,NaN,NaN,NaN
84.567,NaN,NaN,87.202,NaN,NaN,NaN,NaN,NaN,NaN,NaN,NaN,NaN,NaN,NaN,NaN,NaN,NaN,NaN,NaN,NaN,NaN,NaN,NaN,NaN,NaN,94.327,NaN,90.992,NaN,NaN,NaN,NaN,NaN,NaN,NaN,NaN,NaN,NaN,89.728,NaN,NaN,NaN,NaN,NaN,NaN,NaN,NaN,NaN,NaN,NaN,NaN,NaN,NaN,NaN,NaN,76.991,NaN,NaN,NaN,NaN,NaN,NaN,75.932,NaN,NaN,NaN,NaN,NaN,NaN,NaN,NaN,NaN,80.818,NaN,NaN,NaN,98.753,NaN,NaN,86.026,NaN,NaN,NaN,NaN,98.885,NaN,NaN,95.788,NaN,NaN,NaN,NaN,NaN,NaN,NaN,NaN,NaN,NaN,NaN,NaN,NaN,NaN,NaN,NaN,NaN,NaN,95.5,NaN,NaN,NaN,NaN,NaN,NaN,NaN,NaN,84.819,NaN,NaN,NaN,NaN,NaN,NaN,NaN
84.962,NaN,NaN,89.886,NaN,NaN,NaN,NaN,NaN,NaN,NaN,NaN,NaN,NaN,NaN,NaN,NaN,NaN,NaN,NaN,NaN,NaN,NaN,NaN,NaN,NaN,94.463,NaN,91.228,NaN,NaN,NaN,NaN,NaN,NaN,NaN,NaN,NaN,NaN,89.868,NaN,NaN,NaN,NaN,NaN,NaN,NaN,NaN,NaN,NaN,NaN,NaN,NaN,NaN,NaN,NaN,77.393,NaN,NaN,NaN,NaN,NaN,NaN,76.032,NaN,NaN,NaN,NaN,NaN,NaN,NaN,NaN,NaN,81.619,NaN,NaN,NaN,NaN,NaN,NaN,86.234,NaN,NaN,NaN,NaN,NaN,NaN,NaN,98.996,NaN,NaN,NaN,NaN,NaN,NaN,NaN,NaN,NaN,NaN,NaN,NaN,NaN,NaN,NaN,NaN,NaN,NaN,NaN,NaN,NaN,NaN,NaN,NaN,NaN,NaN,NaN,89.603,NaN,NaN,NaN,NaN,NaN,NaN,NaN
88.522,NaN,NaN,90.024,NaN,NaN,NaN,NaN,NaN,NaN,NaN,NaN,NaN,NaN,NaN,NaN,NaN,NaN,NaN,NaN,NaN,NaN,NaN,NaN,NaN,NaN,97.385,NaN,91.926,NaN,NaN,NaN,NaN,NaN,NaN,NaN,NaN,NaN,NaN,92.301,NaN,NaN,NaN,NaN,NaN,NaN,NaN,NaN,NaN,NaN,NaN,NaN,NaN,NaN,NaN,NaN,78.062,NaN,NaN,NaN,NaN,NaN,NaN,76.917,NaN,NaN,NaN,NaN,NaN,NaN,NaN,NaN,NaN,82.78,NaN,NaN,NaN,NaN,NaN,NaN,87.748,NaN,NaN,NaN,NaN,NaN,NaN,NaN,NaN,NaN,NaN,NaN,NaN,NaN,NaN,NaN,NaN,NaN,NaN,NaN,NaN,NaN,NaN,NaN,NaN,NaN,NaN,NaN,NaN,NaN,NaN,NaN,NaN,NaN,NaN,NaN,89.748,NaN,NaN,NaN,NaN,NaN,NaN,NaN
90.57,NaN,NaN,92.803,NaN,NaN,NaN,NaN,NaN,NaN,NaN,NaN,NaN,NaN,NaN,NaN,NaN,NaN,NaN,NaN,NaN,NaN,NaN,NaN,NaN,NaN,NaN,NaN,92.282,NaN,NaN,NaN,NaN,NaN,NaN,NaN,NaN,NaN,NaN,92.423,NaN,NaN,NaN,NaN,NaN,NaN,NaN,NaN,NaN,NaN,NaN,NaN,NaN,NaN,NaN,NaN,78.196,NaN,NaN,NaN,NaN,NaN,NaN,77.619,NaN,NaN,NaN,NaN,NaN,NaN,NaN,NaN,NaN,82.889,NaN,NaN,NaN,NaN,NaN,NaN,89.594,NaN,NaN,NaN,NaN,NaN,NaN,NaN,NaN,NaN,NaN,NaN,NaN,NaN,NaN,NaN,NaN,NaN,NaN,NaN,NaN,NaN,NaN,NaN,NaN,NaN,NaN,NaN,NaN,NaN,NaN,NaN,NaN,NaN,NaN,NaN,90.36,NaN,NaN,NaN,NaN,NaN,NaN,NaN
91.681,NaN,NaN,92.922,NaN,NaN,NaN,NaN,NaN,NaN,NaN,NaN,NaN,NaN,NaN,NaN,NaN,NaN,NaN,NaN,NaN,NaN,NaN,NaN,NaN,NaN,NaN,NaN,92.629,NaN,NaN,NaN,NaN,NaN,NaN,NaN,NaN,NaN,NaN,94.813,NaN,NaN,NaN,NaN,NaN,NaN,NaN,NaN,NaN,NaN,NaN,NaN,NaN,NaN,NaN,NaN,81.147,NaN,NaN,NaN,NaN,NaN,NaN,80.324,NaN,NaN,NaN,NaN,NaN,NaN,NaN,NaN,NaN,83.115,NaN,NaN,NaN,NaN,NaN,NaN,89.72,NaN,NaN,NaN,NaN,NaN,NaN,NaN,NaN,NaN,NaN,NaN,NaN,NaN,NaN,NaN,NaN,NaN,NaN,NaN,NaN,NaN,NaN,NaN,NaN,NaN,NaN,NaN,NaN,NaN,NaN,NaN,NaN,NaN,NaN,NaN,91.758,NaN,NaN,NaN,NaN,NaN,NaN,NaN
91.8,NaN,NaN,95.936,NaN,NaN,NaN,NaN,NaN,NaN,NaN,NaN,NaN,NaN,NaN,NaN,NaN,NaN,NaN,NaN,NaN,NaN,NaN,NaN,NaN,NaN,NaN,NaN,93.485,NaN,NaN,NaN,NaN,NaN,NaN,NaN,NaN,NaN,NaN,94.921,NaN,NaN,NaN,NaN,NaN,NaN,NaN,NaN,NaN,NaN,NaN,NaN,NaN,NaN,NaN,NaN,81.281,NaN,NaN,NaN,NaN,NaN,NaN,80.891,NaN,NaN,NaN,NaN,NaN,NaN,NaN,NaN,NaN,85.995,NaN,NaN,NaN,NaN,NaN,NaN,90.896,NaN,NaN,NaN,NaN,NaN,NaN,NaN,NaN,NaN,NaN,NaN,NaN,NaN,NaN,NaN,NaN,NaN,NaN,NaN,NaN,NaN,NaN,NaN,NaN,NaN,NaN,NaN,NaN,NaN,NaN,NaN,NaN,NaN,NaN,NaN,92.356,NaN,NaN,NaN,NaN,NaN,NaN,NaN
92.132,NaN,NaN,96.637,NaN,NaN,NaN,NaN,NaN,NaN,NaN,NaN,NaN,NaN,NaN,NaN,NaN,NaN,NaN,NaN,NaN,NaN,NaN,NaN,NaN,NaN,NaN,NaN,93.977,NaN,NaN,NaN,NaN,NaN,NaN,NaN,NaN,NaN,NaN,96.157,NaN,NaN,NaN,NaN,NaN,NaN,NaN,NaN,NaN,NaN,NaN,NaN,NaN,NaN,NaN,NaN,82.06,NaN,NaN,NaN,NaN,NaN,NaN,81.783,NaN,NaN,NaN,NaN,NaN,NaN,NaN,NaN,NaN,86.087,NaN,NaN,NaN,NaN,NaN,NaN,93.788,NaN,NaN,NaN,NaN,NaN,NaN,NaN,NaN,NaN,NaN,NaN,NaN,NaN,NaN,NaN,NaN,NaN,NaN,NaN,NaN,NaN,NaN,NaN,NaN,NaN,NaN,NaN,NaN,NaN,NaN,NaN,NaN,NaN,NaN,NaN,94.891,NaN,NaN,NaN,NaN,NaN,NaN,NaN
92.35,NaN,NaN,96.754,NaN,NaN,NaN,NaN,NaN,NaN,NaN,NaN,NaN,NaN,NaN,NaN,NaN,NaN,NaN,NaN,NaN,NaN,NaN,NaN,NaN,NaN,NaN,NaN,94.086,NaN,NaN,NaN,NaN,NaN,NaN,NaN,NaN,NaN,NaN,96.319,NaN,NaN,NaN,NaN,NaN,NaN,NaN,NaN,NaN,NaN,NaN,NaN,NaN,NaN,NaN,NaN,82.184,NaN,NaN,NaN,NaN,NaN,NaN,83.09,NaN,NaN,NaN,NaN,NaN,NaN,NaN,NaN,NaN,86.679,NaN,NaN,NaN,NaN,NaN,NaN,96.516,NaN,NaN,NaN,NaN,NaN,NaN,NaN,NaN,NaN,NaN,NaN,NaN,NaN,NaN,NaN,NaN,NaN,NaN,NaN,NaN,NaN,NaN,NaN,NaN,NaN,NaN,NaN,NaN,NaN,NaN,NaN,NaN,NaN,NaN,NaN,95.37,NaN,NaN,NaN,NaN,NaN,NaN,NaN
92.482,NaN,NaN,98.261,NaN,NaN,NaN,NaN,NaN,NaN,NaN,NaN,NaN,NaN,NaN,NaN,NaN,NaN,NaN,NaN,NaN,NaN,NaN,NaN,NaN,NaN,NaN,NaN,94.784,NaN,NaN,NaN,NaN,NaN,NaN,NaN,NaN,NaN,NaN,96.419,NaN,NaN,NaN,NaN,NaN,NaN,NaN,NaN,NaN,NaN,NaN,NaN,NaN,NaN,NaN,NaN,85.282,NaN,NaN,NaN,NaN,NaN,NaN,84.891,NaN,NaN,NaN,NaN,NaN,NaN,NaN,NaN,NaN,87.686,NaN,NaN,NaN,NaN,NaN,NaN,97.432,NaN,NaN,NaN,NaN,NaN,NaN,NaN,NaN,NaN,NaN,NaN,NaN,NaN,NaN,NaN,NaN,NaN,NaN,NaN,NaN,NaN,NaN,NaN,NaN,NaN,NaN,NaN,NaN,NaN,NaN,NaN,NaN,NaN,NaN,NaN,95.514,NaN,NaN,NaN,NaN,NaN,NaN,NaN
93.464,NaN,NaN,NaN,NaN,NaN,NaN,NaN,NaN,NaN,NaN,NaN,NaN,NaN,NaN,NaN,NaN,NaN,NaN,NaN,NaN,NaN,NaN,NaN,NaN,NaN,NaN,NaN,95.032,NaN,NaN,NaN,NaN,NaN,NaN,NaN,NaN,NaN,NaN,NaN,NaN,NaN,NaN,NaN,NaN,NaN,NaN,NaN,NaN,NaN,NaN,NaN,NaN,NaN,NaN,NaN,85.982,NaN,NaN,NaN,NaN,NaN,NaN,88.735,NaN,NaN,NaN,NaN,NaN,NaN,NaN,NaN,NaN,88.418,NaN,NaN,NaN,NaN,NaN,NaN,98.991,NaN,NaN,NaN,NaN,NaN,NaN,NaN,NaN,NaN,NaN,NaN,NaN,NaN,NaN,NaN,NaN,NaN,NaN,NaN,NaN,NaN,NaN,NaN,NaN,NaN,NaN,NaN,NaN,NaN,NaN,NaN,NaN,NaN,NaN,NaN,96.084,NaN,NaN,NaN,NaN,NaN,NaN,NaN
93.592,NaN,NaN,NaN,NaN,NaN,NaN,NaN,NaN,NaN,NaN,NaN,NaN,NaN,NaN,NaN,NaN,NaN,NaN,NaN,NaN,NaN,NaN,NaN,NaN,NaN,NaN,NaN,95.183,NaN,NaN,NaN,NaN,NaN,NaN,NaN,NaN,NaN,NaN,NaN,NaN,NaN,NaN,NaN,NaN,NaN,NaN,NaN,NaN,NaN,NaN,NaN,NaN,NaN,NaN,NaN,86.317,NaN,NaN,NaN,NaN,NaN,NaN,95.098,NaN,NaN,NaN,NaN,NaN,NaN,NaN,NaN,NaN,89.722,NaN,NaN,NaN,NaN,NaN,NaN,NaN,NaN,NaN,NaN,NaN,NaN,NaN,NaN,NaN,NaN,NaN,NaN,NaN,NaN,NaN,NaN,NaN,NaN,NaN,NaN,NaN,NaN,NaN,NaN,NaN,NaN,NaN,NaN,NaN,NaN,NaN,NaN,NaN,NaN,NaN,NaN,96.221,NaN,NaN,NaN,NaN,NaN,NaN,NaN
93.735,NaN,NaN,NaN,NaN,NaN,NaN,NaN,NaN,NaN,NaN,NaN,NaN,NaN,NaN,NaN,NaN,NaN,NaN,NaN,NaN,NaN,NaN,NaN,NaN,NaN,NaN,NaN,95.366,NaN,NaN,NaN,NaN,NaN,NaN,NaN,NaN,NaN,NaN,NaN,NaN,NaN,NaN,NaN,NaN,NaN,NaN,NaN,NaN,NaN,NaN,NaN,NaN,NaN,NaN,NaN,86.424,NaN,NaN,NaN,NaN,NaN,NaN,95.191,NaN,NaN,NaN,NaN,NaN,NaN,NaN,NaN,NaN,90.552,NaN,NaN,NaN,NaN,NaN,NaN,NaN,NaN,NaN,NaN,NaN,NaN,NaN,NaN,NaN,NaN,NaN,NaN,NaN,NaN,NaN,NaN,NaN,NaN,NaN,NaN,NaN,NaN,NaN,NaN,NaN,NaN,NaN,NaN,NaN,NaN,NaN,NaN,NaN,NaN,NaN,NaN,96.59,NaN,NaN,NaN,NaN,NaN,NaN,NaN
93.83,NaN,NaN,NaN,NaN,NaN,NaN,NaN,NaN,NaN,NaN,NaN,NaN,NaN,NaN,NaN,NaN,NaN,NaN,NaN,NaN,NaN,NaN,NaN,NaN,NaN,NaN,NaN,95.796,NaN,NaN,NaN,NaN,NaN,NaN,NaN,NaN,NaN,NaN,NaN,NaN,NaN,NaN,NaN,NaN,NaN,NaN,NaN,NaN,NaN,NaN,NaN,NaN,NaN,NaN,NaN,87.258,NaN,NaN,NaN,NaN,NaN,NaN,95.693,NaN,NaN,NaN,NaN,NaN,NaN,NaN,NaN,NaN,92.624,NaN,NaN,NaN,NaN,NaN,NaN,NaN,NaN,NaN,NaN,NaN,NaN,NaN,NaN,NaN,NaN,NaN,NaN,NaN,NaN,NaN,NaN,NaN,NaN,NaN,NaN,NaN,NaN,NaN,NaN,NaN,NaN,NaN,NaN,NaN,NaN,NaN,NaN,NaN,NaN,NaN,NaN,97.259,NaN,NaN,NaN,NaN,NaN,NaN,NaN
95.452,NaN,NaN,NaN,NaN,NaN,NaN,NaN,NaN,NaN,NaN,NaN,NaN,NaN,NaN,NaN,NaN,NaN,NaN,NaN,NaN,NaN,NaN,NaN,NaN,NaN,NaN,NaN,96.796,NaN,NaN,NaN,NaN,NaN,NaN,NaN,NaN,NaN,NaN,NaN,NaN,NaN,NaN,NaN,NaN,NaN,NaN,NaN,NaN,NaN,NaN,NaN,NaN,NaN,NaN,NaN,87.396,NaN,NaN,NaN,NaN,NaN,NaN,96.284,NaN,NaN,NaN,NaN,NaN,NaN,NaN,NaN,NaN,93.722,NaN,NaN,NaN,NaN,NaN,NaN,NaN,NaN,NaN,NaN,NaN,NaN,NaN,NaN,NaN,NaN,NaN,NaN,NaN,NaN,NaN,NaN,NaN,NaN,NaN,NaN,NaN,NaN,NaN,NaN,NaN,NaN,NaN,NaN,NaN,NaN,NaN,NaN,NaN,NaN,NaN,NaN,97.45,NaN,NaN,NaN,NaN,NaN,NaN,NaN
95.595,NaN,NaN,NaN,NaN,NaN,NaN,NaN,NaN,NaN,NaN,NaN,NaN,NaN,NaN,NaN,NaN,NaN,NaN,NaN,NaN,NaN,NaN,NaN,NaN,NaN,NaN,NaN,97.886,NaN,NaN,NaN,NaN,NaN,NaN,NaN,NaN,NaN,NaN,NaN,NaN,NaN,NaN,NaN,NaN,NaN,NaN,NaN,NaN,NaN,NaN,NaN,NaN,NaN,NaN,NaN,90.783,NaN,NaN,NaN,NaN,NaN,NaN,NaN,NaN,NaN,NaN,NaN,NaN,NaN,NaN,NaN,NaN,93.867,NaN,NaN,NaN,NaN,NaN,NaN,NaN,NaN,NaN,NaN,NaN,NaN,NaN,NaN,NaN,NaN,NaN,NaN,NaN,NaN,NaN,NaN,NaN,NaN,NaN,NaN,NaN,NaN,NaN,NaN,NaN,NaN,NaN,NaN,NaN,NaN,NaN,NaN,NaN,NaN,NaN,NaN,97.564,NaN,NaN,NaN,NaN,NaN,NaN,NaN
97.015,NaN,NaN,NaN,NaN,NaN,NaN,NaN,NaN,NaN,NaN,NaN,NaN,NaN,NaN,NaN,NaN,NaN,NaN,NaN,NaN,NaN,NaN,NaN,NaN,NaN,NaN,NaN,98.216,NaN,NaN,NaN,NaN,NaN,NaN,NaN,NaN,NaN,NaN,NaN,NaN,NaN,NaN,NaN,NaN,NaN,NaN,NaN,NaN,NaN,NaN,NaN,NaN,NaN,NaN,NaN,91.066,NaN,NaN,NaN,NaN,NaN,NaN,NaN,NaN,NaN,NaN,NaN,NaN,NaN,NaN,NaN,NaN,93.964,NaN,NaN,NaN,NaN,NaN,NaN,NaN,NaN,NaN,NaN,NaN,NaN,NaN,NaN,NaN,NaN,NaN,NaN,NaN,NaN,NaN,NaN,NaN,NaN,NaN,NaN,NaN,NaN,NaN,NaN,NaN,NaN,NaN,NaN,NaN,NaN,NaN,NaN,NaN,NaN,NaN,NaN,97.734,NaN,NaN,NaN,NaN,NaN,NaN,NaN
97.124,NaN,NaN,NaN,NaN,NaN,NaN,NaN,NaN,NaN,NaN,NaN,NaN,NaN,NaN,NaN,NaN,NaN,NaN,NaN,NaN,NaN,NaN,NaN,NaN,NaN,NaN,NaN,98.32,NaN,NaN,NaN,NaN,NaN,NaN,NaN,NaN,NaN,NaN,NaN,NaN,NaN,NaN,NaN,NaN,NaN,NaN,NaN,NaN,NaN,NaN,NaN,NaN,NaN,NaN,NaN,91.935,NaN,NaN,NaN,NaN,NaN,NaN,NaN,NaN,NaN,NaN,NaN,NaN,NaN,NaN,NaN,NaN,96.987,NaN,NaN,NaN,NaN,NaN,NaN,NaN,NaN,NaN,NaN,NaN,NaN,NaN,NaN,NaN,NaN,NaN,NaN,NaN,NaN,NaN,NaN,NaN,NaN,NaN,NaN,NaN,NaN,NaN,NaN,NaN,NaN,NaN,NaN,NaN,NaN,NaN,NaN,NaN,NaN,NaN,NaN,98.524,NaN,NaN,NaN,NaN,NaN,NaN,NaN
NaN,NaN,NaN,NaN,NaN,NaN,NaN,NaN,NaN,NaN,NaN,NaN,NaN,NaN,NaN,NaN,NaN,NaN,NaN,NaN,NaN,NaN,NaN,NaN,NaN,NaN,NaN,NaN,98.448,NaN,NaN,NaN,NaN,NaN,NaN,NaN,NaN,NaN,NaN,NaN,NaN,NaN,NaN,NaN,NaN,NaN,NaN,NaN,NaN,NaN,NaN,NaN,NaN,NaN,NaN,NaN,92.181,NaN,NaN,NaN,NaN,NaN,NaN,NaN,NaN,NaN,NaN,NaN,NaN,NaN,NaN,NaN,NaN,NaN,NaN,NaN,NaN,NaN,NaN,NaN,NaN,NaN,NaN,NaN,NaN,NaN,NaN,NaN,NaN,NaN,NaN,NaN,NaN,NaN,NaN,NaN,NaN,NaN,NaN,NaN,NaN,NaN,NaN,NaN,NaN,NaN,NaN,NaN,NaN,NaN,NaN,NaN,NaN,NaN,NaN,NaN,NaN,NaN,NaN,NaN,NaN,NaN,NaN,NaN
NaN,NaN,NaN,NaN,NaN,NaN,NaN,NaN,NaN,NaN,NaN,NaN,NaN,NaN,NaN,NaN,NaN,NaN,NaN,NaN,NaN,NaN,NaN,NaN,NaN,NaN,NaN,NaN,98.657,NaN,NaN,NaN,NaN,NaN,NaN,NaN,NaN,NaN,NaN,NaN,NaN,NaN,NaN,NaN,NaN,NaN,NaN,NaN,NaN,NaN,NaN,NaN,NaN,NaN,NaN,NaN,92.304,NaN,NaN,NaN,NaN,NaN,NaN,NaN,NaN,NaN,NaN,NaN,NaN,NaN,NaN,NaN,NaN,NaN,NaN,NaN,NaN,NaN,NaN,NaN,NaN,NaN,NaN,NaN,NaN,NaN,NaN,NaN,NaN,NaN,NaN,NaN,NaN,NaN,NaN,NaN,NaN,NaN,NaN,NaN,NaN,NaN,NaN,NaN,NaN,NaN,NaN,NaN,NaN,NaN,NaN,NaN,NaN,NaN,NaN,NaN,NaN,NaN,NaN,NaN,NaN,NaN,NaN,NaN
NaN,NaN,NaN,NaN,NaN,NaN,NaN,NaN,NaN,NaN,NaN,NaN,NaN,NaN,NaN,NaN,NaN,NaN,NaN,NaN,NaN,NaN,NaN,NaN,NaN,NaN,NaN,NaN,NaN,NaN,NaN,NaN,NaN,NaN,NaN,NaN,NaN,NaN,NaN,NaN,NaN,NaN,NaN,NaN,NaN,NaN,NaN,NaN,NaN,NaN,NaN,NaN,NaN,NaN,NaN,NaN,93.967,NaN,NaN,NaN,NaN,NaN,NaN,NaN,NaN,NaN,NaN,NaN,NaN,NaN,NaN,NaN,NaN,NaN,NaN,NaN,NaN,NaN,NaN,NaN,NaN,NaN,NaN,NaN,NaN,NaN,NaN,NaN,NaN,NaN,NaN,NaN,NaN,NaN,NaN,NaN,NaN,NaN,NaN,NaN,NaN,NaN,NaN,NaN,NaN,NaN,NaN,NaN,NaN,NaN,NaN,NaN,NaN,NaN,NaN,NaN,NaN,NaN,NaN,NaN,NaN,NaN,NaN,NaN
NaN,NaN,NaN,NaN,NaN,NaN,NaN,NaN,NaN,NaN,NaN,NaN,NaN,NaN,NaN,NaN,NaN,NaN,NaN,NaN,NaN,NaN,NaN,NaN,NaN,NaN,NaN,NaN,NaN,NaN,NaN,NaN,NaN,NaN,NaN,NaN,NaN,NaN,NaN,NaN,NaN,NaN,NaN,NaN,NaN,NaN,NaN,NaN,NaN,NaN,NaN,NaN,NaN,NaN,NaN,NaN,94.089,NaN,NaN,NaN,NaN,NaN,NaN,NaN,NaN,NaN,NaN,NaN,NaN,NaN,NaN,NaN,NaN,NaN,NaN,NaN,NaN,NaN,NaN,NaN,NaN,NaN,NaN,NaN,NaN,NaN,NaN,NaN,NaN,NaN,NaN,NaN,NaN,NaN,NaN,NaN,NaN,NaN,NaN,NaN,NaN,NaN,NaN,NaN,NaN,NaN,NaN,NaN,NaN,NaN,NaN,NaN,NaN,NaN,NaN,NaN,NaN,NaN,NaN,NaN,NaN,NaN,NaN,NaN
NaN,NaN,NaN,NaN,NaN,NaN,NaN,NaN,NaN,NaN,NaN,NaN,NaN,NaN,NaN,NaN,NaN,NaN,NaN,NaN,NaN,NaN,NaN,NaN,NaN,NaN,NaN,NaN,NaN,NaN,NaN,NaN,NaN,NaN,NaN,NaN,NaN,NaN,NaN,NaN,NaN,NaN,NaN,NaN,NaN,NaN,NaN,NaN,NaN,NaN,NaN,NaN,NaN,NaN,NaN,NaN,94.326,NaN,NaN,NaN,NaN,NaN,NaN,NaN,NaN,NaN,NaN,NaN,NaN,NaN,NaN,NaN,NaN,NaN,NaN,NaN,NaN,NaN,NaN,NaN,NaN,NaN,NaN,NaN,NaN,NaN,NaN,NaN,NaN,NaN,NaN,NaN,NaN,NaN,NaN,NaN,NaN,NaN,NaN,NaN,NaN,NaN,NaN,NaN,NaN,NaN,NaN,NaN,NaN,NaN,NaN,NaN,NaN,NaN,NaN,NaN,NaN,NaN,NaN,NaN,NaN,NaN,NaN,NaN
NaN,NaN,NaN,NaN,NaN,NaN,NaN,NaN,NaN,NaN,NaN,NaN,NaN,NaN,NaN,NaN,NaN,NaN,NaN,NaN,NaN,NaN,NaN,NaN,NaN,NaN,NaN,NaN,NaN,NaN,NaN,NaN,NaN,NaN,NaN,NaN,NaN,NaN,NaN,NaN,NaN,NaN,NaN,NaN,NaN,NaN,NaN,NaN,NaN,NaN,NaN,NaN,NaN,NaN,NaN,NaN,95.232,NaN,NaN,NaN,NaN,NaN,NaN,NaN,NaN,NaN,NaN,NaN,NaN,NaN,NaN,NaN,NaN,NaN,NaN,NaN,NaN,NaN,NaN,NaN,NaN,NaN,NaN,NaN,NaN,NaN,NaN,NaN,NaN,NaN,NaN,NaN,NaN,NaN,NaN,NaN,NaN,NaN,NaN,NaN,NaN,NaN,NaN,NaN,NaN,NaN,NaN,NaN,NaN,NaN,NaN,NaN,NaN,NaN,NaN,NaN,NaN,NaN,NaN,NaN,NaN,NaN,NaN,NaN
NaN,NaN,NaN,NaN,NaN,NaN,NaN,NaN,NaN,NaN,NaN,NaN,NaN,NaN,NaN,NaN,NaN,NaN,NaN,NaN,NaN,NaN,NaN,NaN,NaN,NaN,NaN,NaN,NaN,NaN,NaN,NaN,NaN,NaN,NaN,NaN,NaN,NaN,NaN,NaN,NaN,NaN,NaN,NaN,NaN,NaN,NaN,NaN,NaN,NaN,NaN,NaN,NaN,NaN,NaN,NaN,95.367,NaN,NaN,NaN,NaN,NaN,NaN,NaN,NaN,NaN,NaN,NaN,NaN,NaN,NaN,NaN,NaN,NaN,NaN,NaN,NaN,NaN,NaN,NaN,NaN,NaN,NaN,NaN,NaN,NaN,NaN,NaN,NaN,NaN,NaN,NaN,NaN,NaN,NaN,NaN,NaN,NaN,NaN,NaN,NaN,NaN,NaN,NaN,NaN,NaN,NaN,NaN,NaN,NaN,NaN,NaN,NaN,NaN,NaN,NaN,NaN,NaN,NaN,NaN,NaN,NaN,NaN,NaN
NaN,NaN,NaN,NaN,NaN,NaN,NaN,NaN,NaN,NaN,NaN,NaN,NaN,NaN,NaN,NaN,NaN,NaN,NaN,NaN,NaN,NaN,NaN,NaN,NaN,NaN,NaN,NaN,NaN,NaN,NaN,NaN,NaN,NaN,NaN,NaN,NaN,NaN,NaN,NaN,NaN,NaN,NaN,NaN,NaN,NaN,NaN,NaN,NaN,NaN,NaN,NaN,NaN,NaN,NaN,NaN,95.513,NaN,NaN,NaN,NaN,NaN,NaN,NaN,NaN,NaN,NaN,NaN,NaN,NaN,NaN,NaN,NaN,NaN,NaN,NaN,NaN,NaN,NaN,NaN,NaN,NaN,NaN,NaN,NaN,NaN,NaN,NaN,NaN,NaN,NaN,NaN,NaN,NaN,NaN,NaN,NaN,NaN,NaN,NaN,NaN,NaN,NaN,NaN,NaN,NaN,NaN,NaN,NaN,NaN,NaN,NaN,NaN,NaN,NaN,NaN,NaN,NaN,NaN,NaN,NaN,NaN,NaN,NaN
NaN,NaN,NaN,NaN,NaN,NaN,NaN,NaN,NaN,NaN,NaN,NaN,NaN,NaN,NaN,NaN,NaN,NaN,NaN,NaN,NaN,NaN,NaN,NaN,NaN,NaN,NaN,NaN,NaN,NaN,NaN,NaN,NaN,NaN,NaN,NaN,NaN,NaN,NaN,NaN,NaN,NaN,NaN,NaN,NaN,NaN,NaN,NaN,NaN,NaN,NaN,NaN,NaN,NaN,NaN,NaN,95.786,NaN,NaN,NaN,NaN,NaN,NaN,NaN,NaN,NaN,NaN,NaN,NaN,NaN,NaN,NaN,NaN,NaN,NaN,NaN,NaN,NaN,NaN,NaN,NaN,NaN,NaN,NaN,NaN,NaN,NaN,NaN,NaN,NaN,NaN,NaN,NaN,NaN,NaN,NaN,NaN,NaN,NaN,NaN,NaN,NaN,NaN,NaN,NaN,NaN,NaN,NaN,NaN,NaN,NaN,NaN,NaN,NaN,NaN,NaN,NaN,NaN,NaN,NaN,NaN,NaN,NaN,NaN
NaN,NaN,NaN,NaN,NaN,NaN,NaN,NaN,NaN,NaN,NaN,NaN,NaN,NaN,NaN,NaN,NaN,NaN,NaN,NaN,NaN,NaN,NaN,NaN,NaN,NaN,NaN,NaN,NaN,NaN,NaN,NaN,NaN,NaN,NaN,NaN,NaN,NaN,NaN,NaN,NaN,NaN,NaN,NaN,NaN,NaN,NaN,NaN,NaN,NaN,NaN,NaN,NaN,NaN,NaN,NaN,95.952,NaN,NaN,NaN,NaN,NaN,NaN,NaN,NaN,NaN,NaN,NaN,NaN,NaN,NaN,NaN,NaN,NaN,NaN,NaN,NaN,NaN,NaN,NaN,NaN,NaN,NaN,NaN,NaN,NaN,NaN,NaN,NaN,NaN,NaN,NaN,NaN,NaN,NaN,NaN,NaN,NaN,NaN,NaN,NaN,NaN,NaN,NaN,NaN,NaN,NaN,NaN,NaN,NaN,NaN,NaN,NaN,NaN,NaN,NaN,NaN,NaN,NaN,NaN,NaN,NaN,NaN,NaN
